{
    "format_version": "1.10.0",
  "minecraft:entity": {
    "description": {
      "identifier": "rhex:mutant_pigzombie_dead",
      "is_spawnable": false,
      "is_summonable": true,
      "is_experimental": false
    },
    "component_groups": 
    {
          "going_dead": {
    "minecraft:timer": {
          "looping": false,
          "time": 5.42,
          "time_down_event": {
            "event": "dead"
            }
          }
          },
    "dead": {
        "minecraft:health": {
        "value": 0,
        "min": 0,
        "max": 0
        },
        "minecraft:spawn_entity": [
	    {
		  "min_wait_time": 0,
		  "max_wait_time": 0,
		  "num_to_spawn": 50,
		  "single_use": true,
		  "spawn_entity": "minecraft:xp_orb"
		}
	  ],
        "minecraft:scale": {
          "value": 0
        }
        },
        "going_healed": {
    "minecraft:is_shaking": {
        },
    "minecraft:timer": {
          "looping": false,
          "time": 7.24,
          "time_down_event": {
            "event": "healed"
            }
          }
          },
          "going_healed2": {
    "minecraft:is_shaking": {
        },
    "minecraft:timer": {
          "looping": false,
          "time": 7.24,
          "time_down_event": {
            "event": "healed2"
            }
          }
          },
          "going_healed3": {
    "minecraft:is_shaking": {
        },
    "minecraft:timer": {
          "looping": false,
          "time": 7.24,
          "time_down_event": {
            "event": "healed3"
            }
          }
          },
          "healed": {
        "minecraft:transformation": {
          "into": "rhex:mutant_pigzombie<minecraft:health_is_in_danger>",
          "delay": 0
          }
        
        },
        "healed2": {
        "minecraft:transformation": {
          "into": "rhex:mutant_pigzombie<minecraft:health_is_in_danger2>",
          "delay": 0
          }
        
        },
        "healed3": {
        "minecraft:transformation": {
          "into": "rhex:mutant_pigzombie<minecraft:health_is_in_danger3>",
          "delay": 0
          }
        }
        },
    "components": {
      "minecraft:behavior.float": {
        "priority": 0
      },
        "minecraft:environment_sensor": {
          "triggers": [
            {
              "filters": {
                "test": "in_water_or_rain",
                "operator": "==",
                "value": true
              },
              "event": "dead"
            }
          ]
        },
      "minecraft:type_family": {
        "family": [ "inanimate", "rhexzombie_pigman" ]
      },
      "minecraft:loot": {
        "table": "loot_tables/mutant/rzombie_pigman.json"
      },
      "minecraft:collision_box": {
        "width": 1.2,
        "height": 2.9
      },
        "minecraft:scale": {
          "value": 1.5
        },
        "minecraft:health": {
        "value": 1,
        "min": 1,
        "max": 1
      },
       "minecraft:knockback_resistance": {
         "value": 1.0
      },
      "minecraft:pushable": {
        "is_pushable": false,
        "is_pushable_by_piston": false
      },
      "minecraft:physics": {
      }
      },
    "events": {
      
      "dead": {
        "add": {
          "component_groups": [
            "dead"
          ]
        }
      },
      "going_healed": {
        "add": {
          "component_groups": [
            "going_healed"
          ]
        }
      },
      "healed2": {
        "add": {
          "component_groups": [
            "healed2"
          ]
        }
      },
      "going_healed2": {
        "add": {
          "component_groups": [
            "going_healed2"
          ]
        }
      },
      "going_healed3": {
      "randomize": [
          {
            "weight": 20,
        "add": {
          "component_groups": [
            "going_healed3"
          ]
        }
      },
      {
      "weight": 20,
        "add": {
          "component_groups": [
            "going_dead"
          ]
        }
      }
      ]
      },
      "going_dead": {
        "add": {
          "component_groups": [
            "going_dead"
          ]
        }
      },
      "healed": {
        "add": {
          "component_groups": [
            "healed"
          ]
        }
      },
      "healed3": {
        "add": {
          "component_groups": [
            "healed3"
          ]
        }
      },
      "minecraft:on_tame": {
        "remove": {
          "component_groups": [
            "minecraft:parrot_wild"
          ]
        },
        "add": {
          "component_groups": [
            "minecraft:parrot_tame"
          ]
        }
      }
    }
  }
}
