{
  "format_version": "1.8.0",
  "minecraft:entity": {
    "description": {
      "identifier": "rhex:mzptarget",
      "is_spawnable": false,
      "is_summonable": true,
      "is_experimental": false,
    "scripts": {
        "animate": [
          "tag"
        ]
      },
      "animations": {
        "tag": "controller.animation.mzptag"
      }
    },

    "component_groups": {
    },

    "components": {
      "minecraft:type_family": {
        "family":["inanimate"]          
      }
    },

    "events": {
    }
  }
}
