{
  "format_version": "1.10.0",
  "minecraft:client_entity": {
    "description": {
      "identifier": "rhex:mutant_snowgolem",
      "materials": { "default": "spider", "sheared": "iron_golem", "block": "iron_golem" }, 
      "textures": {
        "default": "textures/entity/mutant/rsnow_golem",
        "sheared": "textures/entity/mutant/rsnow_golems",
        "block": "textures/entity/ice"
      },
      "geometry": {
        "default": "geometry.Snow_mutant",
        "sheared": "geometry.Snow_mutant_sheared",
        "block": "geometry.Snow_mutant_block"
      },
      "animations": {
      //controler_animation
        "root": "controller.animation.all.root",
        "root2": "controller.animation.mutant.hurt",
        "root3": "controller.animation.mutant.general",
        //animation
        "general": "animation.Enderman_mutant.general",
        "hurt": "animation.Snow_mutant.attack",
        "move": "animation.Snow_mutant.walk",
        "sitting": "animation.Snow_mutant.sit",
        "look_at_target": "animation.mutant.look_at_target"
      },
      "scripts": {
        "animate": [
          "root",
          "root2",
          "root3",
          "root4",
          "root5"
        ]
      }, 
      "render_controllers": [ 
{ "controller.render.iron_golem": "!query.is_sheared" },
{ "controller.render.mssheared": "query.is_sheared" },
 { "controller.render.meblock": "query.is_powered" }
 ],
    "spawn_egg": {
        "texture": "mutantspawneggs",
        "texture_index": 4
      }
    }
  }
}

