{
	"format_version": "1.12.0",
	"minecraft:geometry": [
		{
			"description": {
				"identifier": "geometry.Enderman_mutant",
				"texture_width": 128,
				"texture_height": 64,
				"visible_bounds_width": 7,
				"visible_bounds_height": 7,
				"visible_bounds_offset": [0, 2.5, 0]
			},
			"bones": [
				{
					"name": "All",
					"pivot": [0, 0, 0]
				},
				{
					"name": "Leg",
					"parent": "All",
					"pivot": [-2.5, 35, 8],
					"rotation": [-35.48918, -3.84097, 14.51082],
					"cubes": [
						{"origin": [-4, 14, 6.5], "size": [3, 15, 3], "uv": [92, 0]},
						{"origin": [-4, 29, 6.5], "size": [3, 6, 3], "inflate": 0.25, "uv": [92, 0]}
					]
				},
				{
					"name": "Leg2",
					"parent": "Leg",
					"pivot": [-2.5, 14, 8],
					"rotation": [42.5, 0, 0],
					"cubes": [
						{"origin": [-4, -4, 6.5], "size": [3, 12, 3], "inflate": 0.5, "uv": [104, 0]},
						{"origin": [-4, 8, 6.5], "size": [3, 6, 3], "inflate": 0.25, "uv": [104, 0]}
					]
				},
				{
					"name": "Leg3",
					"parent": "All",
					"pivot": [2.5, 35, 8],
					"rotation": [-35.48918, 3.84097, -14.51082],
					"cubes": [
						{"origin": [1, 14, 6.5], "size": [3, 15, 3], "uv": [92, 0], "mirror": true},
						{"origin": [1, 29, 6.5], "size": [3, 6, 3], "inflate": 0.25, "uv": [92, 0], "mirror": true}
					]
				},
				{
					"name": "Leg4",
					"parent": "Leg3",
					"pivot": [2.5, 14, 8],
					"rotation": [42.5, 0, 0],
					"cubes": [
						{"origin": [1, -4, 6.5], "size": [3, 12, 3], "inflate": 0.5, "uv": [104, 0], "mirror": true},
						{"origin": [1, 8, 6.5], "size": [3, 6, 3], "inflate": 0.25, "uv": [104, 0], "mirror": true}
					]
				},
				{
					"name": "Body",
					"parent": "All",
					"pivot": [0, 34, 8],
					"rotation": [20, 0, 0],
					"cubes": [
						{"origin": [-4, 34, 6], "size": [8, 10, 4], "uv": [32, 0]}
					],
					"locators": {
						"body": [0, 34, 8]
					}
				},
				{
					"name": "Body2",
					"parent": "Body",
					"pivot": [0, 44, 8],
					"rotation": [20, 0, 0],
					"cubes": [
						{"origin": [-5, 44, 5.5], "size": [10, 16, 5], "uv": [51, 9]}
					]
				},
				{
					"name": "Neck",
					"parent": "Body2",
					"pivot": [0, 60, 8],
					"rotation": [15, 0, 0],
					"cubes": [
						{"origin": [-1.5, 60, 6.5], "size": [3, 5, 3], "uv": [32, 13]}
					]
				},
				{
					"name": "Head",
					"parent": "Neck",
					"pivot": [0, 63.5, 7.13397],
					"rotation": [-45, 0, 0],
					"cubes": [
						{"origin": [-4, 66.5, 3.134], "size": [8, 6, 8], "uv": [0, 0]},
						{"origin": [-4, 64.5, 3.134], "size": [8, 2, 8], "uv": [0, 14]}
					]
				},
				{
					"name": "Mouth",
					"parent": "Head",
					"pivot": [0, 66.5, 11.13397],
					"cubes": [
						{"origin": [-4, 62.5, 3.13397], "size": [8, 3, 8], "uv": [0, 13]},
						{"origin": [-4, 64.5, 3.13397], "size": [8, 2, 8], "inflate": 0.1, "uv": [0, 24]}
					]
				},
				{
					"name": "Arm",
					"parent": "Body2",
					"pivot": [-5.5, 57, 7.5],
					"rotation": [-30.039, -0.87694, 19.92401],
					"cubes": [
						{"origin": [-6.57804, 41.19921, 6.58032], "size": [3, 18, 3], "uv": [0, 34]},
						{"origin": [-6.57804, 35.19921, 6.58032], "size": [3, 6, 3], "inflate": 0.25, "uv": [0, 51]}
					]
				},
				{
					"name": "Arm2",
					"parent": "Arm",
					"pivot": [-6.5, 36, 7.5],
					"rotation": [-45, 0, 0],
					"cubes": [
						{"origin": [-6.57804, 13.8441, 6.97659], "size": [3, 22, 3], "inflate": 0.5, "uv": [12, 34]}
					]
				},
				{
					"name": "Allhand",
					"parent": "Arm2",
					"pivot": [-4.5, 14, 8.5],
					"rotation": [0, -30, 0],
					"cubes": [
						{"origin": [-6, 10, 6], "size": [2, 4, 5], "uv": [59, 12]}
					]
				},
				{
					"name": "Block",
					"parent": "Allhand",
					"pivot": [2.60527, 15.73444, -1.66923]
				},
				{
					"name": "Hand",
					"parent": "Allhand",
					"pivot": [-5, 11, 10.5],
					"rotation": [10, 0, 10],
					"cubes": [
						{"origin": [-5.5, 7, 10], "size": [1, 4, 1], "inflate": 0.4, "uv": [76, 0]}
					]
				},
				{
					"name": "Hand2",
					"parent": "Hand",
					"pivot": [-5, 7, 10.5],
					"rotation": [12.5, 0, -25],
					"cubes": [
						{"origin": [-5.5, 3, 10], "size": [1, 4, 1], "inflate": 0.4, "uv": [76, 0]}
					]
				},
				{
					"name": "Hand5",
					"parent": "Allhand",
					"pivot": [-5, 11, 6.5],
					"rotation": [-10, 0, 10],
					"cubes": [
						{"origin": [-5.5, 7, 6], "size": [1, 4, 1], "inflate": 0.4, "uv": [76, 0]}
					]
				},
				{
					"name": "Hand6",
					"parent": "Hand5",
					"pivot": [-5, 7, 6.5],
					"rotation": [-10, 0, -25],
					"cubes": [
						{"origin": [-5.5, 3, 6], "size": [1, 4, 1], "inflate": 0.4, "uv": [76, 0]}
					]
				},
				{
					"name": "Hand7",
					"parent": "Allhand",
					"pivot": [-5, 13, 6.5],
					"rotation": [-35, 0, -5],
					"cubes": [
						{"origin": [-5.5, 10, 6], "size": [1, 3, 1], "inflate": 0.4, "uv": [76, 0]}
					]
				},
				{
					"name": "Hand8",
					"parent": "Hand7",
					"pivot": [-5, 10, 6.5],
					"rotation": [0, 0, -30],
					"cubes": [
						{"origin": [-5.5, 7, 6], "size": [1, 3, 1], "inflate": 0.4, "uv": [76, 0]}
					]
				},
				{
					"name": "Hand3",
					"parent": "Allhand",
					"pivot": [-5, 12, 8.5],
					"rotation": [0, 0, 15],
					"cubes": [
						{"origin": [-5.5, 7, 8], "size": [1, 5, 1], "inflate": 0.4, "uv": [76, 0]}
					]
				},
				{
					"name": "Hand4",
					"parent": "Hand3",
					"pivot": [-5, 7, 8.5],
					"rotation": [0, 0, -20],
					"cubes": [
						{"origin": [-5.5, 2, 8], "size": [1, 5, 1], "inflate": 0.4, "uv": [76, 0]}
					]
				},
				{
					"name": "Arm5",
					"parent": "Body2",
					"pivot": [-5.5, 57, 7.5],
					"rotation": [-30.039, -0.87694, 19.92401],
					"cubes": [
						{"origin": [-6.57804, 41.19921, 6.58032], "size": [3, 18, 3], "uv": [0, 34]},
						{"origin": [-6.57804, 35.19921, 6.58032], "size": [3, 6, 3], "inflate": 0.25, "uv": [0, 51]}
					]
				},
				{
					"name": "Arm6",
					"parent": "Arm5",
					"pivot": [-6.5, 36, 7.5],
					"rotation": [-45, 0, 0],
					"cubes": [
						{"origin": [-6.57804, 13.8441, 6.97659], "size": [3, 22, 3], "inflate": 0.5, "uv": [12, 34]}
					]
				},
				{
					"name": "Allhand3",
					"parent": "Arm6",
					"pivot": [-4.5, 14, 8.5],
					"rotation": [0, -30, 0],
					"cubes": [
						{"origin": [-6, 10, 6], "size": [2, 4, 5], "uv": [59, 12]}
					]
				},
				{
					"name": "Block3",
					"parent": "Allhand3",
					"pivot": [2.60527, 15.73444, -1.66923]
				},
				{
					"name": "Hand17",
					"parent": "Allhand3",
					"pivot": [-5, 11, 10.5],
					"rotation": [10, 0, 10],
					"cubes": [
						{"origin": [-5.5, 7, 10], "size": [1, 4, 1], "inflate": 0.4, "uv": [76, 0]}
					]
				},
				{
					"name": "Hand18",
					"parent": "Hand17",
					"pivot": [-5, 7, 10.5],
					"rotation": [12.5, 0, -25],
					"cubes": [
						{"origin": [-5.5, 3, 10], "size": [1, 4, 1], "inflate": 0.4, "uv": [76, 0]}
					]
				},
				{
					"name": "Hand19",
					"parent": "Allhand3",
					"pivot": [-5, 11, 6.5],
					"rotation": [-10, 0, 10],
					"cubes": [
						{"origin": [-5.5, 7, 6], "size": [1, 4, 1], "inflate": 0.4, "uv": [76, 0]}
					]
				},
				{
					"name": "Hand20",
					"parent": "Hand19",
					"pivot": [-5, 7, 6.5],
					"rotation": [-10, 0, -25],
					"cubes": [
						{"origin": [-5.5, 3, 6], "size": [1, 4, 1], "inflate": 0.4, "uv": [76, 0]}
					]
				},
				{
					"name": "Hand21",
					"parent": "Allhand3",
					"pivot": [-5, 13, 6.5],
					"rotation": [-35, 0, -5],
					"cubes": [
						{"origin": [-5.5, 10, 6], "size": [1, 3, 1], "inflate": 0.4, "uv": [76, 0]}
					]
				},
				{
					"name": "Hand22",
					"parent": "Hand21",
					"pivot": [-5, 10, 6.5],
					"rotation": [0, 0, -30],
					"cubes": [
						{"origin": [-5.5, 7, 6], "size": [1, 3, 1], "inflate": 0.4, "uv": [76, 0]}
					]
				},
				{
					"name": "Hand23",
					"parent": "Allhand3",
					"pivot": [-5, 12, 8.5],
					"rotation": [0, 0, 15],
					"cubes": [
						{"origin": [-5.5, 7, 8], "size": [1, 5, 1], "inflate": 0.4, "uv": [76, 0]}
					]
				},
				{
					"name": "Hand24",
					"parent": "Hand23",
					"pivot": [-5, 7, 8.5],
					"rotation": [0, 0, -20],
					"cubes": [
						{"origin": [-5.5, 2, 8], "size": [1, 5, 1], "inflate": 0.4, "uv": [76, 0]}
					]
				},
				{
					"name": "Arm3",
					"parent": "Body2",
					"pivot": [5.5, 57, 7.5],
					"rotation": [-30.039, 0.87694, -19.92401],
					"cubes": [
						{"origin": [3.57804, 41.19921, 6.58032], "size": [3, 18, 3], "uv": [0, 34], "mirror": true},
						{"origin": [3.57804, 35.19921, 6.58032], "size": [3, 6, 3], "inflate": 0.25, "uv": [0, 51], "mirror": true}
					]
				},
				{
					"name": "Arm4",
					"parent": "Arm3",
					"pivot": [6.5, 36, 7.5],
					"rotation": [-45, 0, 0],
					"cubes": [
						{"origin": [3.57804, 13.8441, 6.97659], "size": [3, 22, 3], "inflate": 0.5, "uv": [12, 34], "mirror": true}
					]
				},
				{
					"name": "Allhand2",
					"parent": "Arm4",
					"pivot": [4.5, 14, 8.5],
					"rotation": [0, 30, 0],
					"cubes": [
						{"origin": [4, 10, 6], "size": [2, 4, 5], "uv": [59, 12], "mirror": true}
					]
				},
				{
					"name": "Block2",
					"parent": "Allhand2",
					"pivot": [-2.60527, 15.73444, -1.66923]
				},
				{
					"name": "Hand9",
					"parent": "Allhand2",
					"pivot": [5, 11, 10.5],
					"rotation": [10, 0, -10],
					"cubes": [
						{"origin": [4.5, 7, 10], "size": [1, 4, 1], "inflate": 0.4, "uv": [76, 0], "mirror": true}
					]
				},
				{
					"name": "Hand10",
					"parent": "Hand9",
					"pivot": [5, 7, 10.5],
					"rotation": [12.5, 0, 25],
					"cubes": [
						{"origin": [4.5, 3, 10], "size": [1, 4, 1], "inflate": 0.4, "uv": [76, 0], "mirror": true}
					]
				},
				{
					"name": "Hand11",
					"parent": "Allhand2",
					"pivot": [5, 11, 6.5],
					"rotation": [-10, 0, -10],
					"cubes": [
						{"origin": [4.5, 7, 6], "size": [1, 4, 1], "inflate": 0.4, "uv": [76, 0], "mirror": true}
					]
				},
				{
					"name": "Hand12",
					"parent": "Hand11",
					"pivot": [5, 7, 6.5],
					"rotation": [-10, 0, 25],
					"cubes": [
						{"origin": [4.5, 3, 6], "size": [1, 4, 1], "inflate": 0.4, "uv": [76, 0], "mirror": true}
					]
				},
				{
					"name": "Hand13",
					"parent": "Allhand2",
					"pivot": [5, 13, 6.5],
					"rotation": [-35, 0, 5],
					"cubes": [
						{"origin": [4.5, 10, 6], "size": [1, 3, 1], "inflate": 0.4, "uv": [76, 0], "mirror": true}
					]
				},
				{
					"name": "Hand14",
					"parent": "Hand13",
					"pivot": [5, 10, 6.5],
					"rotation": [0, 0, 30],
					"cubes": [
						{"origin": [4.5, 7, 6], "size": [1, 3, 1], "inflate": 0.4, "uv": [76, 0], "mirror": true}
					]
				},
				{
					"name": "Hand15",
					"parent": "Allhand2",
					"pivot": [5, 12, 8.5],
					"rotation": [0, 0, -15],
					"cubes": [
						{"origin": [4.5, 7, 8], "size": [1, 5, 1], "inflate": 0.4, "uv": [76, 0], "mirror": true}
					]
				},
				{
					"name": "Hand16",
					"parent": "Hand15",
					"pivot": [5, 7, 8.5],
					"rotation": [0, 0, 20],
					"cubes": [
						{"origin": [4.5, 2, 8], "size": [1, 5, 1], "inflate": 0.4, "uv": [76, 0], "mirror": true}
					]
				},
				{
					"name": "Arm7",
					"parent": "Body2",
					"pivot": [5.5, 57, 7.5],
					"rotation": [-30.039, 0.87694, -19.92401],
					"cubes": [
						{"origin": [3.57804, 41.19921, 6.58032], "size": [3, 18, 3], "uv": [0, 34], "mirror": true},
						{"origin": [3.57804, 35.19921, 6.58032], "size": [3, 6, 3], "inflate": 0.25, "uv": [0, 51], "mirror": true}
					]
				},
				{
					"name": "Arm8",
					"parent": "Arm7",
					"pivot": [6.5, 36, 7.5],
					"rotation": [-45, 0, 0],
					"cubes": [
						{"origin": [3.57804, 13.8441, 6.97659], "size": [3, 22, 3], "inflate": 0.5, "uv": [12, 34], "mirror": true}
					]
				},
				{
					"name": "Allhand4",
					"parent": "Arm8",
					"pivot": [4.5, 14, 8.5],
					"rotation": [0, 30, 0],
					"cubes": [
						{"origin": [4, 10, 6], "size": [2, 4, 5], "uv": [59, 12], "mirror": true}
					]
				},
				{
					"name": "Block4",
					"parent": "Allhand4",
					"pivot": [-2.60527, 15.73444, -1.66923]
				},
				{
					"name": "Hand25",
					"parent": "Allhand4",
					"pivot": [5, 11, 10.5],
					"rotation": [10, 0, -10],
					"cubes": [
						{"origin": [4.5, 7, 10], "size": [1, 4, 1], "inflate": 0.4, "uv": [76, 0], "mirror": true}
					]
				},
				{
					"name": "Hand26",
					"parent": "Hand25",
					"pivot": [5, 7, 10.5],
					"rotation": [12.5, 0, 25],
					"cubes": [
						{"origin": [4.5, 3, 10], "size": [1, 4, 1], "inflate": 0.4, "uv": [76, 0], "mirror": true}
					]
				},
				{
					"name": "Hand27",
					"parent": "Allhand4",
					"pivot": [5, 11, 6.5],
					"rotation": [-10, 0, -10],
					"cubes": [
						{"origin": [4.5, 7, 6], "size": [1, 4, 1], "inflate": 0.4, "uv": [76, 0], "mirror": true}
					]
				},
				{
					"name": "Hand28",
					"parent": "Hand27",
					"pivot": [5, 7, 6.5],
					"rotation": [-10, 0, 25],
					"cubes": [
						{"origin": [4.5, 3, 6], "size": [1, 4, 1], "inflate": 0.4, "uv": [76, 0], "mirror": true}
					]
				},
				{
					"name": "Hand29",
					"parent": "Allhand4",
					"pivot": [5, 13, 6.5],
					"rotation": [-35, 0, 5],
					"cubes": [
						{"origin": [4.5, 10, 6], "size": [1, 3, 1], "inflate": 0.4, "uv": [76, 0], "mirror": true}
					]
				},
				{
					"name": "Hand30",
					"parent": "Hand29",
					"pivot": [5, 10, 6.5],
					"rotation": [0, 0, 30],
					"cubes": [
						{"origin": [4.5, 7, 6], "size": [1, 3, 1], "inflate": 0.4, "uv": [76, 0], "mirror": true}
					]
				},
				{
					"name": "Hand31",
					"parent": "Allhand4",
					"pivot": [5, 12, 8.5],
					"rotation": [0, 0, -15],
					"cubes": [
						{"origin": [4.5, 7, 8], "size": [1, 5, 1], "inflate": 0.4, "uv": [76, 0], "mirror": true}
					]
				},
				{
					"name": "Hand32",
					"parent": "Hand31",
					"pivot": [5, 7, 8.5],
					"rotation": [0, 0, 20],
					"cubes": [
						{"origin": [4.5, 2, 8], "size": [1, 5, 1], "inflate": 0.4, "uv": [76, 0], "mirror": true}
					]
				}
			]
		}
	]
}