{
  "format_version": "1.10.0",
  "minecraft:entity": {
    "description": {
      "identifier": "rhex:mutant_villager",
      "is_spawnable": true,
      "is_summonable": true,
      "is_experimental": false,
      "scripts": {
        "animate": [
           "dead",
          { "attack": "query.is_delayed_attacking" }
         
        ]
      },
      "animations": {
      "dead": "controller.animation.mdead",
        "attack": "animation.mzsmash"
        
      }
    },
  
    "component_groups": {
      "become_witch": {
        "minecraft:transformation": {
          "into": "rhex:mutant_witch",
          "delay": 0.5
        }
      },
      

      "become_zombie": {
        "minecraft:transformation": {
          "into": "rhex:mutant_zombie_villager"
        }
      },

      "behavior_peasant": {
        "minecraft:shareables": {
          "items": [
            {
              "item": "minecraft:bread",
              "want_amount": 3,
              "surplus_amount": 6,
              "stored_in_inventory": true
            },
            {
              "item": "minecraft:carrot",
              "want_amount": 60,
              "surplus_amount": 4,
              "stored_in_inventory": true
            },
            {
              "item": "minecraft:potato",
              "want_amount": 60,
              "surplus_amount": 24,
              "stored_in_inventory": true
            },
            {
              "item": "minecraft:beetroot",
              "want_amount": 60,
              "surplus_amount": 24,
              "stored_in_inventory": true
            },
            {
              "item": "minecraft:wheat_seeds",
              "want_amount": 64,
              "surplus_amount": 64,
              "stored_in_inventory": true
            },
            {
              "item": "minecraft:beetroot_seeds",
              "want_amount": 64,
              "surplus_amount": 64,
              "stored_in_inventory": true
            },
            {
              "item": "minecraft:wheat",
              "want_amount": 45,
              "surplus_amount": 18,
              "craft_into": "minecraft:bread",
              "stored_in_inventory": true
            }
          ]
        },
        "minecraft:behavior.harvest_farm_block": {
          "priority": 9,
          "speed_multiplier": 0.5
        }
      },

      "behavior_non_peasant": {
        "minecraft:shareables": {
          "items": [
            {
              "item": "minecraft:bread",
              "want_amount": 3,
              "surplus_amount": 6,
              "stored_in_inventory": true
            },
            {
              "item": "minecraft:carrot",
              "want_amount": 12,
              "surplus_amount": 24,
              "stored_in_inventory": true
            },
            {
              "item": "minecraft:potato",
              "want_amount": 12,
              "surplus_amount": 24,
              "stored_in_inventory": true
            },
            {
              "item": "minecraft:beetroot",
              "want_amount": 12,
              "surplus_amount": 24,
              "stored_in_inventory": true
            }
          ]
        }
      },

      "farmer":{
        "minecraft:type_family": {
          "family":[ "rhexvillager", "villager", "peasant", "farmer", "mob" ]          
        },
        "minecraft:variant": {
          "value": 0
        },

        "minecraft:behavior.trade_interest": {
          "priority": 5,
          "within_radius": 6.0,
          "interest_time": 45.0,
          "remove_item_time": 1.0,
          "carried_item_switch_time": 2.0,
          "cooldown": 2.0
        },
        "minecraft:economy_trade_table": {
          "display_name": "entity.villager.farmer",
          "table": "trading/economy_trades/farmer_trades.json",
          "new_screen": true,
          "persist_trades": true
        },
        "minecraft:dweller": {
          "dwelling_type": "village",
          "dweller_role": "inhabitant",
          "preferred_profession": "farmer",
          "update_interval_base": 60,
          "update_interval_variant": 40,
          "can_find_poi": true,
          "can_migrate": true,
          "first_founding_reward": 5
        }
      },

      "fisherman":{
        "minecraft:type_family": {
          "family":[ "rhexvillager", "villager", "peasant", "fisherman", "mob" ]          
        },
        "minecraft:variant": {
          "value": 0
        },

        "minecraft:behavior.trade_interest": {
          "priority": 5,
          "within_radius": 6.0,
          "interest_time": 45.0,
          "remove_item_time": 1.0,
          "carried_item_switch_time": 2.0,
          "cooldown": 2.0
        },
        "minecraft:economy_trade_table": {
          "display_name": "entity.villager.fisherman",
          "table": "trading/economy_trades/fisherman_trades.json",
          "new_screen": true,
          "persist_trades": true
        },
        "minecraft:dweller": {
          "dwelling_type": "village",
          "dweller_role": "inhabitant",
          "preferred_profession": "fisherman",
          "update_interval_base": 60,
          "update_interval_variant": 40,
          "can_find_poi": true,
          "can_migrate": true,
          "first_founding_reward": 5
        }
      },

      "shepherd":{
        "minecraft:type_family": {
          "family":[ "rhexvillager", "villager", "peasant", "shepherd", "mob" ]          
        },
        "minecraft:variant": {
          "value": 0
        },

        "minecraft:behavior.trade_interest": {
          "priority": 5,
          "within_radius": 6.0,
          "interest_time": 45.0,
          "remove_item_time": 1.0,
          "carried_item_switch_time": 2.0,
          "cooldown": 2.0
        },
        "minecraft:economy_trade_table": {
          "display_name": "entity.villager.shepherd",
          "table": "trading/economy_trades/shepherd_trades.json",
          "new_screen": true,
          "persist_trades": true
        },
        "minecraft:dweller": {
          "dwelling_type": "village",
          "dweller_role": "inhabitant",
          "preferred_profession": "shepherd",
          "update_interval_base": 60,
          "update_interval_variant": 40,
          "can_find_poi": true,
          "can_migrate": true,
          "first_founding_reward": 5
        }
      },

      "fletcher":{
        "minecraft:type_family": {
          "family":[ "rhexvillager", "villager", "peasant", "fletcher", "mob" ]          
        },
        "minecraft:variant": {
          "value": 0
        },

        "minecraft:behavior.trade_interest": {
          "priority": 5,
          "within_radius": 6.0,
          "interest_time": 45.0,
          "remove_item_time": 1.0,
          "carried_item_switch_time": 2.0,
          "cooldown": 2.0
        },
        "minecraft:economy_trade_table": {
          "display_name": "entity.villager.fletcher",
          "table": "trading/economy_trades/fletcher_trades.json",
          "new_screen": true,
          "persist_trades": true
        },
        "minecraft:dweller": {
          "dwelling_type": "village",
          "dweller_role": "inhabitant",
          "preferred_profession": "fletcher",
          "update_interval_base": 60,
          "update_interval_variant": 40,
          "can_find_poi": true,
          "can_migrate": true,
          "first_founding_reward": 5
        }
      },

      "librarian":{
        "minecraft:type_family": {
          "family":[ "rhexvillager", "villager", "librarian", "mob" ]          
        },
        "minecraft:variant": {
          "value": 1
        },

        "minecraft:behavior.trade_interest": {
          "priority": 5,
          "within_radius": 6.0,
          "interest_time": 45.0,
          "remove_item_time": 1.0,
          "carried_item_switch_time": 2.0,
          "cooldown": 2.0
        },
        "minecraft:economy_trade_table": {
          "display_name": "entity.villager.librarian",
          "table": "trading/economy_trades/librarian_trades.json",
          "new_screen": true,
          "persist_trades": true
        },
        "minecraft:dweller": {
          "dwelling_type": "village",
          "dweller_role": "inhabitant",
          "preferred_profession": "librarian",
          "update_interval_base": 60,
          "update_interval_variant": 40,
          "can_find_poi": true,
          "can_migrate": true,
          "first_founding_reward": 5
        }
      },

      "cartographer":{
        "minecraft:type_family": {
          "family":[ "rhexvillager", "villager", "cartographer", "mob" ]          
        },
        "minecraft:variant": {
          "value": 1
        },

        "minecraft:behavior.trade_interest": {
          "priority": 5,
          "within_radius": 6.0,
          "interest_time": 45.0,
          "remove_item_time": 1.0,
          "carried_item_switch_time": 2.0,
          "cooldown": 2.0
        },
        "minecraft:economy_trade_table": {
          "display_name": "entity.villager.cartographer",
          "table": "trading/economy_trades/cartographer_trades.json",
          "new_screen": true,
          "persist_trades": true
        },
        "minecraft:dweller": {
          "dwelling_type": "village",
          "dweller_role": "inhabitant",
          "preferred_profession": "cartographer",
          "update_interval_base": 60,
          "update_interval_variant": 40,
          "can_find_poi": true,
          "can_migrate": true,
          "first_founding_reward": 5
        }
      },

      "cleric":{
        "minecraft:type_family": {
          "family":[ "rhexvillager", "villager", "priest", "cleric", "mob" ]          
        },
        "minecraft:variant": {
          "value": 2
        },

        "minecraft:behavior.trade_interest": {
          "priority": 5,
          "within_radius": 6.0,
          "interest_time": 45.0,
          "remove_item_time": 1.0,
          "carried_item_switch_time": 2.0,
          "cooldown": 2.0
        },
        "minecraft:economy_trade_table": {
          "display_name": "entity.villager.cleric",
          "table": "trading/economy_trades/cleric_trades.json",
          "new_screen": true,
          "persist_trades": true
        },
        "minecraft:dweller": {
          "dwelling_type": "village",
          "dweller_role": "inhabitant",
          "preferred_profession": "cleric",
          "update_interval_base": 60,
          "update_interval_variant": 40,
          "can_find_poi": true,
          "can_migrate": true,
          "first_founding_reward": 5
        }
      },

      "armorer":{
        "minecraft:type_family": {
          "family":[ "rhexvillager","villager", "blacksmith", "armorer", "mob" ]          
        },
        "minecraft:variant": {
          "value": 3
        },

        "minecraft:behavior.trade_interest": {
          "priority": 5,
          "within_radius": 6.0,
          "interest_time": 45.0,
          "remove_item_time": 1.0,
          "carried_item_switch_time": 2.0,
          "cooldown": 2.0
        },
        "minecraft:economy_trade_table": {
          "display_name": "entity.villager.armor",
          "table": "trading/economy_trades/armorer_trades.json",
          "new_screen": true,
          "persist_trades": true
        },
        "minecraft:dweller": {
          "dwelling_type": "village",
          "dweller_role": "inhabitant",
          "preferred_profession": "armorer",
          "update_interval_base": 60,
          "update_interval_variant": 40,
          "can_find_poi": true,
          "can_migrate": true,
          "first_founding_reward": 5
        }
      },

      "weaponsmith":{
        "minecraft:type_family": {
          "family":[ "rhexvillager","villager", "blacksmith", "weaponsmith", "mob" ]          
        },
        "minecraft:variant": {
          "value": 3
        },

        "minecraft:behavior.trade_interest": {
          "priority": 5,
          "within_radius": 6.0,
          "interest_time": 45.0,
          "remove_item_time": 1.0,
          "carried_item_switch_time": 2.0,
          "cooldown": 2.0
        },
        "minecraft:economy_trade_table": {
          "display_name": "entity.villager.weapon",
          "table": "trading/economy_trades/weapon_smith_trades.json",
          "new_screen": true,
          "persist_trades": true
        },
        "minecraft:dweller": {
          "dwelling_type": "village",
          "dweller_role": "inhabitant",
          "preferred_profession": "weaponsmith",
          "update_interval_base": 60,
          "update_interval_variant": 40,
          "can_find_poi": true,
          "can_migrate": true,
          "first_founding_reward": 5
        }
      },

      "toolsmith":{
        "minecraft:type_family": {
          "family":[ "rhexvillager","villager", "blacksmith", "toolsmith", "mob" ]          
        },
        "minecraft:variant": {
          "value": 3
        },

        "minecraft:behavior.trade_interest": {
          "priority": 5,
          "within_radius": 6.0,
          "interest_time": 45.0,
          "remove_item_time": 1.0,
          "carried_item_switch_time": 2.0,
          "cooldown": 2.0
        },
        "minecraft:economy_trade_table": {
          "display_name": "entity.villager.tool",
          "table": "trading/economy_trades/tool_smith_trades.json",
          "new_screen": true,
          "persist_trades": true
        },
        "minecraft:dweller": {
          "dwelling_type": "village",
          "dweller_role": "inhabitant",
          "preferred_profession": "toolsmith",
          "update_interval_base": 60,
          "update_interval_variant": 40,
          "can_find_poi": true,
          "can_migrate": true,
          "first_founding_reward": 5
        }
      },

      "butcher":{
        "minecraft:type_family": {
          "family":[ "rhexvillager","villager", "artisan", "butcher", "mob" ]          
        },
        "minecraft:variant": {
          "value": 4
        },

        "minecraft:behavior.trade_interest": {
          "priority": 5,
          "within_radius": 6.0,
          "interest_time": 45.0,
          "remove_item_time": 1.0,
          "carried_item_switch_time": 2.0,
          "cooldown": 2.0
        },
        "minecraft:economy_trade_table": {
          "display_name": "entity.villager.butcher",
          "table": "trading/economy_trades/butcher_trades.json",
          "new_screen": true,
          "persist_trades": true
        },
        "minecraft:dweller": {
          "dwelling_type": "village",
          "dweller_role": "inhabitant",
          "preferred_profession": "butcher",
          "update_interval_base": 60,
          "update_interval_variant": 40,
          "can_find_poi": true,
          "can_migrate": true,
          "first_founding_reward": 5
        }
      },

      "leatherworker":{
        "minecraft:type_family": {
          "family":[ "rhexvillager","villager", "artisan", "leatherworker", "mob" ]          
        },
        "minecraft:variant": {
          "value": 4
        },

        "minecraft:behavior.trade_interest": {
          "priority": 5,
          "within_radius": 6.0,
          "interest_time": 45.0,
          "remove_item_time": 1.0,
          "carried_item_switch_time": 2.0,
          "cooldown": 2.0
        },
        "minecraft:economy_trade_table": {
          "display_name": "entity.villager.leather",
          "table": "trading/economy_trades/leather_worker_trades.json",
          "new_screen": true,
          "persist_trades": true
        },
        "minecraft:dweller": {
          "dwelling_type": "village",
          "dweller_role": "inhabitant",
          "preferred_profession": "leatherworker",
          "update_interval_base": 60,
          "update_interval_variant": 40,
          "can_find_poi": true,
          "can_migrate": true,
          "first_founding_reward": 5
        }
      },

"calm": {   
    "minecraft:movement": {
          "value": 0.30
        },
"minecraft:on_target_acquired": {
        "event": "attack",
        "target": "self"
        }
      },
      "angry": {
      "minecraft:movement": {
          "value": 0.45
        },
      "minecraft:on_target_escape": {
        "event": "remove_attack",
        "target": "self"
      }  
      },
      "attack": {
    "minecraft:behavior.delayed_attack": {
          "priority": 3,
          "reach_multiplier": 3,
          "attack_duration": 1.56,
          "hit_delay_pct": 0.7,
          "track_target": true,
          "sound_event": "attack.strong"
        },
        "minecraft:behavior.stalk_and_pounce_on_target": {
                "priority": 1,
                "stalk_speed": 2,
                "max_stalk_dist": 13.0,
                "leap_height": 1.25,
                "leap_dist": 1.5,
                "pounce_max_dist": 12.5,
                "strike_dist": 12.5,
                "interest_time": 0.0001
				},
      "minecraft:behavior.melee_attack": {
        "priority": 3,
        "speed_multiplier": 1,
        "track_target": false
        }
        },
          "start_roar": {
          "minecraft:timer": {
          "looping": true,
			"time": [15, 26],
          "time_down_event": {
          "event": "roar"
          }
          }
          },
        "roar": {
        "minecraft:is_shaking": {
        },
        "minecraft:mob_effect": {
          "effect_range": 10,
          "mob_effect": "weakness",
          "effect_time": 3,
          "entity_filter": {
            "any_of": [
              { "test": "is_family", "subject": "other", "value": "player" },
              { "test": "is_family", "subject": "other", "value": "mob" },
              { "test": "is_family", "subject": "other", "value": "monster" }
            ] 
        }
      },
        "minecraft:spell_effects": {
          "add_effects": [
            {
              "effect": "resistance",
              "amplifier": 255,
              "visible": false,
              "ambient": false,
              "duration": 7
              },
            {
              "effect": "regeneration",
              "amplifier": 3,
              "visible": false,
              "ambient": false,
              "duration": 7
            }
          ]
          },
          "minecraft:spawn_entity": [
	    {
		  "min_wait_time": 3.04,
		  "max_wait_time": 3.04,
		  "num_to_spawn": 3,
		  "single_use": true,
		"spawn_event": "sheared",
		  "spawn_entity": "rhexold:mutant_villager<sheared>"
		},
		{
		"min_wait_time": 0.5,
		  "max_wait_time": 0.5,
		  "num_to_spawn": 1,
		  "single_use": true,
		"spawn_event": "sheared",
		  "spawn_entity": "rhex:mvsmash<sheared>"
		},
		{
		"min_wait_time": 1.0,
		  "max_wait_time": 1.0,
		  "num_to_spawn": 1,
		  "single_use": true,
		"spawn_event": "sheared",
		  "spawn_entity": "rhex:mvsmash<sheared>"
		},
		{
		"min_wait_time": 1.5,
		  "max_wait_time": 1.5,
		  "num_to_spawn": 1,
		  "single_use": true,
		"spawn_event": "sheared",
		  "spawn_entity": "rhex:mvsmash<sheared>"
		},
		{
		"min_wait_time": 2.0,
		  "max_wait_time": 2.0,
		  "num_to_spawn": 1,
		  "single_use": true,
		"spawn_event": "sheared",
		  "spawn_entity": "rhex:mvsmash<sheared>"
		},
		{
		"min_wait_time": 2.5,
		  "max_wait_time": 2.5,
		  "num_to_spawn": 1,
		  "single_use": true,
		"spawn_event": "sheared",
		  "spawn_entity": "rhex:mvsmash<sheared>"
		},
		{
		"min_wait_time": 3.0,
		  "max_wait_time": 3.0,
		  "num_to_spawn": 1,
		  "single_use": true,
		"spawn_event": "sheared",
		  "spawn_entity": "rhex:mvsmash<sheared>"
		},
		{
		"min_wait_time": 3.5,
		  "max_wait_time": 3.5,
		  "num_to_spawn": 1,
		  "single_use": true,
		"spawn_event": "sheared",
		  "spawn_entity": "rhex:mvsmash<sheared>"
		},
		{
		"min_wait_time": 4.0,
		  "max_wait_time": 4.0,
		  "num_to_spawn": 1,
		  "single_use": true,
		"spawn_event": "sheared",
		  "spawn_entity": "rhex:mvsmash<sheared>"
		},
		{
		"min_wait_time": 4.5,
		  "max_wait_time": 4.5,
		  "num_to_spawn": 1,
		  "single_use": true,
		"spawn_event": "sheared",
		  "spawn_entity": "rhex:mvsmash<sheared>"
		},
		{
		"min_wait_time": 5.0,
		  "max_wait_time": 5.0,
		  "num_to_spawn": 1,
		  "single_use": true,
		"spawn_event": "sheared",
		  "spawn_entity": "rhex:mvsmash<sheared>"
		},
		{
		"min_wait_time": 5.5,
		  "max_wait_time": 5.5,
		  "num_to_spawn": 1,
		  "single_use": true,
		"spawn_event": "sheared",
		  "spawn_entity": "rhex:mvsmash<sheared>"
		},
		{
		"min_wait_time": 6.0,
		  "max_wait_time": 6.0,
		  "num_to_spawn": 1,
		  "single_use": true,
		"spawn_event": "sheared",
		  "spawn_entity": "rhex:mvsmash<sheared>"
		},
		{
		"min_wait_time": 6.5,
		  "max_wait_time": 6.5,
		  "num_to_spawn": 1,
		  "single_use": true,
		"spawn_event": "sheared",
		  "spawn_entity": "rhex:mvsmash<sheared>"
		}
	  ],
	
          "minecraft:behavior.knockback_roar": {
          "priority": 0,
          "duration": 6.76,
          "attack_time": 0.2,
          "knockback_damage": 16,
          "knockback_strength": 7,
          "knockback_range": 10,
          "knockback_filters": {
            "test": "is_family",
            "subject": "other",
            "operator": "!=",
            "value": "villager"
          },
          "damage_filters": {
            "test": "is_family",
            "subject": "other",
            "operator": "!=",
            "value": "villager"
          },
          "cooldown_time": 99999
        },
          "minecraft:timer": {
          "looping": true,
			"time": [6.76, 6.76],
          "time_down_event": {
          "event": "attack"
          }
          }
          },
          "spell": {
      "minecraft:spell_effects": {
          "add_effects": [
            {
              "effect": "resistance",
              "amplifier": 2,
              "visible": false,
              "ambient": false,
              "duration": 999999
              },
            {
              "effect": "regeneration",
              "amplifier": 1,
              "visible": false,
              "ambient": false,
              "duration": 999999
            }
          ]
          }
          },
          "smash":{
          "minecraft:spawn_entity": [
	    {
		  "min_wait_time": 0,
		  "max_wait_time": 0,
		  "num_to_spawn": 1,
		  "single_use": true,
		  "spawn_entity": "rhex:mvsmash"
		}
	  ]
	},
	"dead": {
      "minecraft:scale": {
        "value": 0.0
      },
"minecraft:transformation": {
          "into": "rhex:mutant_villager_dead",
          "delay": 0
          }
        }
        },
    "components": {
      "minecraft:type_family": {
        "family": ["rhexvillager","villager", "mob"]
      },

      "minecraft:breathable": {
        "total_supply": 15,
        "suffocate_time": 0
      },
      "minecraft:health": {
        "value": 150,
        "max": 150
      },
      "minecraft:knockback_resistance": {
        "value": 1.0
      },
      "minecraft:scale": {
        "value": 1.5
      },
      "minecraft:attack": {
        "damage": 16
      },
      "minecraft:hurt_on_condition": {
        "damage_conditions": [
          {
            "filters": { "test": "in_lava", "subject": "self", "operator": "==", "value": true },
            "cause": "lava",
            "damage_per_tick": 4
          }
        ]
      },
      "minecraft:collision_box": {
        "width": 1.2,
        "height": 2.9
      },
      "minecraft:nameable": {
      },
      "minecraft:navigation.walk": {
        "is_amphibious": true,
        "can_path_over_water": true,
        "can_pass_doors": true,
        "can_open_doors": true,
        "can_walk": true,
        "avoid_water": true
      },
      "minecraft:annotation.open_door": {

      },
      "minecraft:movement.basic": {
      },
      "minecraft:jump.static": {
      },
      "minecraft:can_climb": {
      },
      "minecraft:inventory": {
        "inventory_size": 24,
        "private": true
      },
      "minecraft:damage_sensor": {
        "triggers": [
          {
            "on_damage": {
              "filters": { "test" :  "is_family", "subject" : "other", "value" :  "lightning" },
              "event": "become_witch"
            },
            "deals_damage": false
          },
          {
            "on_damage": {
              "filters": {
                "any_of": [
                  {"test": "is_family", "subject": "other", "value": "zombie"},
                  {"test": "is_family", "subject": "other", "value": "husk"}
                ],
                "all_of": [
                  {"test": "has_damage", "value": "fatal"}
                ]
              },
              "event": "become_zombie"
            }
          }
        ]
      },
      "minecraft:rideable": {
          "seat_count": 1,
          "interact_text": "action.interact.mount",
          "seats": {
            "position": [ 0.0, 2.38, -0.3.25 ]
          }
        },
        "minecraft:input_ground_controlled": {
        },
      "minecraft:behavior.nearest_attackable_target": {
        "priority": 3,
        "entity_types": [
          {
            "filters": { "test" :  "is_family", "subject" : "other", "value" :  "monster"},
            "max_dist": 45,
            "must_see": true,
            "within_default": 45
          }
        ]
      },
      "minecraft:boss": {
        "name":"§4§LMUTANT VILLAGER",
        "should_darken_sky": false,
        "hud_range": 14
      },
      "minecraft:follow_range": {
        "value": 64
      },
      "minecraft:persistent": {
      },
      "minecraft:behavior.float": {
        "priority": 0
      },
      "minecraft:behavior.trade_with_player": {
        "priority": 1
      },
      "minecraft:behavior.look_at_trading_player": {
        "priority": 2
      },
      "minecraft:behavior.move_indoors": {
        "priority": 4,
        "speed_multiplier": 0.8
      },
      "minecraft:behavior.restrict_open_door": {
        "priority": 5
      },
      "minecraft:behavior.open_door": {
        "priority": 6,
        "close_door_after": true
      },
      "minecraft:behavior.move_towards_restriction": {
        "priority": 7,
        "speed_multiplier": 0.6
      },
      "minecraft:behavior.share_items": {
        "priority": 8,
        "max_dist": 3,
        "goal_radius":  2.0,
        "speed_multiplier": 0.5,
        "entity_types": [
          {
            "filters": { "test" :  "is_family", "subject" : "other", "value" :  "villager"}
          }
        ]
      },
      "minecraft:behavior.pickup_items": {
        "priority": 9,
        "max_dist": 3,
        "goal_radius": 2,
        "speed_multiplier": 0.5,
        "can_pickup_to_hand_or_equipment": false
      },
      "minecraft:behavior.random_stroll": {
        "priority": 11,
        "speed_multiplier": 0.6
      },
      "minecraft:break_blocks": {
        "breakable_blocks": [

          "bamboo_sapling",
          "beetroot",
          "brown_mushroom",
          "carrots",
          "carved_pumpkin",
          "chorus_flower",
          "chorus_plant",
          "lit_pumpkin",
          "melon_stem",
          "potatoes",
          "pumpkin",
          "pumpkin_stem",
          "red_flower",
          "red_mushroom",
          "reeds",
          "sapling",
          "sweet_berry_bush",
          "vine",
          "waterlily",
          "yellow_flower",
          "bamboo",
          "wheat",
          "oak_stairs",
          "spruce_stairs",
          "dark_oak_stairs",
          "birch_stairs",
          "acacia_stairs",
          "carved_pumpkin",
          "leaves",
          "leaves2",
          "lit_pumpkin",
          "melon_block",
          "spruce_door",
          "oak_door",
          "birch_door",
          "acacia_door",
          "ice",
          "dark_oak_door",
          "turtle_egg",
          "wood_planks",
          "fence",
          "redstone_wire",
          "glass",
          "glass_pane",
          "slab",
          "wool",
          "bed",
          "planks",
          "ladder",
          "scaffolding",
          "trapdoor",
          "acacia_trapdoor",
          "planks_jungle",
          "cactus"
        ]
      },
      "minecraft:behavior.look_at_player": {
        "priority": 12,
        "look_distance": 8,
        "probability": 0.02
      },
        "minecraft:physics": {
      },
      "minecraft:pushable": {
        "is_pushable": true,
        "is_pushable_by_piston": true
      }
    },
    "events":{
    "smash": {
        "add": {
          "component_groups": [
            "smash"
          ]
        }
      },
      "attack": {
        "remove": {
          "component_groups": [
            "roar",
            "calm"
          ]
        },
        "add": {
          "component_groups": [
          "spell",
            "attack",
            "angry",
            "start_roar"
          ]
        }
      },
      "roar": {
        "add": {
          "component_groups": [
            "roar"
          ]
        },
        "remove": {
          "component_groups": [
          "spell",
            "attack"
          ]
        }
      },
      "remove_attack": {
        "remove": {
          "component_groups": [
            "attack",
            "roar",
            "angry",
            "start_roar"
          ]
        },
        "add": {
          "component_groups": [
          "spell",
            "calm"
          ]
        }
      },
      "mutant": {
        "add": {
          "component_groups": [
          "spell", "minecraft:normal_health", "calm"
          ]
        }
      },
      "become_witch": {
        "add": {
          "component_groups": [
            "become_witch"
          ]
        }
      },
      "dead": {
        "add": {
          "component_groups": [
            "dead"
          ]
        }
      },
      "become_zombie": {
        "sequence": [
          {
            "filters": {"test": "is_difficulty", "value": "normal"},
            "randomize": [
              {
                "weight": 50,
                "add": { "component_groups": [ "become_zombie" ] }
              },
              {
                "weight": 50
              }
            ]
          },
          {
            "filters": {"test": "is_difficulty", "value": "hard"},
            "add": {
              "component_groups": [
                "become_zombie"
              ]
            }
          }
        ]
      },
      "minecraft:entity_spawned": {
        "sequence": [
          {
            "filters": { "test": "has_component", "operator": "!=", "value": "minecraft:variant" },
            "randomize": [
              {
                "weight": 95,
                "add": { "component_groups": [ "spell", "minecraft:normal_health", "calm" ] }
              }
            ]
          },
          {
            "filters": { "test": "has_component", "operator": "!=", "value": "minecraft:variant" },
            "randomize": [
              {
                "weight": 5,
                "add": { "component_groups": [ "farmer", "behavior_peasant", "spell", "minecraft:normal_health", "calm" ] }
              },
              {
                "weight": 5,
                "add": { "component_groups": [ "fisherman", "behavior_peasant", "spell", "minecraft:normal_health", "calm" ] }
              },
              {
                "weight": 5,
                "add": { "component_groups": [ "shepherd", "behavior_peasant", "spell", "minecraft:normal_health", "calm" ] }
              },
              {
                "weight": 5,
                "add": { "component_groups": [ "fletcher", "behavior_peasant", "spell", "minecraft:normal_health", "calm" ] }
              },
              {
                "weight": 20,
                "add": { "component_groups": [ "librarian", "behavior_non_peasant", "spell", "minecraft:normal_health", "calm" ] }
              },
              {
                "weight": 20,
                "add": { "component_groups": [ "cartographer", "behavior_non_peasant", "spell", "minecraft:normal_health", "calm" ] }
              },
              {
                "weight": 20,
                "add": { "component_groups": [ "cleric", "behavior_non_peasant", "spell", "minecraft:normal_health", "calm" ] }
              },
              {
                "weight": 6,
                "add": { "component_groups": [ "armorer", "behavior_non_peasant", "spell", "minecraft:normal_health", "calm" ] }
              },
              {
                "weight": 6,
                "add": { "component_groups": [ "weaponsmith", "behavior_non_peasant", "spell", "minecraft:normal_health", "calm" ] }
              },
              {
                "weight": 6,
                "add": { "component_groups": [ "toolsmith", "behavior_non_peasant", "spell", "minecraft:normal_health", "calm" ] }
              },
              {
                "weight": 10,
                "add": { "component_groups": [ "butcher", "behavior_non_peasant", "spell", "minecraft:normal_health", "calm" ] }
              },
              {
                "weight": 10,
                "add": { "component_groups": [ "leatherworker", "behavior_non_peasant", "spell", "minecraft:normal_health", "calm" ] }
              }
            ]
          }
        ]
        
      },
"mutant": {
        "sequence": [
          {
            "filters": { "test": "has_component", "operator": "!=", "value": "minecraft:variant" },
            "randomize": [
              {
                "weight": 95,
                "add": { "component_groups": [ "spell", "minecraft:normal_health", "calm" ] }
              }
            ]
          },
          {
            "filters": { "test": "has_component", "operator": "!=", "value": "minecraft:variant" },
            "randomize": [
              {
                "weight": 5,
                "add": { "component_groups": [ "farmer", "behavior_peasant", "spell", "minecraft:normal_health", "calm" ] }
              },
              {
                "weight": 5,
                "add": { "component_groups": [ "fisherman", "behavior_peasant", "spell", "minecraft:normal_health", "calm" ] }
              },
              {
                "weight": 5,
                "add": { "component_groups": [ "shepherd", "behavior_peasant", "spell", "minecraft:normal_health", "calm" ] }
              },
              {
                "weight": 5,
                "add": { "component_groups": [ "fletcher", "behavior_peasant", "spell", "minecraft:normal_health", "calm" ] }
              },
              {
                "weight": 20,
                "add": { "component_groups": [ "librarian", "behavior_non_peasant", "spell", "minecraft:normal_health", "calm" ] }
              },
              {
                "weight": 20,
                "add": { "component_groups": [ "cartographer", "behavior_non_peasant", "spell", "minecraft:normal_health", "calm" ] }
              },
              {
                "weight": 20,
                "add": { "component_groups": [ "cleric", "behavior_non_peasant", "spell", "minecraft:normal_health", "calm" ] }
              },
              {
                "weight": 6,
                "add": { "component_groups": [ "armorer", "behavior_non_peasant", "spell", "minecraft:normal_health", "calm" ] }
              },
              {
                "weight": 6,
                "add": { "component_groups": [ "weaponsmith", "behavior_non_peasant", "spell", "minecraft:normal_health", "calm" ] }
              },
              {
                "weight": 6,
                "add": { "component_groups": [ "toolsmith", "behavior_non_peasant", "spell", "minecraft:normal_health", "calm" ] }
              },
              {
                "weight": 10,
                "add": { "component_groups": [ "butcher", "behavior_non_peasant", "spell", "minecraft:normal_health", "calm" ] }
              },
              {
                "weight": 10,
                "add": { "component_groups": [ "leatherworker", "behavior_non_peasant", "spell", "minecraft:normal_health", "calm" ] }
              }
            ]
          }
        ]
        
      },
      "minecraft:entity_transformed": {
        "sequence": [
          // Transform baby zombie to baby villager
          {
            "filters": { "test": "has_component", "subject": "other", "value": "minecraft:is_baby" },
            "add": { "component_groups": [ "baby" ] }
          },
          // Transform adult zombie to adult villager
          {
            "filters": { "test": "has_component", "subject": "other", "operator": "!=", "value": "minecraft:is_baby" },
            "add": { "component_groups": [ "adult" ] }
          },

          // Transform farmer zombie to farmer villager
          {
            "filters": { "test": "is_family", "subject": "other", "value": "farmer"},
            "add": { "component_groups": [ "farmer", "behavior_peasant" ] }
          },
          // Transform fisherman zombie to fisherman villager
          {
            "filters": { "test": "is_family", "subject": "other", "value": "fisherman"},
            "add": { "component_groups": [ "fisherman", "behavior_peasant" ] }
          },
          // Transform shepherd zombie to shepherd villager
          {
            "filters": { "test": "is_family", "subject": "other", "value": "shepherd" },
            "add": { "component_groups": [ "shepherd", "behavior_peasant" ] }
          },
          // Transform fletcher zombie to fletcher villager
          {
            "filters": { "test": "is_family", "subject": "other", "value": "fletcher" },
            "add": { "component_groups": [ "fletcher", "behavior_peasant" ] }
          },
          // Transform librarian zombie to librarian villager
          {
            "filters": { "test": "is_family", "subject": "other", "value": "librarian" },
            "add": { "component_groups": [ "librarian", "behavior_non_peasant" ] }
          },
          // Transform cartographer zombie to cartographer villager
          {
            "filters": { "test": "is_family", "subject": "other", "value": "cartographer" },
            "add": { "component_groups": [ "cartographer", "behavior_non_peasant" ] }
          },
          // Transform cleric zombie to cleric villager
          {
            "filters": { "test": "is_family", "subject": "other", "value": "cleric" },
            "add": { "component_groups": [ "cleric", "behavior_non_peasant" ] }
          },
          // Transform armorer zombie to armorer villager
          {
            "filters": { "test": "is_family", "subject": "other", "value": "armorer" },
            "add": { "component_groups": [ "armorer", "behavior_non_peasant" ] }
          },
          // Transform weaponsmith zombie to weaponsmith villager
          {
            "filters": { "test": "is_family", "subject": "other", "value": "weaponsmith" },
            "add": { "component_groups": [ "weaponsmith", "behavior_non_peasant" ] }
          },
          // Transform toolsmith zombie to toolsmith villager
          {
            "filters": { "test": "is_family", "subject": "other", "value": "toolsmith" },
            "add": { "component_groups": [ "toolsmith", "behavior_non_peasant" ] }
          },
          // Transform butcher zombie to butcher villager
          {
            "filters": { "test": "is_family", "subject": "other", "value": "butcher" },
            "add": { "component_groups": [ "butcher", "behavior_non_peasant" ] }
          },
          // Transform leatherworker zombie to leatherworker villager
          {
            "filters": { "test": "is_family", "subject": "other", "value": "leatherworker" },
            "add": { "component_groups": [ "leatherworker", "behavior_non_peasant" ] }
          }
        ]
      },

      "minecraft:entity_born": {
        "sequence": [
          {
            "add": { "component_groups": [ "baby" ] }
          },
          {
            "randomize": [
              {
                "weight": 5,
                "add": { "component_groups": [ "farmer", "behavior_peasant" ] }
              },
              {
                "weight": 5,
                "add": { "component_groups": [ "fisherman", "behavior_peasant" ] }
              },
              {
                "weight": 5,
                "add": { "component_groups": [ "shepherd", "behavior_peasant" ] }
              },
              {
                "weight": 5,
                "add": { "component_groups": [ "fletcher", "behavior_peasant" ] }
              },
              {
                "weight": 20,
                "add": { "component_groups": [ "librarian", "behavior_non_peasant" ] }
              },
              {
                "weight": 20,
                "add": { "component_groups": [ "cartographer", "behavior_non_peasant" ] }
              },
              {
                "weight": 20,
                "add": { "component_groups": [ "cleric", "behavior_non_peasant" ] }
              },
              {
                "weight": 6,
                "add": { "component_groups": [ "armorer", "behavior_non_peasant" ] }
              },
              {
                "weight": 6,
                "add": { "component_groups": [ "weaponsmith", "behavior_non_peasant" ] }
              },
              {
                "weight": 6,
                "add": { "component_groups": [ "toolsmith", "behavior_non_peasant" ] }
              },
              {
                "weight": 10,
                "add": { "component_groups": [ "butcher", "behavior_non_peasant" ] }
              },
              {
                "weight": 10,
                "add": { "component_groups": [ "leatherworker", "behavior_non_peasant" ] }
              }
            ]
          }
        ]
      },

      "minecraft:spawn_farmer": {
        "randomize": [
          {
            "weight": 5,
            "add": { "component_groups": [ "farmer", "adult", "behavior_peasant" ] },
            "remove": { "component_groups": [ "baby" ] }
          },
          {
            "weight": 5,
            "add": { "component_groups": [ "fisherman", "adult", "behavior_peasant" ] },
            "remove": { "component_groups": [ "baby" ] }
          },
          {
            "weight": 5,
            "add": { "component_groups": [ "shepherd", "adult", "behavior_peasant" ] },
            "remove": { "component_groups": [ "baby" ] }
          },
          {
            "weight": 5,
            "add": { "component_groups": [ "fletcher", "adult", "behavior_peasant" ] },
            "remove": { "component_groups": [ "baby" ] }
          }
        ]
      },

      "minecraft:spawn_librarian": {
        "randomize": [
          {
            "weight": 20,
            "add": { "component_groups": [ "librarian", "adult", "behavior_non_peasant" ] },
            "remove": { "component_groups": [ "baby" ] }
          },
          {
            "weight": 20,
            "add": { "component_groups": [ "cartographer", "behavior_non_peasant" ] },
            "remove": { "component_groups": [ "baby" ] }
          }
        ]
      },

      "minecraft:spawn_cleric": {
        "add": { "component_groups": [ "cleric", "adult", "behavior_non_peasant" ] },
        "remove": { "component_groups": [ "baby" ] }
      },

      "minecraft:spawn_armorer": {
        "randomize": [
          {
            "weight": 6,
            "add": { "component_groups": [ "armorer", "adult", "behavior_non_peasant" ] },
            "remove": { "component_groups": [ "baby" ] }
          },
          {
            "weight": 6,
            "add": { "component_groups": [ "weaponsmith", "adult", "behavior_non_peasant" ] },
            "remove": { "component_groups": [ "baby" ] }
          },
          {
            "weight": 6,
            "add": { "component_groups": [ "toolsmith", "adult", "behavior_non_peasant" ] },
            "remove": { "component_groups": [ "baby" ] }
          }
        ]
      },

      "minecraft:spawn_butcher": {
        "randomize": [
          {
            "weight": 10,
            "add": { "component_groups": [ "butcher", "adult", "behavior_non_peasant" ] },
            "remove": { "component_groups": [ "baby" ] }
          },
          {
            "weight": 10,
            "add": { "component_groups": [ "leatherworker", "adult", "behavior_non_peasant" ] },
            "remove": { "component_groups": [ "baby" ] }
          }
        ]
      },

      "minecraft:ageable_grow_up": {
        "sequence": [
          {
            "remove": { "component_groups": [ "baby" ] },
            "add": { "component_groups": [ "adult" ] }
          }
        ]
      },

      "minecraft:become_cleric": {
        "add": { "component_groups": [ "cleric", "adult", "behavior_non_peasant" ] },
        "remove": { "component_groups": [ "baby" ] }
      }
    }
  }
}
