{
  "format_version": "1.8.0",
  "minecraft:entity": {
    "description": {
      "identifier": "rhex:ms_bone",
      "is_spawnable": false,
      "is_summonable": true,
      "is_experimental": false,
    "scripts": {
        "animate": [
          "clear"
        ]
      },
      "animations": {
        "clear": "controller.animation.bonetpms"
      }
    },

    "component_groups": {
    "k":{
    "minecraft:knockback_resistance": {"value": 0.5}},
"1":{
"minecraft:variant": { "value": 0 }},
"2":{
"minecraft:variant": { "value": 1 }},
"3":{
"minecraft:variant": { "value": 2 }},
"4":{
"minecraft:variant": { "value": 3 }},
"5":{
"minecraft:variant": { "value": 4 }},
"6":{
"minecraft:variant": { "value": 5 }},
"7":{
"minecraft:variant": { "value": 6 }},
"8":{
"minecraft:variant": { "value": 7 }},
"9":{
"minecraft:variant": { "value": 8 }},
"10":{
"minecraft:variant": { "value": 9 }}},
    "components": {
      "minecraft:collision_box": {
        "width": 0.5,
        "height": 0.25
      },
      "minecraft:scale": {
        "value": 1.10
      },
      "minecraft:timer": {
          "looping": false,
			"time": [0, 0],
          "time_down_event": {
          "event": "root"
          
          }
          },
      "minecraft:physics": {
      },
      "minecraft:type_family": {
        "family":["bone"]          
      }
    },

    "events":{
    "root": {
        "randomize": [
          {
            "weight": 20,
            "add": {
              "component_groups": [
                "1"
              ]
            }
          },
          {
            "weight": 20,
            "add": {
              "component_groups": [
                "2"
              ]
            }
          },
          {
            "weight": 20,
            "add": {
              "component_groups": [
                "3"
              ]
            }
          },
          {
            "weight": 20,
            "add": {
              "component_groups": [
                "4"
              ]
            }
          },
          {
            "weight": 20,
            "add": {
              "component_groups": [
                "5"
              ]
            }
          },
          {
          "weight": 20,
            "add": {
              "component_groups": [
                "6"
              ]
            }
          },
          {
            "weight": 20,
            "add": {
              "component_groups": [
                "7"
              ]
            }
          },
          {
            "weight": 20,
            "add": {
              "component_groups": [
                "8"
              ]
            }
          },
          {
            "weight": 20,
            "add": {
              "component_groups": [
                "9"
              ]
            }
          },
          {
            "weight": 20,
            "add": {
              "component_groups": [
                "10"
              ]
            }
          },
          {
          "weight": 20,
            "add": {
              "component_groups": [
                "1",
                "k"
              ]
            }
          },
          {
            "weight": 20,
            "add": {
              "component_groups": [
                "2",
                "k"
              ]
            }
          },
          {
            "weight": 20,
            "add": {
              "component_groups": [
                "3",
                "k"
              ]
            }
          },
          {
            "weight": 20,
            "add": {
              "component_groups": [
                "4",
                "k"
              ]
            }
          },
          {
            "weight": 20,
            "add": {
              "component_groups": [
                "5",
                "k"
              ]
            }
          },
          {
          "weight": 20,
            "add": {
              "component_groups": [
                "6",
                "k"
              ]
            }
          },
          {
            "weight": 20,
            "add": {
              "component_groups": [
                "7",
                "k"
              ]
            }
          },
          {
            "weight": 20,
            "add": {
              "component_groups": [
                "8",
                "k"
              ]
            }
          },
          {
            "weight": 20,
            "add": {
              "component_groups": [
                "9",
                "k"
              ]
            }
          },
          {
            "weight": 20,
            "add": {
              "component_groups": [
                "10",
                "k"
              ]
            }
          }
        ]
      }
    }
  }
}
