{
	"format_version": "1.12.0",
	"minecraft:geometry": [
		{
			"description": {
				"identifier": "geometry.Fangs_mutant",
				"texture_width": 64,
				"texture_height": 32,
				"visible_bounds_width": 2,
				"visible_bounds_height": 3.5,
				"visible_bounds_offset": [0, 1.25, 0]
			},
			"bones": [
				{
					"name": "Head",
					"pivot": [0, 0, 0],
					"cubes": [
						{"origin": [-5, 0, -5], "size": [10, 12, 10], "uv": [0, 0]}
					]
				},
				{
					"name": "Jaw",
					"parent": "Head",
					"pivot": [-1, 12, 0],
					"cubes": [
						{"origin": [-3, -2, -4], "size": [4, 14, 8], "pivot": [-1, 12, 0], "rotation": [180, 0, 0], "uv": [40, 0], "mirror": true}
					]
				},
				{
					"name": "Jaw2",
					"parent": "Head",
					"pivot": [1, 12, 0],
					"cubes": [
						{"origin": [-1, -2, -4], "size": [4, 14, 8], "pivot": [1, 12, 0], "rotation": [180, 180, 0], "uv": [40, 0], "mirror": true}
					]
				},
				{
					"name": "Jaw3",
					"parent": "Head",
					"pivot": [0, 12, -1],
					"cubes": [
						{"origin": [-2, -2, -5], "size": [4, 14, 8], "pivot": [0, 12, -1], "rotation": [180, -90, 0], "uv": [40, 0], "mirror": true}
					]
				},
				{
					"name": "Jaw4",
					"parent": "Head",
					"pivot": [0, 12, 1],
					"cubes": [
						{"origin": [-2, -2, -3], "size": [4, 14, 8], "pivot": [0, 12, 1], "rotation": [180, 90, 0], "uv": [40, 0], "mirror": true}
					]
				}
			]
		}
	]
}