{
	"format_version": "1.12.0",
	"minecraft:geometry": [
		{
			"description": {
				"identifier": "geometry.Head2",
				"texture_width": 128,
				"texture_height": 128,
				"visible_bounds_width": 4,
				"visible_bounds_height": 6.5,
				"visible_bounds_offset": [0, 2.75, 0]
			},
			"bones": [
				{
					"name": "Head",
					"pivot": [0, 0.03044, 0.69725],
					"rotation": [35, 0, 30],
					"cubes": [
						{"origin": [-4, 0.03044, -3.30275], "size": [8, 8, 8], "uv": [0, 0]}
					]
				},
				{
					"name": "Mouth",
					"parent": "Head",
					"pivot": [0, 2.03044, 4.69725],
					"cubes": [
						{"origin": [-4, 0.03044, -3.30275], "size": [8, 2, 8], "inflate": 0.25, "uv": [72, 5]}
					]
				}
			]
		}
	]
}