{
	"format_version": "1.12.0",
	"minecraft:geometry": [
		{
			"description": {
				"identifier": "geometry.hugeplayer",
				"texture_width": 16,
				"texture_height": 16,
				"visible_bounds_width": 3,
				"visible_bounds_height": 3,
				"visible_bounds_offset": [0, 1.5, 0]
			},
			"bones": [
				{
					"name": "waist",
					"pivot": [0, 0, 0]
				},
				{
					"name": "body",
					"parent": "waist",
					"pivot": [-0.02044, 18.23705, 0.34907],
					"cubes": [
						{
							"origin": [-1, 24.75, -6.5],
							"size": [5.75, 5.75, 2.5],
							"pivot": [7.5, 14, 9.25],
							"rotation": [0, 22.5, 0],
							"uv": {
								"north": {"uv": [5, 5.5], "uv_size": [1, 0.75]},
								"east": {"uv": [5, 5.5], "uv_size": [0.5, 0.75]},
								"south": {"uv": [5, 5.5], "uv_size": [1, 0.75]},
								"west": {"uv": [5.5, 5.5], "uv_size": [0.5, 0.75]},
								"up": {"uv": [6, 5.75], "uv_size": [-1, -0.25]},
								"down": {"uv": [5, 6], "uv_size": [1, 0.25]}
							}
						},
						{
							"origin": [-4.75, 24.75, -6.5],
							"size": [5.75, 5.75, 2.5],
							"pivot": [-7.5, 14, 9.25],
							"rotation": [0, -22.5, 0],
							"uv": {
								"north": {"uv": [6, 5.5], "uv_size": [1, 0.75]},
								"east": {"uv": [6, 5.5], "uv_size": [0.5, 0.75]},
								"south": {"uv": [6, 5.5], "uv_size": [1, 0.75]},
								"west": {"uv": [6.5, 5.5], "uv_size": [0.5, 0.75]},
								"up": {"uv": [7, 5.75], "uv_size": [-1, -0.25]},
								"down": {"uv": [6, 6], "uv_size": [1, 0.25]}
							}
						},
						{
							"origin": [-2.25, 30, -1.25],
							"size": [4.75, 2, 4],
							"uv": {
								"north": {"uv": [5.5, 5], "uv_size": [1, 0.5]},
								"east": {"uv": [5, 4.75], "uv_size": [0.5, 0.5]},
								"south": {"uv": [8.5, 5], "uv_size": [1, 0.5]},
								"west": {"uv": [6.5, 4.75], "uv_size": [0.5, 0.5]}
							}
						},
						{
							"origin": [0.5, 23.3, -3],
							"size": [3, 1.95, 1.25],
							"uv": {
								"north": {"uv": [6.25, 6], "uv_size": [0.75, 0.45]},
								"east": {"uv": [6.25, 6], "uv_size": [0.75, 0.45]},
								"south": {"uv": [6.25, 6], "uv_size": [0.75, 0.45]},
								"west": {"uv": [6.25, 6], "uv_size": [0.75, 0.45]},
								"up": {"uv": [7, 6.45], "uv_size": [-0.75, -0.45]},
								"down": {"uv": [6.25, 6], "uv_size": [0.75, 0.45]}
							}
						},
						{
							"origin": [-3.5, 23.3, -3],
							"size": [3, 1.95, 1.25],
							"uv": {
								"north": {"uv": [5, 6], "uv_size": [0.75, 0.45]},
								"east": {"uv": [5, 6], "uv_size": [0.75, 0.45]},
								"south": {"uv": [5, 6], "uv_size": [0.75, 0.45]},
								"west": {"uv": [5, 6], "uv_size": [0.75, 0.45]},
								"up": {"uv": [5.75, 6.45], "uv_size": [-0.75, -0.45]},
								"down": {"uv": [5, 6], "uv_size": [0.75, 0.45]}
							}
						},
						{
							"origin": [-2.75, 21.65, -2.75],
							"size": [2.5, 1.5, 1],
							"uv": {
								"north": {"uv": [5, 6.5], "uv_size": [0.75, 0.5]},
								"east": {"uv": [5, 6.5], "uv_size": [0.75, 0.5]},
								"south": {"uv": [5, 6.5], "uv_size": [0.75, 0.5]},
								"west": {"uv": [5, 6.5], "uv_size": [0.75, 0.5]},
								"up": {"uv": [5.75, 7], "uv_size": [-0.75, -0.5]},
								"down": {"uv": [5, 6.5], "uv_size": [0.75, 0.5]}
							}
						},
						{
							"origin": [0.25, 21.65, -2.75],
							"size": [2.5, 1.5, 1],
							"uv": {
								"north": {"uv": [6.25, 6.5], "uv_size": [0.75, 0.5]},
								"east": {"uv": [6.25, 6.5], "uv_size": [0.75, 0.5]},
								"south": {"uv": [6.25, 6.5], "uv_size": [0.75, 0.5]},
								"west": {"uv": [6.25, 6.5], "uv_size": [0.75, 0.5]},
								"up": {"uv": [7, 7], "uv_size": [-0.75, -0.5]},
								"down": {"uv": [6.25, 6.5], "uv_size": [0.75, 0.5]}
							}
						},
						{
							"origin": [-2.35, 20, -2.6],
							"size": [2.25, 1.5, 0.85],
							"uv": {
								"north": {"uv": [5, 6.75], "uv_size": [0.75, 0.5]},
								"east": {"uv": [5, 6.75], "uv_size": [0.75, 0.5]},
								"south": {"uv": [5, 6.75], "uv_size": [0.75, 0.5]},
								"west": {"uv": [5, 6.75], "uv_size": [0.75, 0.5]},
								"up": {"uv": [5.75, 7.25], "uv_size": [-0.75, -0.5]},
								"down": {"uv": [5, 6.75], "uv_size": [0.75, 0.5]}
							}
						},
						{
							"origin": [0.1, 20, -2.6],
							"size": [2.25, 1.5, 0.85],
							"uv": {
								"north": {"uv": [6.25, 6.75], "uv_size": [0.75, 0.5]},
								"east": {"uv": [6.25, 6.75], "uv_size": [0.75, 0.5]},
								"south": {"uv": [6.25, 6.75], "uv_size": [0.75, 0.5]},
								"west": {"uv": [6.25, 6.75], "uv_size": [0.75, 0.5]},
								"up": {"uv": [7, 7.25], "uv_size": [-0.75, -0.5]},
								"down": {"uv": [6.25, 6.75], "uv_size": [0.75, 0.5]}
							}
						},
						{
							"origin": [-2.05, 18.25, -2.5],
							"size": [2, 1.5, 0.75],
							"uv": {
								"north": {"uv": [5, 7], "uv_size": [0.75, 0.5]},
								"east": {"uv": [5, 7], "uv_size": [0.75, 0.5]},
								"south": {"uv": [5, 7], "uv_size": [0.75, 0.5]},
								"west": {"uv": [5, 7], "uv_size": [0.75, 0.5]},
								"up": {"uv": [5.75, 7.5], "uv_size": [-0.75, -0.5]},
								"down": {"uv": [5, 7], "uv_size": [0.75, 0.5]}
							}
						},
						{
							"origin": [0.05, 18.25, -2.5],
							"size": [2, 1.5, 0.75],
							"uv": {
								"north": {"uv": [6.25, 7], "uv_size": [0.75, 0.5]},
								"east": {"uv": [6.25, 7], "uv_size": [0.75, 0.5]},
								"south": {"uv": [6.25, 7], "uv_size": [0.75, 0.5]},
								"west": {"uv": [6.25, 7], "uv_size": [0.75, 0.5]},
								"up": {"uv": [7, 7.5], "uv_size": [-0.75, -0.5]},
								"down": {"uv": [6.25, 7], "uv_size": [0.75, 0.5]}
							}
						},
						{
							"origin": [-2.75, 18, -1.75],
							"size": [5.5, 8, 5],
							"uv": {
								"north": {"uv": [7, 6], "uv_size": [2, 1.5]},
								"east": {"uv": [4, 6.25], "uv_size": [1, 1.5]},
								"south": {"uv": [8, 5], "uv_size": [2, 2.5]},
								"west": {"uv": [7, 6.25], "uv_size": [1, 1.5]},
								"down": {"uv": [7, 4], "uv_size": [2, 1]}
							}
						},
						{
							"origin": [-3.9616, 23.82686, -1.75],
							"size": [4.75, 6, 5],
							"pivot": [-6.4616, 16.82686, 9.25],
							"rotation": [0, 0, 22.5],
							"uv": {
								"north": {"uv": [5, 6], "uv_size": [4.75, 6]},
								"south": {"uv": [8, 6], "uv_size": [4.75, 6]},
								"west": {"uv": [7, 6], "uv_size": [5, 6]},
								"down": {"uv": [7, 4], "uv_size": [4.75, 5]}
							}
						},
						{
							"origin": [-0.96539, 17.97347, -1.75],
							"size": [4.75, 6, 5],
							"pivot": [-8.21539, 14.97347, 9.25],
							"rotation": [0, 0, -22.5],
							"uv": {
								"north": {"uv": [5, 6], "uv_size": [4.75, 6]},
								"east": {"uv": [4, 6], "uv_size": [5, 6]},
								"south": {"uv": [8, 6], "uv_size": [4.75, 6]},
								"down": {"uv": [7, 4], "uv_size": [4.75, 5]}
							}
						},
						{
							"origin": [-5.5, 23.75, -2.25],
							"size": [11.25, 6.25, 5.8],
							"uv": {
								"north": {"uv": [5, 5.5], "uv_size": [2, 1.25]},
								"east": {"uv": [4, 5.5], "uv_size": [1, 1.25]},
								"south": {"uv": [8, 5.5], "uv_size": [2, 1.25]},
								"west": {"uv": [7, 5.5], "uv_size": [1, 1.25]},
								"up": {"uv": [10, 5.75], "uv_size": [-2, -0.75]},
								"down": {"uv": [8, 5], "uv_size": [2, 0.75]}
							}
						},
						{
							"origin": [-5.04105, 34.25, -1.25],
							"size": [4.75, 1.75, 4],
							"pivot": [-10.29105, 14.58859, 9.25],
							"rotation": [0, 0, 22.5],
							"uv": {
								"north": {"uv": [6.5, 5], "uv_size": [0.5, 0.5]},
								"south": {"uv": [8, 5], "uv_size": [0.5, 0.5]},
								"west": {"uv": [7, 5], "uv_size": [0.5, 0.5]},
								"up": {"uv": [10, 13], "uv_size": [-1, -1]}
							}
						},
						{
							"origin": [0.54105, 34.25, -1.25],
							"size": [4.75, 1.75, 4],
							"pivot": [10.54105, 14.58859, 9.25],
							"rotation": [0, 0, -22.5],
							"uv": {
								"north": {"uv": [6.5, 5], "uv_size": [0.5, 0.5]},
								"east": {"uv": [7, 5], "uv_size": [0.5, 0.5]},
								"south": {"uv": [8, 5], "uv_size": [0.5, 0.5]},
								"up": {"uv": [12, 5], "uv_size": [-1, -1]}
							}
						},
						{
							"origin": [1.25, 16.25, -1],
							"size": [3.25, 3, 3.75],
							"uv": {
								"north": {"uv": [5.25, 7.5], "uv_size": [0.5, 0.5]},
								"east": {"uv": [5.25, 7.5], "uv_size": [0.5, 0.5]},
								"south": {"uv": [5.25, 7.5], "uv_size": [0.5, 0.5]},
								"west": {"uv": [5.25, 7.5], "uv_size": [0.5, 0.5]},
								"up": {"uv": [5.75, 8], "uv_size": [-0.5, -0.5]},
								"down": {"uv": [5.25, 7.5], "uv_size": [0.5, 0.5]}
							}
						},
						{
							"origin": [-0.5, 14, 2.25],
							"size": [2.75, 3, 3.75],
							"pivot": [-7.5, 15, 9.25],
							"rotation": [0, 22.5, 0],
							"uv": {
								"north": {"uv": [5.25, 7.5], "uv_size": [0.5, 0.5]},
								"east": {"uv": [5.25, 7.5], "uv_size": [0.5, 0.5]},
								"south": {"uv": [9.5, 7.5], "uv_size": [0.5, 0.5]},
								"west": {"uv": [5.25, 7.5], "uv_size": [0.5, 0.5]},
								"up": {"uv": [5.75, 8], "uv_size": [-0.5, -0.5]},
								"down": {"uv": [5.25, 7.5], "uv_size": [0.5, 0.5]}
							}
						},
						{
							"origin": [-3.5, 14, -3.5],
							"size": [2.75, 3, 3.75],
							"pivot": [-7.5, 15, 9.25],
							"rotation": [0, -22.5, 0],
							"uv": {
								"north": {"uv": [6, 7.5], "uv_size": [0.5, 0.5]},
								"east": {"uv": [6, 7.5], "uv_size": [0.5, 0.5]},
								"south": {"uv": [8.25, 7.5], "uv_size": [0.5, 0.5]},
								"west": {"uv": [6, 7.5], "uv_size": [0.5, 0.5]},
								"up": {"uv": [6.5, 8], "uv_size": [-0.5, -0.5]},
								"down": {"uv": [6, 7.5], "uv_size": [0.5, 0.5]}
							}
						},
						{
							"origin": [-1.5, 14, -0.75],
							"size": [3, 3, 3.75],
							"uv": {
								"north": {"uv": [5.75, 7.5], "uv_size": [0.5, 0.5]},
								"east": {"uv": [5.75, 7.5], "uv_size": [0.5, 0.5]},
								"south": {"uv": [5.25, 7.5], "uv_size": [0.5, 0.5]},
								"west": {"uv": [5.75, 7.5], "uv_size": [0.5, 0.5]},
								"up": {"uv": [6.25, 8], "uv_size": [-0.5, -0.5]},
								"down": {"uv": [5.75, 7.5], "uv_size": [0.5, 0.5]}
							}
						},
						{
							"origin": [-1.75, 16.5, -1],
							"size": [3.5, 3, 4],
							"uv": {
								"north": {"uv": [5.25, 7.5], "uv_size": [0.5, 0.5]},
								"east": {"uv": [5.25, 7.5], "uv_size": [0.5, 0.5]},
								"south": {"uv": [5.25, 7.5], "uv_size": [0.5, 0.5]},
								"west": {"uv": [5.25, 7.5], "uv_size": [0.5, 0.5]},
								"up": {"uv": [5.75, 8], "uv_size": [-0.5, -0.5]},
								"down": {"uv": [5.25, 7.5], "uv_size": [0.5, 0.5]}
							}
						},
						{
							"origin": [-4.25, 16.25, -1],
							"size": [3.25, 3, 3.75],
							"uv": {
								"north": {"uv": [5.25, 7.5], "uv_size": [0.5, 0.5]},
								"east": {"uv": [5.25, 7.5], "uv_size": [0.5, 0.5]},
								"south": {"uv": [5.25, 7.5], "uv_size": [0.5, 0.5]},
								"west": {"uv": [5.25, 7.5], "uv_size": [0.5, 0.5]},
								"up": {"uv": [5.75, 8], "uv_size": [-0.5, -0.5]},
								"down": {"uv": [5.25, 7.5], "uv_size": [0.5, 0.5]}
							}
						},
						{
							"origin": [-2.25, 17.75, -1.25],
							"size": [4.75, 5.25, 1],
							"uv": {
								"north": {"uv": [5.25, 5.5], "uv_size": [1.5, 0.75]},
								"up": {"uv": [6.75, 5.75], "uv_size": [-1.5, -0.25]},
								"down": {"uv": [5.25, 5.5], "uv_size": [1.5, 0.25]}
							}
						}
					]
				},
				{
					"name": "head",
					"parent": "body",
					"pivot": [0, 31.9, -1],
					"cubes": [
						{
							"origin": [-2, 31.9, -3],
							"size": [4, 4, 4],
							"uv": {
								"north": {"uv": [2, 2], "uv_size": [2, 2]},
								"east": {"uv": [0, 2], "uv_size": [2, 2]},
								"south": {"uv": [6, 2], "uv_size": [2, 2]},
								"west": {"uv": [4, 2], "uv_size": [2, 2]},
								"up": {"uv": [4, 2], "uv_size": [-2, -2]},
								"down": {"uv": [4, 0], "uv_size": [2, 2]}
							}
						}
					]
				},
				{
					"name": "rightArm",
					"parent": "body",
					"pivot": [-5.82353, 29.11193, 0.54062],
					"cubes": [
						{
							"origin": [-6.85884, 13.44194, -1.4],
							"size": [4.55, 7.8, 4.3],
							"pivot": [14.29116, 26.84194, 9.25],
							"rotation": [0, 0, 22.5],
							"uv": {
								"north": {"uv": [9, 13], "uv_size": [1, 1.75]},
								"east": {"uv": [8, 13], "uv_size": [1, 1.75]},
								"south": {"uv": [11, 13], "uv_size": [1, 1.75]},
								"west": {"uv": [10, 13], "uv_size": [1, 1.75]},
								"up": {"uv": [10, 13], "uv_size": [-1, -1]},
								"down": {"uv": [9, 14], "uv_size": [1, 1]}
							}
						},
						{
							"origin": [-10.25884, 15.34194, -1.05],
							"size": [3.85, 7.1, 3.6],
							"uv": {
								"north": {"uv": [9, 14.25], "uv_size": [1, 1.5]},
								"east": {"uv": [8, 14.25], "uv_size": [1, 1.5]},
								"south": {"uv": [11, 14.25], "uv_size": [1, 1.5]},
								"west": {"uv": [10, 14.25], "uv_size": [1, 1.5]},
								"up": {"uv": [10, 15.25], "uv_size": [-1, -1]},
								"down": {"uv": [9, 14.75], "uv_size": [1, 1]}
							}
						},
						{
							"origin": [-9.50884, 11.34194, -0.55],
							"size": [1.85, 4.1, 2.6],
							"uv": {
								"north": {"uv": [9, 16], "uv_size": [1, -1]},
								"east": {"uv": [8, 16], "uv_size": [1, -1]},
								"south": {"uv": [11, 16], "uv_size": [1, -1]},
								"west": {"uv": [10, 16], "uv_size": [1, -1]},
								"down": {"uv": [9, 16], "uv_size": [1, -1]}
							}
						},
						{
							"origin": [-12.05884, 21.64194, -1.35],
							"size": [1.15, 3.3, 0.85],
							"pivot": [14.29116, 26.84194, 9.25],
							"rotation": [0, 0, -22.5],
							"uv": {
								"north": {"uv": [9, 16], "uv_size": [0.25, -0.5]},
								"east": {"uv": [9, 16], "uv_size": [0.25, -0.5]},
								"south": {"uv": [9, 16], "uv_size": [0.25, -0.5]},
								"west": {"uv": [9, 16], "uv_size": [0.25, -0.5]},
								"up": {"uv": [9.25, 15.5], "uv_size": [-0.25, 0.5]},
								"down": {"uv": [9, 16], "uv_size": [0.25, -0.5]}
							}
						},
						{
							"origin": [-13.92573, 18.64442, -0.7],
							"size": [1.05, 2.7, 0.65],
							"pivot": [13.22427, 27.14442, 10.05],
							"rotation": [0, 0, -22.5],
							"uv": {
								"north": {"uv": [9, 16], "uv_size": [0.25, -0.5]},
								"east": {"uv": [9, 16], "uv_size": [0.25, -0.5]},
								"south": {"uv": [9, 16], "uv_size": [0.25, -0.5]},
								"west": {"uv": [9, 16], "uv_size": [0.25, -0.5]},
								"up": {"uv": [9.25, 15.5], "uv_size": [-0.25, 0.5]},
								"down": {"uv": [9, 16], "uv_size": [0.25, -0.5]}
							}
						},
						{
							"origin": [-13.92573, 18.64442, 0],
							"size": [1.05, 2.7, 0.65],
							"pivot": [13.22427, 27.14442, 10.05],
							"rotation": [0, 0, -22.5],
							"uv": {
								"north": {"uv": [9, 16], "uv_size": [0.25, -0.5]},
								"east": {"uv": [9, 16], "uv_size": [0.25, -0.5]},
								"south": {"uv": [9, 16], "uv_size": [0.25, -0.5]},
								"west": {"uv": [9, 16], "uv_size": [0.25, -0.5]},
								"up": {"uv": [9.25, 15.5], "uv_size": [-0.25, 0.5]},
								"down": {"uv": [9, 16], "uv_size": [0.25, -0.5]}
							}
						},
						{
							"origin": [-13.92573, 18.64442, 0.8],
							"size": [1.05, 2.7, 0.65],
							"pivot": [13.22427, 27.14442, 10.05],
							"rotation": [0, 0, -22.5],
							"uv": {
								"north": {"uv": [9, 16], "uv_size": [0.25, -0.5]},
								"east": {"uv": [9, 16], "uv_size": [0.25, -0.5]},
								"south": {"uv": [9, 16], "uv_size": [0.25, -0.5]},
								"west": {"uv": [9, 16], "uv_size": [0.25, -0.5]},
								"up": {"uv": [9.25, 15.5], "uv_size": [-0.25, 0.5]},
								"down": {"uv": [9, 16], "uv_size": [0.25, -0.5]}
							}
						},
						{
							"origin": [-13.92573, 18.64442, 1.6],
							"size": [1.05, 2.7, 0.65],
							"pivot": [13.22427, 27.14442, 10.05],
							"rotation": [0, 0, -22.5],
							"uv": {
								"north": {"uv": [9, 16], "uv_size": [0.25, -0.5]},
								"east": {"uv": [9, 16], "uv_size": [0.25, -0.5]},
								"south": {"uv": [9, 16], "uv_size": [0.25, -0.5]},
								"west": {"uv": [9, 16], "uv_size": [0.25, -0.5]},
								"up": {"uv": [9.25, 15.5], "uv_size": [-0.25, 0.5]},
								"down": {"uv": [9, 16], "uv_size": [0.25, -0.5]}
							}
						}
					]
				},
				{
				"name": "rightItem",
        "pivot": [ -9, 15, 1 ],
        "neverRender": true,
        "parent": "rightArm"
      },

      {
					"name": "leftArm",
					"parent": "body",
					"pivot": [5.82353, 29.11193, 0.54062],
					"cubes": [
						{
							"origin": [2.30884, 13.44194, -1.4],
							"size": [4.55, 7.8, 4.3],
							"pivot": [-14.29116, 26.84194, 9.25],
							"rotation": [0, 0, -22.5],
							"uv": {
								"north": {"uv": [10, 13], "uv_size": [-1, 1.75]},
								"east": {"uv": [11, 13], "uv_size": [-1, 1.75]},
								"south": {"uv": [12, 13], "uv_size": [-1, 1.75]},
								"west": {"uv": [9, 13], "uv_size": [-1, 1.75]},
								"up": {"uv": [9, 13], "uv_size": [1, -1]},
								"down": {"uv": [10, 14], "uv_size": [-1, 1]}
							}
						},
						{
							"origin": [6.40884, 15.34194, -1.05],
							"size": [3.85, 7.1, 3.6],
							"uv": {
								"north": {"uv": [10, 14.25], "uv_size": [-1, 1.5]},
								"east": {"uv": [11, 14.25], "uv_size": [-1, 1.5]},
								"south": {"uv": [12, 14.25], "uv_size": [-1, 1.5]},
								"west": {"uv": [9, 14.25], "uv_size": [-1, 1.5]},
								"up": {"uv": [9, 15.25], "uv_size": [1, -1]},
								"down": {"uv": [10, 14.75], "uv_size": [-1, 1]}
							}
						},
						{
							"origin": [7.65884, 11.34194, -0.55],
							"size": [1.85, 4.1, 2.6],
							"uv": {
								"north": {"uv": [10, 16], "uv_size": [-1, -1]},
								"east": {"uv": [11, 16], "uv_size": [-1, -1]},
								"south": {"uv": [12, 16], "uv_size": [-1, -1]},
								"west": {"uv": [9, 16], "uv_size": [-1, -1]},
								"down": {"uv": [10, 16], "uv_size": [-1, -1]}
							}
						},
						{
							"origin": [10.90884, 21.64194, -1.35],
							"size": [1.15, 3.3, 0.85],
							"pivot": [-14.29116, 26.84194, 9.25],
							"rotation": [0, 0, 22.5],
							"uv": {
								"north": {"uv": [9.25, 16], "uv_size": [-0.25, -0.5]},
								"east": {"uv": [9.25, 16], "uv_size": [-0.25, -0.5]},
								"south": {"uv": [9.25, 16], "uv_size": [-0.25, -0.5]},
								"west": {"uv": [9.25, 16], "uv_size": [-0.25, -0.5]},
								"up": {"uv": [9, 15.5], "uv_size": [0.25, 0.5]},
								"down": {"uv": [9.25, 16], "uv_size": [-0.25, -0.5]}
							}
						},
						{
							"origin": [12.87573, 18.64442, -0.7],
							"size": [1.05, 2.7, 0.65],
							"pivot": [-13.22427, 27.14442, 10.05],
							"rotation": [0, 0, 22.5],
							"uv": {
								"north": {"uv": [9.25, 16], "uv_size": [-0.25, -0.5]},
								"east": {"uv": [9.25, 16], "uv_size": [-0.25, -0.5]},
								"south": {"uv": [9.25, 16], "uv_size": [-0.25, -0.5]},
								"west": {"uv": [9.25, 16], "uv_size": [-0.25, -0.5]},
								"up": {"uv": [9, 15.5], "uv_size": [0.25, 0.5]},
								"down": {"uv": [9.25, 16], "uv_size": [-0.25, -0.5]}
							}
						},
						{
							"origin": [12.87573, 18.64442, 0],
							"size": [1.05, 2.7, 0.65],
							"pivot": [-13.22427, 27.14442, 10.05],
							"rotation": [0, 0, 22.5],
							"uv": {
								"north": {"uv": [9.25, 16], "uv_size": [-0.25, -0.5]},
								"east": {"uv": [9.25, 16], "uv_size": [-0.25, -0.5]},
								"south": {"uv": [9.25, 16], "uv_size": [-0.25, -0.5]},
								"west": {"uv": [9.25, 16], "uv_size": [-0.25, -0.5]},
								"up": {"uv": [9, 15.5], "uv_size": [0.25, 0.5]},
								"down": {"uv": [9.25, 16], "uv_size": [-0.25, -0.5]}
							}
						},
						{
							"origin": [12.87573, 18.64442, 0.8],
							"size": [1.05, 2.7, 0.65],
							"pivot": [-13.22427, 27.14442, 10.05],
							"rotation": [0, 0, 22.5],
							"uv": {
								"north": {"uv": [9.25, 16], "uv_size": [-0.25, -0.5]},
								"east": {"uv": [9.25, 16], "uv_size": [-0.25, -0.5]},
								"south": {"uv": [9.25, 16], "uv_size": [-0.25, -0.5]},
								"west": {"uv": [9.25, 16], "uv_size": [-0.25, -0.5]},
								"up": {"uv": [9, 15.5], "uv_size": [0.25, 0.5]},
								"down": {"uv": [9.25, 16], "uv_size": [-0.25, -0.5]}
							}
						},
						{
							"origin": [12.87573, 18.64442, 1.6],
							"size": [1.05, 2.7, 0.65],
							"pivot": [-13.22427, 27.14442, 10.05],
							"rotation": [0, 0, 22.5],
							"uv": {
								"north": {"uv": [9.25, 16], "uv_size": [-0.25, -0.5]},
								"east": {"uv": [9.25, 16], "uv_size": [-0.25, -0.5]},
								"south": {"uv": [9.25, 16], "uv_size": [-0.25, -0.5]},
								"west": {"uv": [9.25, 16], "uv_size": [-0.25, -0.5]},
								"up": {"uv": [9, 15.5], "uv_size": [0.25, 0.5]},
								"down": {"uv": [9.25, 16], "uv_size": [-0.25, -0.5]}
							}
						}
					]
				},
				{
					"name": "rightLeg",
					"parent": "body",
					"pivot": [-2, 14.37477, 1.26821],
					"cubes": [
						{
							"origin": [-3.75, 6.62431, -1.07038],
							"size": [3.5, 6, 3.5],
							"pivot": [0, 9.12431, 5.17962],
							"rotation": [-22.5, 0, 0],
							"uv": {
								"north": {"uv": [1, 5], "uv_size": [1, 1.25]},
								"east": {"uv": [4, 13], "uv_size": [1, 1.25]},
								"south": {"uv": [1, 5], "uv_size": [1, 1.25]},
								"west": {"uv": [6, 13], "uv_size": [1, 1.25]},
								"up": {"uv": [6, 13], "uv_size": [-1, -1]},
								"down": {"uv": [5, 12], "uv_size": [1, 1]}
							}
						},
						{
							"origin": [-3.25, 7.87431, -0.57038],
							"size": [2.5, 3.25, 2.5],
							"pivot": [0, 9.12431, 5.17962],
							"rotation": [22.5, 0, 0],
							"uv": {
								"north": {"uv": [5, 13.75], "uv_size": [1, 1.25]},
								"east": {"uv": [5, 13.75], "uv_size": [1, 1.25]},
								"south": {"uv": [5, 13.75], "uv_size": [1, 1.25]},
								"west": {"uv": [5, 13.75], "uv_size": [1, 1.25]},
								"up": {"uv": [6, 15], "uv_size": [-1, -1.25]},
								"down": {"uv": [5, 13.75], "uv_size": [1, 1.25]}
							}
						},
						{
							"origin": [-3.5, 6, 0.25],
							"size": [3, 7, 3],
							"uv": {
								"north": {"uv": [5, 13.25], "uv_size": [1, 2]},
								"east": {"uv": [4, 13.25], "uv_size": [1, 2]},
								"south": {"uv": [7, 13.25], "uv_size": [1, 2]},
								"west": {"uv": [6, 13.25], "uv_size": [1, 2]},
								"down": {"uv": [5, 12], "uv_size": [1, 1]}
							}
						},
						{
							"origin": [-3, 4.25, 0.5],
							"size": [2, 1.75, 2],
							"uv": {
								"north": {"uv": [3, 6], "uv_size": [1, 1]},
								"east": {"uv": [3, 6], "uv_size": [1, 1]},
								"south": {"uv": [3, 6], "uv_size": [1, 1]},
								"west": {"uv": [3, 6], "uv_size": [1, 1]},
								"down": {"uv": [3, 6], "uv_size": [1, 1]}
							}
						},
						{
							"origin": [-2.75, 2.25, 0.75],
							"size": [1.5, 2, 1.5],
							"uv": {
								"north": {"uv": [1, 6.5], "uv_size": [1, 1]},
								"east": {"uv": [1, 6.5], "uv_size": [1, 1]},
								"south": {"uv": [1, 6.5], "uv_size": [1, 1]},
								"west": {"uv": [1, 6.5], "uv_size": [1, 1]},
								"down": {"uv": [1, 6.5], "uv_size": [1, 1]}
							}
						},
						{
							"origin": [-2.5, 0.25, 1],
							"size": [1, 2, 1],
							"uv": {
								"north": {"uv": [1, 7], "uv_size": [1, 1]},
								"east": {"uv": [1, 7], "uv_size": [1, 1]},
								"south": {"uv": [1, 7], "uv_size": [1, 1]},
								"west": {"uv": [1, 7], "uv_size": [1, 1]},
								"down": {"uv": [2, 4], "uv_size": [1, 1]}
							}
						}
					]
				},
				{
					"name": "leftLeg",
					"parent": "body",
					"pivot": [2, 14.37477, 1.26821],
					"cubes": [
						{
							"origin": [0.25, 6.62431, -1.07038],
							"size": [3.5, 6, 3.5],
							"pivot": [0, 9.12431, 5.17962],
							"rotation": [-22.5, 0, 0],
							"uv": {
								"north": {"uv": [2, 5], "uv_size": [-1, 1.25]},
								"east": {"uv": [7, 13], "uv_size": [-1, 1.25]},
								"south": {"uv": [2, 5], "uv_size": [-1, 1.25]},
								"west": {"uv": [5, 13], "uv_size": [-1, 1.25]},
								"up": {"uv": [5, 13], "uv_size": [1, -1]},
								"down": {"uv": [6, 12], "uv_size": [-1, 1]}
							}
						},
						{
							"origin": [0.75, 7.87431, -0.57038],
							"size": [2.5, 3.25, 2.5],
							"pivot": [0, 9.12431, 5.17962],
							"rotation": [22.5, 0, 0],
							"uv": {
								"north": {"uv": [6, 13.75], "uv_size": [-1, 1.25]},
								"east": {"uv": [6, 13.75], "uv_size": [-1, 1.25]},
								"south": {"uv": [6, 13.75], "uv_size": [-1, 1.25]},
								"west": {"uv": [6, 13.75], "uv_size": [-1, 1.25]},
								"up": {"uv": [5, 15], "uv_size": [1, -1.25]},
								"down": {"uv": [6, 13.75], "uv_size": [-1, 1.25]}
							}
						},
						{
							"origin": [0.5, 6, 0.25],
							"size": [3, 7, 3],
							"uv": {
								"north": {"uv": [6, 13.25], "uv_size": [-1, 2]},
								"east": {"uv": [7, 13.25], "uv_size": [-1, 2]},
								"south": {"uv": [8, 13.25], "uv_size": [-1, 2]},
								"west": {"uv": [5, 13.25], "uv_size": [-1, 2]},
								"down": {"uv": [6, 12], "uv_size": [-1, 1]}
							}
						},
						{
							"origin": [1, 4.25, 0.5],
							"size": [2, 1.75, 2],
							"uv": {
								"north": {"uv": [4, 6], "uv_size": [-1, 1]},
								"east": {"uv": [4, 6], "uv_size": [-1, 1]},
								"south": {"uv": [4, 6], "uv_size": [-1, 1]},
								"west": {"uv": [4, 6], "uv_size": [-1, 1]},
								"down": {"uv": [4, 6], "uv_size": [-1, 1]}
							}
						},
						{
							"origin": [1.25, 2.25, 0.75],
							"size": [1.5, 2, 1.5],
							"uv": {
								"north": {"uv": [2, 6.5], "uv_size": [-1, 1]},
								"east": {"uv": [2, 6.5], "uv_size": [-1, 1]},
								"south": {"uv": [2, 6.5], "uv_size": [-1, 1]},
								"west": {"uv": [2, 6.5], "uv_size": [-1, 1]},
								"down": {"uv": [2, 6.5], "uv_size": [-1, 1]}
							}
						},
						{
							"origin": [1.5, 0.25, 1],
							"size": [1, 2, 1],
							"uv": {
								"north": {"uv": [2, 7], "uv_size": [-1, 1]},
								"east": {"uv": [2, 7], "uv_size": [-1, 1]},
								"south": {"uv": [2, 7], "uv_size": [-1, 1]},
								"west": {"uv": [2, 7], "uv_size": [-1, 1]},
								"down": {"uv": [3, 4], "uv_size": [-1, 1]}
							}
						}
					]
				}
			]
		}
	]
}