{
	"format_version": "1.12.0",
	"minecraft:geometry": [
		{
			"description": {
				"identifier": "geometry.Piglin_brute_mutant",
				"texture_width": 128,
				"texture_height": 128,
				"visible_bounds_width": 7,
				"visible_bounds_height": 5,
				"visible_bounds_offset": [0, 1.5, 0]
			},
			"bones": [
				{
					"name": "All",
					"pivot": [0, 0, 0]
				},
				{
					"name": "Leg",
					"parent": "All",
					"pivot": [-5.2738, 15.5, 6.34971],
					"rotation": [-49.91643, 2.11089, 4.53359],
					"cubes": [
						{"origin": [-8.2738, 5, 3.34971], "size": [6, 11, 6], "uv": [80, 0]},
						{"origin": [-6.2738, 15.5, 6.34971], "size": [1, 1, 1], "uv": [0, 0]}
					]
				},
				{
					"name": "Leg2",
					"parent": "Leg",
					"pivot": [-5.23165, 7.8085, 5.75776],
					"rotation": [50, 0, -5],
					"cubes": [
						{"origin": [-8.31064, -3.55184, 1.99317], "size": [6, 11, 6], "uv": [80, 18]}
					]
				},
				{
					"name": "Leg3",
					"parent": "All",
					"pivot": [5.2738, 15.5, 6.34971],
					"rotation": [-49.91643, -2.11089, -4.53359],
					"cubes": [
						{"origin": [2.2738, 5, 3.34971], "size": [6, 11, 6], "uv": [80, 0], "mirror": true}
					]
				},
				{
					"name": "Leg4",
					"parent": "Leg3",
					"pivot": [5.23165, 7.8085, 5.75776],
					"rotation": [50, 0, 5],
					"cubes": [
						{"origin": [2.31064, -3.55184, 1.99317], "size": [6, 11, 6], "uv": [80, 18], "mirror": true}
					]
				},
				{
					"name": "Body",
					"parent": "All",
					"pivot": [0.125, 15, 8],
					"rotation": [15, 0, 0],
					"cubes": [
						{"origin": [-6.75, 14.00381, 1.91284], "size": [14, 16, 12], "uv": [0, 44]},
						{"origin": [-6.75, 14.00381, 1.91284], "size": [14, 16, 12], "inflate": 0.5, "uv": [29, 88]}
					]
				},
				{
					"name": "Body2",
					"parent": "Body",
					"pivot": [0, 28.07196, 7.3952],
					"rotation": [30, 0, 0],
					"cubes": [
						{"origin": [-12, 27.2528, -1.17837], "size": [24, 12, 16], "uv": [0, 16], "mirror": true}
					]
				},
				{
					"name": "Head",
					"parent": "Body2",
					"pivot": [0, 39.00315, 4.00683],
					"rotation": [-45, 0, 0],
					"cubes": [
						{"origin": [-5, 39.00315, 0.00683], "size": [10, 8, 8], "uv": [0, 0]},
						{"origin": [-2, 39.00315, -0.99317], "size": [4, 3, 1], "uv": [31, 1]},
						{"origin": [-3, 39.00315, -0.99317], "size": [1, 2, 1], "uv": [2, 0]},
						{"origin": [2, 39.00315, -0.99317], "size": [1, 2, 1], "uv": [2, 0], "mirror": true}
					]
				},
				{
					"name": "Ear",
					"parent": "Head",
					"pivot": [-4, 46.00315, 4.00683],
					"rotation": [0, 0, 30],
					"cubes": [
						{"origin": [-5, 41.00315, 2.00683], "size": [1, 5, 4], "uv": [44, 0], "mirror": true}
					]
				},
				{
					"name": "Ear2",
					"parent": "Head",
					"pivot": [4, 46.00315, 4.00683],
					"rotation": [0, 0, -30],
					"cubes": [
						{"origin": [4, 41.00315, 2.00683], "size": [1, 5, 4], "uv": [44, 0]}
					]
				},
				{
					"name": "Arm",
					"parent": "Body2",
					"pivot": [-12, 33.51059, 7.6193],
					"rotation": [-30.99693, 9.82079, 23.75682],
					"cubes": [
						{"origin": [-14.75, 20.90317, 4.3695], "size": [6, 16, 6], "uv": [104, 0]}
					]
				},
				{
					"name": "Arm2",
					"parent": "Arm",
					"pivot": [-11.75, 20.99055, 7.6193],
					"rotation": [-60, 0, 0],
					"cubes": [
						{"origin": [-14.75, 4.99056, 5.02044], "size": [6, 16, 6], "uv": [104, 22]}
					]
				},
				{
					"name": "Weapon",
					"parent": "Arm2",
					"pivot": [-12, 8.5, 7.70588],
					"rotation": [90, 0, 0],
					"cubes": [
						{"origin": [-13, -12, 7], "size": [2, 29, 2], "uv": [0, 97]},
						{"origin": [-13, 26, 7], "size": [2, 10, 2], "inflate": 0.5, "uv": [120, 97]},
						{"origin": [-13, 30, 9], "size": [2, 4, 2], "uv": [120, 97]},
						{"origin": [-13, 30.5, 11], "size": [2, 4, 2], "inflate": 0.1, "uv": [120, 97]},
						{"origin": [-13, 31, 12], "size": [2, 4, 2], "inflate": 0.2, "uv": [120, 97]},
						{"origin": [-13, 24, 14], "size": [2, 10, 2], "pivot": [-12, 32, 14], "rotation": [47.5, 0, 0], "uv": [120, 97]},
						{"origin": [-13, 28, 14], "size": [2, 2, 2], "inflate": 0.4, "pivot": [-12, 32, 14], "rotation": [47.5, 0, 0], "uv": [120, 97]},
						{"origin": [-13, 26, 14], "size": [2, 6, 2], "inflate": 0.2, "pivot": [-12, 32, 14], "rotation": [47.5, 0, 0], "uv": [120, 97]},
						{"origin": [-13, 26, 6], "size": [2, 10, 1], "uv": [120, 97]},
						{"origin": [-13, 25, 5], "size": [2, 12, 1], "inflate": 0.05, "uv": [120, 97]},
						{"origin": [-13, 24, 3], "size": [2, 14, 2], "inflate": 0.1, "uv": [120, 97]},
						{"origin": [-13, 23, 1], "size": [2, 16, 2], "inflate": 0.15, "uv": [120, 97]},
						{"origin": [-13, 23, -2], "size": [2, 16, 1], "inflate": 0.15, "uv": [120, 97]},
						{"origin": [-13, 24, -3], "size": [2, 14.5, 1], "inflate": 0.1, "uv": [120, 97]},
						{"origin": [-13, 22, -1], "size": [2, 18, 2], "inflate": 0.2, "uv": [120, 97]},
						{"origin": [-13, 36, 7], "size": [2, 1, 2], "inflate": 0.45, "uv": [120, 97]},
						{"origin": [-13, 25, 7], "size": [2, 1, 2], "inflate": 0.45, "uv": [120, 97]},
						{"origin": [-13, 37, 7], "size": [2, 1, 2], "inflate": 0.4, "uv": [120, 97]},
						{"origin": [-13, 24, 7], "size": [2, 1, 2], "inflate": 0.4, "uv": [120, 97]},
						{"origin": [-13, 38, 7], "size": [2, 1, 2], "inflate": 0.35, "uv": [120, 97]},
						{"origin": [-13, 23, 7], "size": [2, 1, 2], "inflate": 0.35, "uv": [120, 97]},
						{"origin": [-13, 39, 7], "size": [2, 1, 2], "inflate": 0.3, "uv": [120, 97]},
						{"origin": [-13, 22, 7], "size": [2, 1, 2], "inflate": 0.3, "uv": [120, 97]},
						{"origin": [-13, 40, 7], "size": [2, 1, 2], "inflate": 0.25, "uv": [120, 97]},
						{"origin": [-13, 21, 7], "size": [2, 1, 2], "inflate": 0.25, "uv": [120, 97]},
						{"origin": [-13, 41, 7], "size": [2, 1, 2], "inflate": 0.2, "uv": [120, 97]},
						{"origin": [-13, 20, 7], "size": [2, 1, 2], "inflate": 0.2, "uv": [120, 97]},
						{"origin": [-13, 42, 7], "size": [2, 1, 2], "inflate": 0.15, "uv": [120, 97]},
						{"origin": [-13, 19, 7], "size": [2, 1, 2], "inflate": 0.15, "uv": [120, 97]},
						{"origin": [-13, 43, 7], "size": [2, 1, 2], "inflate": 0.1, "uv": [120, 97]},
						{"origin": [-13, 18, 7], "size": [2, 1, 2], "inflate": 0.1, "uv": [120, 97]},
						{"origin": [-13, 44, 7], "size": [2, 1, 2], "inflate": 0.05, "uv": [120, 97]},
						{"origin": [-13, 17, 7], "size": [2, 1, 2], "inflate": 0.05, "uv": [120, 97]},
						{"origin": [-13, 45, 7], "size": [2, 1, 2], "uv": [120, 97]}
					]
				},
				{
					"name": "Arm3",
					"parent": "Body2",
					"pivot": [12, 33.51059, 7.6193],
					"rotation": [-30.99693, -9.82079, -23.75682],
					"cubes": [
						{"origin": [8.75, 20.90317, 4.3695], "size": [6, 16, 6], "uv": [104, 0], "mirror": true},
						{"origin": [8.75, 20.90317, 4.3695], "size": [6, 16, 6], "inflate": 1, "uv": [104, 44]},
						{"origin": [8.75, 20.90317, 4.3695], "size": [6, 16, 6], "inflate": 0.5, "uv": [70, 69]}
					]
				},
				{
					"name": "Arm4",
					"parent": "Arm3",
					"pivot": [11.75, 20.99055, 7.6193],
					"rotation": [-60, 0, 0],
					"cubes": [
						{"origin": [8.75, 4.99056, 5.02044], "size": [6, 16, 6], "uv": [104, 22], "mirror": true},
						{"origin": [8.75, 4.99056, 5.02044], "size": [6, 16, 6], "inflate": 0.5, "uv": [94, 69]}
					]
				},
				{
					"name": "Weapon2",
					"parent": "Arm4",
					"pivot": [12, 8, 8],
					"rotation": [90, 0, 0],
					"cubes": [
						{"origin": [11, 4, 7], "size": [2, 8, 2], "uv": [2, 107], "mirror": true},
						{"origin": [11, 12, 5], "size": [2, 2, 6], "inflate": 0.25, "uv": [120, 118], "mirror": true},
						{"origin": [11, 14, 3], "size": [2, 2, 10], "uv": [120, 118], "mirror": true},
						{"origin": [11, 15, 4], "size": [2, 4, 8], "inflate": -0.1, "uv": [120, 118], "mirror": true},
						{"origin": [11, 18, 4.5], "size": [2, 8, 7], "inflate": -0.2, "uv": [120, 118], "mirror": true},
						{"origin": [11, 25, 4.5], "size": [2, 8, 7], "inflate": -0.3, "uv": [120, 118], "mirror": true},
						{"origin": [11, 32, 4.5], "size": [2, 8, 7], "inflate": -0.3, "uv": [120, 118], "mirror": true},
						{"origin": [11, 39, 5], "size": [2, 2, 6], "uv": [120, 118], "mirror": true},
						{"origin": [11, 40, 5.5], "size": [2, 2, 5], "uv": [120, 118], "mirror": true},
						{"origin": [11, 41, 6], "size": [2, 2, 4], "uv": [120, 118], "mirror": true},
						{"origin": [11, 42, 7], "size": [2, 2, 2], "uv": [120, 118], "mirror": true},
						{"origin": [11, 43, 7.5], "size": [2, 2, 1], "uv": [120, 118], "mirror": true},
						{"origin": [11, 13, 10], "size": [2, 1, 5], "inflate": 0.1, "uv": [120, 118], "mirror": true},
						{"origin": [11, 10, 13], "size": [2, 3, 1], "inflate": 0.1, "uv": [120, 118], "mirror": true},
						{"origin": [11, 9, 12], "size": [2, 3, 1], "inflate": 0.1, "uv": [120, 118], "mirror": true},
						{"origin": [11, 9, 3], "size": [2, 3, 1], "inflate": 0.1, "uv": [120, 118], "mirror": true},
						{"origin": [11, 10, 2], "size": [2, 3, 1], "inflate": 0.1, "uv": [120, 118], "mirror": true},
						{"origin": [11, 13, 1], "size": [2, 1, 5], "inflate": 0.1, "uv": [120, 118], "mirror": true},
						{"origin": [11, 2, 7], "size": [2, 2, 2], "inflate": 0.25, "pivot": [12, 3, 8], "rotation": [45, 0, 0], "uv": [120, 118], "mirror": true},
						{"origin": [11, 2, 7], "size": [2, 2, 2], "inflate": 0.25, "pivot": [12, 3, 8], "rotation": [45, 0, 90], "uv": [120, 118], "mirror": true},
						{"origin": [11, 2, 7], "size": [2, 2, 2], "inflate": 0.25, "pivot": [12, 3, 8], "rotation": [45, 0, 90], "uv": [120, 118], "mirror": true},
						{"origin": [11, 2, 7], "size": [2, 2, 2], "inflate": 0.25, "uv": [120, 118], "mirror": true}
					]
				}
			]
		}
	]
}