{
	"format_version": "1.12.0",
	"minecraft:geometry": [
		{
			"description": {
				"identifier": "geometry.Pigspider",
				"texture_width": 128,
				"texture_height": 64,
				"visible_bounds_width": 5,
				"visible_bounds_height": 2.5,
				"visible_bounds_offset": [0, 0.75, 0]
			},
			"bones": [
				{
					"name": "All",
					"pivot": [4, 4, 0]
				},
				{
					"name": "Body",
					"parent": "All",
					"pivot": [0, 8, 10],
					"rotation": [30, 0, 0],
					"cubes": [
						{"origin": [-3.5, 5, 1], "size": [7, 6, 9], "uv": [64, 0]}
					]
				},
				{
					"name": "Head",
					"parent": "Body",
					"pivot": [0, 9.73205, 2],
					"rotation": [-32.5, 0, 0],
					"cubes": [
						{"origin": [-4, 5.73205, -6], "size": [8, 8, 8], "uv": [0, 0]},
						{"origin": [-2, 6.73205, -7], "size": [4, 3, 1], "uv": [24, 0]}
					]
				},
				{
					"name": "Body2",
					"parent": "Body",
					"pivot": [0, 8, 8],
					"rotation": [-40, 0, 0],
					"cubes": [
						{"origin": [-3, 5, 8], "size": [6, 6, 9], "uv": [33, 1]}
					]
				},
				{
					"name": "Body3",
					"parent": "Body2",
					"pivot": [0, 8, 16],
					"rotation": [40, 0, 0],
					"cubes": [
						{"origin": [-5, 4, 16], "size": [10, 8, 12], "uv": [0, 16]}
					]
				},
				{
					"name": "Leg9",
					"parent": "Body3",
					"pivot": [-4, 10.83013, 15.90192],
					"rotation": [-44.00703, 10.54529, 10.72858],
					"cubes": [
						{"origin": [-6, 6.83013, 13.90192], "size": [4, 4, 4], "uv": [16, 37]}
					]
				},
				{
					"name": "Leg10",
					"parent": "Leg9",
					"pivot": [-4, 6.83013, 15.90192],
					"rotation": [15, 0, -15],
					"cubes": [
						{"origin": [-6, 2.83013, 13.90192], "size": [4, 4, 4], "uv": [16, 45]}
					]
				},
				{
					"name": "Leg11",
					"parent": "Body3",
					"pivot": [4, 10.83013, 15.90192],
					"rotation": [-44.00703, -10.54529, -10.72858],
					"cubes": [
						{"origin": [2, 6.83013, 13.90192], "size": [4, 4, 4], "uv": [16, 37], "mirror": true}
					]
				},
				{
					"name": "Leg12",
					"parent": "Leg11",
					"pivot": [4, 6.83013, 15.90192],
					"rotation": [15, 0, 15],
					"cubes": [
						{"origin": [2, 2.83013, 13.90192], "size": [4, 4, 4], "uv": [16, 45], "mirror": true}
					]
				},
				{
					"name": "Leg",
					"parent": "Body",
					"pivot": [-3, 11, 3],
					"rotation": [-32.46221, 45.93302, 101.02642],
					"cubes": [
						{"origin": [-4.11162, 5.63302, 2.76604], "size": [2, 6, 2], "uv": [0, 37]},
						{"origin": [-4.11162, -0.36698, 2.76604], "size": [2, 6, 2], "inflate": 0.5, "uv": [0, 37]}
					]
				},
				{
					"name": "Leg2",
					"parent": "Leg",
					"pivot": [-3, -1, 3],
					"rotation": [-20, 0, -90],
					"cubes": [
						{"origin": [-3.36698, -12.63311, 2.68167], "size": [2, 6, 2], "uv": [0, 37]},
						{"origin": [-3.36698, -6.63311, 2.68167], "size": [2, 6, 2], "inflate": 0.5, "uv": [0, 37]},
						{"origin": [-3.36698, -5.63311, 2.68167], "size": [2, 0, 2], "uv": [0, 37]}
					]
				},
				{
					"name": "Leg3",
					"parent": "Body",
					"pivot": [3, 10.5, 3.86603],
					"rotation": [-32.46221, -45.93302, -101.02642],
					"cubes": [
						{"origin": [2, 4.5, 2.86603], "size": [2, 6, 2], "uv": [0, 37], "mirror": true},
						{"origin": [2, -1.5, 2.86603], "size": [2, 6, 2], "inflate": 0.5, "uv": [0, 37], "mirror": true}
					]
				},
				{
					"name": "Leg4",
					"parent": "Leg3",
					"pivot": [3, -1.5, 3.86603],
					"rotation": [-20, 0, 90],
					"cubes": [
						{"origin": [2, -13.5, 2.86603], "size": [2, 6, 2], "uv": [0, 37], "mirror": true},
						{"origin": [2, -7.5, 2.86603], "size": [2, 6, 2], "inflate": 0.5, "uv": [0, 37], "mirror": true}
					]
				},
				{
					"name": "Leg5",
					"parent": "Body",
					"pivot": [-3, 9, 9.73205],
					"rotation": [-4.77869, 24.37837, 116.62682],
					"cubes": [
						{"origin": [-4, 2, 8.73205], "size": [2, 7, 2], "uv": [8, 38]},
						{"origin": [-4, -5, 8.73205], "size": [2, 7, 2], "inflate": 0.5, "uv": [8, 38]}
					]
				},
				{
					"name": "Leg6",
					"parent": "Leg5",
					"pivot": [-3, -5, 9.73205],
					"rotation": [-15, 0, -100],
					"cubes": [
						{"origin": [-4, -19, 8.73205], "size": [2, 7, 2], "uv": [8, 38]},
						{"origin": [-4, -12, 8.73205], "size": [2, 7, 2], "inflate": 0.5, "uv": [8, 38]}
					]
				},
				{
					"name": "Leg7",
					"parent": "Body",
					"pivot": [3, 9, 9.73205],
					"rotation": [-4.77869, -24.37837, -116.62682],
					"cubes": [
						{"origin": [2, 2, 8.73205], "size": [2, 7, 2], "uv": [8, 38], "mirror": true},
						{"origin": [2, -5, 8.73205], "size": [2, 7, 2], "inflate": 0.5, "uv": [8, 38], "mirror": true}
					]
				},
				{
					"name": "Leg8",
					"parent": "Leg7",
					"pivot": [3, -5, 9.73205],
					"rotation": [-15, 0, 100],
					"cubes": [
						{"origin": [2, -19, 8.73205], "size": [2, 7, 2], "uv": [8, 38], "mirror": true},
						{"origin": [2, -12, 8.73205], "size": [2, 7, 2], "inflate": 0.5, "uv": [8, 38], "mirror": true}
					]
				}
			]
		}
	]
}