{
	"format_version": "1.12.0",
	"minecraft:geometry": [
		{
			"description": {
				"identifier": "geometry.RhexSpike",
				"texture_width": 32,
				"texture_height": 32,
				"visible_bounds_width": 2,
				"visible_bounds_height": 3.5,
				"visible_bounds_offset": [0, 1.25, 0]
			},
			"bones": [
				{
					"name": "Body",
					"pivot": [0, 0, 0],
					"cubes": [
						{"origin": [-2.5, 0, -2.5], "size": [5, 10, 5], "uv": [4, 8]},
						{"origin": [-2.5, 10, -2.5], "size": [4, 5, 4], "uv": [4, 8]},
						{"origin": [-1.5, 15, -1.5], "size": [3, 7, 3], "uv": [4, 8]},
						{"origin": [-1.5, 22, -1.5], "size": [2, 5, 2], "uv": [4, 8]}
					]
				}
			]
		}
	]
}