{
	"format_version": "1.12.0",
	"minecraft:geometry": [
		{
			"description": {
				"identifier": "geometry.Totemmr",
				"texture_width": 16,
				"texture_height": 16,
				"visible_bounds_width": 4,
				"visible_bounds_height": 3.5,
				"visible_bounds_offset": [0, 1.25, 0]
			},
			"bones": [
				{
					"name": "Totem",
					"pivot": [0, 0, 0],
					"cubes": [
						{"origin": [-8, 12, -20], "size": [16, 16, 0], "uv": [0, 0]},
						{"origin": [-8, 12, 20], "size": [16, 16, 0], "uv": [0, 0]},
						{"origin": [12, 12, 0], "size": [16, 16, 0], "pivot": [19, 12, 0], "rotation": [0, 90, 0], "uv": [0, 0]},
						{"origin": [-28, 12, 0], "size": [16, 16, 0], "pivot": [-19, 12, 0], "rotation": [0, -90, 0], "uv": [0, 0], "mirror": true}
					]
				}
			]
		}
	]
}