{
	"format_version": "1.12.0",
	"minecraft:geometry": [
		{
			"description": {
				"identifier": "geometry.Vex_mutant",
				"texture_width": 128,
				"texture_height": 128,
				"visible_bounds_width": 7,
				"visible_bounds_height": 5,
				"visible_bounds_offset": [0, 1.5, 0]
			},
			"bones": [
				{
					"name": "Target",
					"pivot": [0, 28.072, 7.3952]
				},
				{
					"name": "Charge",
					"parent": "Target",
					"pivot": [0, 28.072, 7.3952]
				},
				{
					"name": "All",
					"parent": "Charge",
					"pivot": [0, 0, 0]
				},
				{
					"name": "Leg",
					"parent": "All",
					"pivot": [-2.2738, 15.5, 6.34971],
					"cubes": [
						{"origin": [-5.2738, 7, 3.34971], "size": [11, 9, 6], "uv": [94, 44]},
						{"origin": [-3.2738, 15.5, 6.34971], "size": [1, 1, 1], "uv": [0, 0]}
					]
				},
				{
					"name": "Leg2",
					"parent": "Leg",
					"pivot": [-2.23165, 9.8085, 5.75776],
					"rotation": [50, 0, 0],
					"cubes": [
						{"origin": [-5.31064, 0.44816, 1.99317], "size": [11, 9, 6], "uv": [94, 66]}
					]
				},
				{
					"name": "Body",
					"parent": "All",
					"pivot": [0.125, 15, 8],
					"rotation": [15, 0, 0],
					"cubes": [
						{"origin": [-6.75, 14.00381, 1.91284], "size": [14, 16, 12], "uv": [0, 44]}
					]
				},
				{
					"name": "Body2",
					"parent": "Body",
					"pivot": [0, 28.072, 7.3952],
					"rotation": [30, 0, 0],
					"cubes": [
						{"origin": [-12, 27.2528, -1.17837], "size": [24, 12, 16], "uv": [0, 16], "mirror": true}
					]
				},
				{
					"name": "Head",
					"parent": "Body2",
					"pivot": [0, 39.00315, 4.00683],
					"rotation": [-45, 0, 0],
					"cubes": [
						{"origin": [-4, 39.00315, 0.00683], "size": [8, 8, 8], "uv": [0, 0], "mirror": true}
					]
				},
				{
					"name": "Arm",
					"parent": "Body2",
					"pivot": [-12, 33.51059, 7.6193],
					"rotation": [-33.4969, 9.82079, 23.75682],
					"cubes": [
						{"origin": [-14.75, 20.90317, 4.3695], "size": [6, 16, 6], "uv": [104, 0]}
					]
				},
				{
					"name": "Arm2",
					"parent": "Arm",
					"pivot": [-11.75, 20.99055, 7.6193],
					"rotation": [-60, 0, 0],
					"cubes": [
						{"origin": [-14.75, 4.99056, 5.02044], "size": [6, 16, 6], "uv": [104, 22]}
					]
				},
				{
					"name": "Weapon",
					"parent": "Arm2",
					"pivot": [-12, 8, 8],
					"rotation": [90, 0, 0],
					"cubes": [
						{"origin": [-13, 4, 7], "size": [2, 8, 2], "uv": [12, 75]},
						{"origin": [-13, 12, 5], "size": [2, 2, 6], "inflate": 0.25, "uv": [96, 103]},
						{"origin": [-13, 14, 3], "size": [2, 2, 10], "uv": [96, 103]},
						{"origin": [-13, 15, 4], "size": [2, 4, 8], "inflate": -0.1, "uv": [96, 103]},
						{"origin": [-13, 18, 4.5], "size": [2, 8, 7], "inflate": -0.2, "uv": [96, 103]},
						{"origin": [-13, 25, 4.5], "size": [2, 8, 7], "inflate": -0.3, "uv": [96, 103]},
						{"origin": [-13, 32, 4.5], "size": [2, 8, 7], "inflate": -0.3, "uv": [96, 103]},
						{"origin": [-13, 39, 5], "size": [2, 2, 6], "uv": [96, 103]},
						{"origin": [-13, 40, 5.5], "size": [2, 2, 5], "uv": [96, 103]},
						{"origin": [-13, 41, 6], "size": [2, 2, 4], "uv": [96, 103]},
						{"origin": [-13, 42, 7], "size": [2, 2, 2], "uv": [96, 103]},
						{"origin": [-13, 43, 7.5], "size": [2, 2, 1], "uv": [96, 103]},
						{"origin": [-13, 13, 10], "size": [2, 1, 5], "inflate": 0.1, "uv": [96, 103]},
						{"origin": [-13, 10, 13], "size": [2, 3, 1], "inflate": 0.1, "uv": [96, 103]},
						{"origin": [-13, 9, 12], "size": [2, 3, 1], "inflate": 0.1, "uv": [96, 103]},
						{"origin": [-13, 9, 3], "size": [2, 3, 1], "inflate": 0.1, "uv": [96, 103]},
						{"origin": [-13, 10, 2], "size": [2, 3, 1], "inflate": 0.1, "uv": [96, 103]},
						{"origin": [-13, 13, 1], "size": [2, 1, 5], "inflate": 0.1, "uv": [96, 103]},
						{"origin": [-13, 2, 7], "size": [2, 2, 2], "inflate": 0.25, "pivot": [-12, 3, 8], "rotation": [45, 0, 0], "uv": [96, 103]},
						{"origin": [-13, 2, 7], "size": [2, 2, 2], "inflate": 0.25, "pivot": [-12, 3, 8], "rotation": [45, 0, -90], "uv": [96, 103]},
						{"origin": [-13, 2, 7], "size": [2, 2, 2], "inflate": 0.25, "pivot": [-12, 3, 8], "rotation": [45, 0, -90], "uv": [96, 103]},
						{"origin": [-13, 2, 7], "size": [2, 2, 2], "inflate": 0.25, "uv": [96, 103]}
					]
				},
				{
					"name": "Arm3",
					"parent": "Body2",
					"pivot": [12, 33.51059, 7.6193],
					"rotation": [-30.99693, -9.82079, -23.75682],
					"cubes": [
						{"origin": [8.75, 20.90317, 4.3695], "size": [6, 16, 6], "uv": [104, 0], "mirror": true}
					]
				},
				{
					"name": "Arm4",
					"parent": "Arm3",
					"pivot": [11.75, 20.99055, 7.6193],
					"rotation": [-60, 0, 0],
					"cubes": [
						{"origin": [8.75, 4.99056, 5.02044], "size": [6, 16, 6], "uv": [104, 22], "mirror": true}
					]
				},
				{
					"name": "Wing",
					"parent": "Body2",
					"pivot": [-11, 32.12221, 8.60231],
					"rotation": [-45, 0, 0],
					"cubes": [
						{"origin": [-41, 23.12221, 8.10231], "size": [30, 18, 0], "uv": [16, 95], "mirror": true},
						{"origin": [-41, 23.12221, 8.10231], "size": [30, 18, 0], "pivot": [-11, 32.12221, 8.10231], "rotation": [0, 0, -25], "uv": [16, 95], "mirror": true},
						{"origin": [-41, 23.12221, 8.10231], "size": [30, 18, 0], "pivot": [-11, 32.12221, 8.10231], "rotation": [0, 0, 25], "uv": [16, 95], "mirror": true}
					],
					"locators": {
						"wing": [-37, 32, 8]
					}
				},
				{
					"name": "Wing2",
					"parent": "Body2",
					"pivot": [11, 32.12221, 8.60231],
					"rotation": [-45, 0, 0],
					"cubes": [
						{"origin": [11, 23.12221, 8.10231], "size": [30, 18, 0], "uv": [16, 95]},
						{"origin": [11, 23.12221, 8.10231], "size": [30, 18, 0], "pivot": [11, 32.12221, 8.10231], "rotation": [0, 0, 25], "uv": [16, 95]},
						{"origin": [11, 23.12221, 8.10231], "size": [30, 18, 0], "pivot": [11, 32.12221, 8.10231], "rotation": [0, 0, -25], "uv": [16, 95]}
					],
					"locators": {
						"wing2": [37, 32, 8]
					}
				}
			]
		}
	]
}