{
	"format_version": "1.12.0",
	"minecraft:geometry": [
		{
			"description": {
				"identifier": "geometry.Wither_rSkeleton_mutant",
				"texture_width": 128,
				"texture_height": 128,
				"visible_bounds_width": 4,
				"visible_bounds_height": 6.5,
				"visible_bounds_offset": [0, 2.75, 0]
			},
			"bones": [
				{
					"name": "All",
					"pivot": [0, 0, 0]
				},
				{
					"name": "Leg3",
					"parent": "All",
					"pivot": [3, 28, 0],
					"rotation": [-9.96271, -0.86717, -4.92442],
					"cubes": [
						{"origin": [1, 14, -2], "size": [4, 14, 4], "uv": [0, 28], "mirror": true}
					]
				},
				{
					"name": "Leg4",
					"parent": "Leg3",
					"pivot": [3, 14, 0],
					"rotation": [12.5, 0, 0],
					"cubes": [
						{"origin": [1, 0, -2], "size": [4, 14, 4], "uv": [32, 28], "mirror": true}
					]
				},
				{
					"name": "Leg",
					"parent": "All",
					"pivot": [-3, 28, 0],
					"rotation": [-9.96271, 0.86717, 4.92442],
					"cubes": [
						{"origin": [-5, 14, -2], "size": [4, 14, 4], "uv": [0, 28]}
					]
				},
				{
					"name": "Leg2",
					"parent": "Leg",
					"pivot": [-3, 14, 0],
					"rotation": [12.5, 0, 0],
					"cubes": [
						{"origin": [-5, 0, -2], "size": [4, 14, 4], "uv": [32, 28]}
					]
				},
				{
					"name": "Body",
					"parent": "All",
					"pivot": [0, 26, 0],
					"cubes": [
						{"origin": [-4, 26, -2.5], "size": [8, 6, 5], "uv": [1, 17]}
					]
				},
				{
					"name": "Body2",
					"parent": "Body",
					"pivot": [0, 32, 0],
					"rotation": [-10, 0, 0],
					"cubes": [
						{"origin": [-2.5, 32, -2], "size": [5, 8, 4], "uv": [32, 0]}
					]
				},
				{
					"name": "Body3",
					"parent": "Body2",
					"pivot": [0, 40.03044, 0.69725],
					"rotation": [15, 0, 0],
					"cubes": [
						{"origin": [-2.5, 40.03044, -1.30275], "size": [5, 4, 4], "uv": [50, 0]}
					]
				},
				{
					"name": "bone",
					"parent": "Body3",
					"pivot": [-2.5, 41.03044, 0.69725],
					"rotation": [-5.76863, -29.8742, 2.88066],
					"cubes": [
						{"origin": [-8.5, 41.03044, -0.30275], "size": [6, 2, 2], "uv": [32, 12]}
					]
				},
				{
					"name": "bone2",
					"parent": "bone",
					"pivot": [-8.5, 42.03044, 0.69725],
					"rotation": [0, -60, 0],
					"cubes": [
						{"origin": [-14.5, 41.03044, -0.30275], "size": [6, 2, 2], "uv": [32, 12]}
					]
				},
				{
					"name": "bone3",
					"parent": "bone2",
					"pivot": [-14.5, 42.03044, 0.69725],
					"rotation": [0, -60, 0],
					"cubes": [
						{"origin": [-20.5, 41.03044, -0.30275], "size": [6, 2, 2], "uv": [32, 12]}
					]
				},
				{
					"name": "bone4",
					"parent": "Body3",
					"pivot": [2.5, 41.03044, 0.69725],
					"rotation": [-5.76863, 29.8742, -2.88066],
					"cubes": [
						{"origin": [2.5, 41.03044, -0.30275], "size": [6, 2, 2], "uv": [32, 12], "mirror": true}
					]
				},
				{
					"name": "bone5",
					"parent": "bone4",
					"pivot": [8.5, 42.03044, 0.69725],
					"rotation": [0, 60, 0],
					"cubes": [
						{"origin": [8.5, 41.03044, -0.30275], "size": [6, 2, 2], "uv": [32, 12], "mirror": true}
					]
				},
				{
					"name": "bone6",
					"parent": "bone5",
					"pivot": [14.5, 42.03044, 0.69725],
					"rotation": [0, 60, 0],
					"cubes": [
						{"origin": [14.5, 41.03044, -0.30275], "size": [6, 2, 2], "uv": [32, 12], "mirror": true}
					]
				},
				{
					"name": "Body4",
					"parent": "Body3",
					"pivot": [0, 44.03044, 0.69725],
					"rotation": [7.5, 0, 0],
					"cubes": [
						{"origin": [-2.5, 44.03044, -1.30275], "size": [5, 4, 4], "uv": [50, 0]}
					]
				},
				{
					"name": "bone7",
					"parent": "Body4",
					"pivot": [-2.5, 45.03044, 0.69725],
					"rotation": [-11.50839, -29.4987, 5.72511],
					"cubes": [
						{"origin": [-8.5, 45.03044, -0.30275], "size": [6, 2, 2], "uv": [32, 12]}
					]
				},
				{
					"name": "bone8",
					"parent": "bone7",
					"pivot": [-8.5, 46.03044, 0.69725],
					"rotation": [0, -60, 0],
					"cubes": [
						{"origin": [-14.5, 45.03044, -0.30275], "size": [6, 2, 2], "uv": [32, 12]}
					]
				},
				{
					"name": "bone9",
					"parent": "bone8",
					"pivot": [-14.5, 46.03044, 0.69725],
					"rotation": [0, -60, 0],
					"cubes": [
						{"origin": [-20.5, 45.03044, -0.30275], "size": [6, 2, 2], "uv": [32, 12]}
					]
				},
				{
					"name": "bone10",
					"parent": "Body4",
					"pivot": [2.5, 45.03044, 0.69725],
					"rotation": [-11.50839, 29.4987, -5.72511],
					"cubes": [
						{"origin": [2.5, 45.03044, -0.30275], "size": [6, 2, 2], "uv": [32, 12], "mirror": true}
					]
				},
				{
					"name": "bone11",
					"parent": "bone10",
					"pivot": [8.5, 46.03044, 0.69725],
					"rotation": [0, 60, 0],
					"cubes": [
						{"origin": [8.5, 45.03044, -0.30275], "size": [6, 2, 2], "uv": [32, 12], "mirror": true}
					]
				},
				{
					"name": "bone12",
					"parent": "bone11",
					"pivot": [14.5, 46.03044, 0.69725],
					"rotation": [0, 60, 0],
					"cubes": [
						{"origin": [14.5, 45.03044, -0.30275], "size": [6, 2, 2], "uv": [32, 12], "mirror": true}
					]
				},
				{
					"name": "Body5",
					"parent": "Body4",
					"pivot": [0, 48.03044, 0.69725],
					"rotation": [7.5, 0, 0],
					"cubes": [
						{"origin": [-2.5, 48.03044, -1.30275], "size": [5, 4, 4], "uv": [50, 0]}
					]
				},
				{
					"name": "bone13",
					"parent": "Body5",
					"pivot": [-2.5, 49.03044, 0.69725],
					"rotation": [-17.19212, -28.87909, 8.49878],
					"cubes": [
						{"origin": [-8.5, 49.03044, -0.30275], "size": [6, 2, 2], "uv": [32, 12]}
					]
				},
				{
					"name": "bone14",
					"parent": "bone13",
					"pivot": [-8.5, 50.03044, 0.69725],
					"rotation": [0, -60, 0],
					"cubes": [
						{"origin": [-14.5, 49.03044, -0.30275], "size": [6, 2, 2], "uv": [32, 12]}
					]
				},
				{
					"name": "bone15",
					"parent": "bone14",
					"pivot": [-14.5, 50.03044, 0.69725],
					"rotation": [0, -60, 0],
					"cubes": [
						{"origin": [-20.5, 49.03044, -0.30275], "size": [6, 2, 2], "uv": [32, 12]}
					]
				},
				{
					"name": "bone16",
					"parent": "Body5",
					"pivot": [2.5, 49.03044, 0.69725],
					"rotation": [-17.19212, 28.87909, -8.49878],
					"cubes": [
						{"origin": [2.5, 49.03044, -0.30275], "size": [6, 2, 2], "uv": [32, 12], "mirror": true}
					]
				},
				{
					"name": "bone17",
					"parent": "bone16",
					"pivot": [8.5, 50.03044, 0.69725],
					"rotation": [0, 60, 0],
					"cubes": [
						{"origin": [8.5, 49.03044, -0.30275], "size": [6, 2, 2], "uv": [32, 12], "mirror": true}
					]
				},
				{
					"name": "bone18",
					"parent": "bone17",
					"pivot": [14.5, 50.03044, 0.69725],
					"rotation": [0, 60, 0],
					"cubes": [
						{"origin": [14.5, 49.03044, -0.30275], "size": [6, 2, 2], "uv": [32, 12], "mirror": true}
					]
				},
				{
					"name": "Neck",
					"parent": "Body5",
					"pivot": [-0.5, 52.03044, 1.19725],
					"rotation": [-10, 0, 0],
					"cubes": [
						{"origin": [-1.5, 52.03044, -0.80275], "size": [3, 4, 3], "uv": [68, 0]}
					]
				},
				{
					"name": "Head",
					"parent": "Neck",
					"pivot": [0, 56.03044, 0.69725],
					"cubes": [
						{"origin": [-4, 56.03044, -3.30275], "size": [8, 8, 8], "uv": [0, 0]}
					]
				},
				{
					"name": "Mouth",
					"parent": "Head",
					"pivot": [0, 58.03044, 4.69725],
					"cubes": [
						{"origin": [-4, 56.03044, -3.30275], "size": [8, 2, 8], "inflate": 0.25, "uv": [72, 5]}
					]
				},
				{
					"name": "Shoulderpad",
					"parent": "Body5",
					"pivot": [-2, 52.53044, 0.69725],
					"rotation": [0, 0, 15],
					"cubes": [
						{"origin": [-10, 51.03044, -2.30275], "size": [8, 3, 6], "uv": [28, 16]}
					]
				},
				{
					"name": "Arm",
					"parent": "Shoulderpad",
					"pivot": [-7, 51.03044, 0.69725],
					"rotation": [-15, 0, 0],
					"cubes": [
						{"origin": [-9, 37.03044, -1.30275], "size": [4, 14, 4], "uv": [0, 28]}
					]
				},
				{
					"name": "Arm2",
					"parent": "Arm",
					"pivot": [-7, 37.03044, 0.69725],
					"rotation": [-25, 0, 0],
					"cubes": [
						{"origin": [-9, 23.03044, -1.30275], "size": [4, 14, 4], "uv": [16, 28]},
						{"origin": [-9, 27.03044, -1.30275], "size": [4, 6, 4], "inflate": 0.5, "uv": [0, 46]}
					]
				},
				{
					"name": "Weapon",
					"parent": "Arm2",
					"pivot": [-6.47532, 25.54046, 0.87189],
					"rotation": [90, 0, 0],
					"cubes": [
						{"origin": [-7.47527, 21.54046, -0.12811], "size": [2, 8, 2], "uv": [65, 59]},
						{"origin": [-7.47527, 29.54046, -2.12811], "size": [2, 2, 6], "inflate": 0.25, "uv": [3, 75]},
						{"origin": [-7.47527, 31.54046, -4.12811], "size": [2, 2, 10], "uv": [3, 75]},
						{"origin": [-7.47527, 32.54046, -3.12811], "size": [2, 4, 8], "inflate": -0.1, "uv": [3, 75]},
						{"origin": [-7.47527, 35.54046, -2.62811], "size": [2, 8, 7], "inflate": -0.2, "uv": [3, 75]},
						{"origin": [-7.47527, 42.54046, -2.62811], "size": [2, 8, 7], "inflate": -0.3, "uv": [3, 75]},
						{"origin": [-7.47527, 49.54046, -2.62811], "size": [2, 8, 7], "inflate": -0.3, "uv": [3, 75]},
						{"origin": [-7.47527, 56.54046, -2.12811], "size": [2, 2, 6], "uv": [3, 75]},
						{"origin": [-7.47527, 57.54046, -1.62811], "size": [2, 2, 5], "uv": [3, 75]},
						{"origin": [-7.47527, 58.54046, -1.12811], "size": [2, 2, 4], "uv": [3, 75]},
						{"origin": [-7.47527, 59.54046, -0.12811], "size": [2, 2, 2], "uv": [3, 75]},
						{"origin": [-7.47527, 60.54046, 0.37189], "size": [2, 2, 1], "uv": [3, 75]},
						{"origin": [-7.47527, 30.54046, 2.87189], "size": [2, 1, 5], "inflate": 0.1, "uv": [3, 75]},
						{"origin": [-7.47527, 27.54046, 5.87189], "size": [2, 3, 1], "inflate": 0.1, "uv": [3, 75]},
						{"origin": [-7.47527, 26.54046, 4.87189], "size": [2, 3, 1], "inflate": 0.1, "uv": [3, 75]},
						{"origin": [-7.47527, 26.54046, -4.12811], "size": [2, 3, 1], "inflate": 0.1, "uv": [3, 75]},
						{"origin": [-7.47527, 27.54046, -5.12811], "size": [2, 3, 1], "inflate": 0.1, "uv": [3, 75]},
						{"origin": [-7.47527, 30.54046, -6.12811], "size": [2, 1, 5], "inflate": 0.1, "uv": [3, 75]},
						{"origin": [-7.47527, 19.54046, -0.12811], "size": [2, 2, 2], "inflate": 0.25, "pivot": [-6.47532, 20.54046, 0.87189], "rotation": [45, 0, 0], "uv": [3, 75]},
						{"origin": [-7.47527, 19.54046, -0.12811], "size": [2, 2, 2], "inflate": 0.25, "pivot": [-6.47532, 20.54046, 0.87189], "rotation": [45, 0, -90], "uv": [3, 75]},
						{"origin": [-7.47527, 19.54046, -0.12811], "size": [2, 2, 2], "inflate": 0.25, "pivot": [-6.47532, 20.54046, 0.87189], "rotation": [45, 0, -90], "uv": [3, 75]},
						{"origin": [-7.47527, 19.54046, -0.12811], "size": [2, 2, 2], "inflate": 0.25, "uv": [3, 75]}
					]
				},
				{
					"name": "Shoulderpad2",
					"parent": "Body5",
					"pivot": [2, 52.53044, 0.69725],
					"rotation": [0, 0, -15],
					"cubes": [
						{"origin": [2, 51.03044, -2.30275], "size": [8, 3, 6], "uv": [28, 16], "mirror": true}
					]
				},
				{
					"name": "Arm3",
					"parent": "Shoulderpad2",
					"pivot": [7, 51.03044, 0.69725],
					"rotation": [-15, 0, 0],
					"cubes": [
						{"origin": [5, 37.03044, -1.30275], "size": [4, 14, 4], "uv": [0, 28], "mirror": true}
					]
				},
				{
					"name": "Arm4",
					"parent": "Arm3",
					"pivot": [7, 37.03044, 0.69725],
					"rotation": [-25, 0, 0],
					"cubes": [
						{"origin": [5, 23.03044, -1.30275], "size": [4, 14, 4], "uv": [16, 28], "mirror": true}
					]
				}
			]
		}
	]
}