{
"format_version":"1.10.0",
"particle_effect":{
"description":{
"identifier":"rhex:endermanidle",
"basic_render_parameters":{
"material":"particles_alpha",
"texture": "textures/particle/enderdead"
}
},
"components":{
"minecraft:emitter_rate_steady":{
"spawn_rate":40,
"max_particles":40
},

"minecraft:emitter_shape_sphere":{
"radius":1.9,
"direction":"outwards"
},
"minecraft:emitter_lifetime_looping":{
"active_time":1.5
},

"minecraft:particle_initial_speed":"Math.random(0.1,0.3)",
"minecraft:particle_motion_dynamic":{
"linear_acceleration":[0,1.0,0],
"linear_drag_coefficient":1,
"rotation_drag_coefficient":0.32
},
"minecraft:particle_initial_spin":{
"rotation":"Math.random(0,360)",
"rotation_rate":"Math.random(0,100)"
},

"minecraft:particle_lifetime_expression":{
"max_lifetime":"Math.random(1.2,1.5)"
},


"minecraft:particle_appearance_billboard":{
"size":["0.15","0.2"],
"facing_camera_mode":"lookat_xyz",

"uv":{
"texture_width":16,
"texture_height":16,

"flipbook":{
"base_UV":[0,0],
"size_UV":[16,16],
"step_UV":[0,0],
"frames_per_second":1.4,
"max_frame":10,
"stretch_to_lifetime":true,
"loop":true
}
}
},
"minecraft:particle_appearance_tinting":{
"color":[1,1,1,1]
},
"minecraft:particle_appearance_lighting":{}
}
}
}
