{
  "format_version": "1.10.0",
  "particle_effect": {
    "description": {
      "identifier": "rhex:enderman_dead_particle",
      "basic_render_parameters": {
        "material": "particles_alpha",
        "texture": "textures/particle/enderdead"
      }
    },
    "components": {
      "minecraft:emitter_rate_instant": {
        "num_particles": 40
      },        
      
      "minecraft:emitter_shape_point": {
      },
      "minecraft:emitter_lifetime_looping":{
"active_time":0.5
},
      "minecraft:particle_initial_speed": [ "15 * Math.random(-1.0, 1.0)", "15 * Math.random(-1.0, 1.0)", "15 * Math.random(-1.0, 1.0)" ],
      "minecraft:particle_lifetime_expression": {
        "max_lifetime": "4 / Math.random(1, 5) + 0.1"
      },
      "minecraft:particle_motion_dynamic": {
        "linear_acceleration": [ 0, 2, 0 ],
        "linear_drag_coefficient": 2.5
      },
      "minecraft:particle_appearance_billboard":{
"size":["0.35","0.70"],
"facing_camera_mode":"lookat_xyz",

"uv":{
"texture_width":16,
"texture_height":16,

"flipbook":{
"base_UV":[0,0],
"size_UV":[16,16],
"step_UV":[0,0],
"frames_per_second":1.4,
"max_frame":10,
"stretch_to_lifetime":true,
"loop":true
}
}
},
"minecraft:particle_appearance_tinting":{
"color":[1,1,1,1]
},
"minecraft:particle_appearance_lighting":{}
}
}
}