{
	"format_version": "1.12.0",
	"minecraft:geometry": [
		{
			"description": {
				"identifier": "geometry.Villageroldmutant",
				"texture_width": 128,
				"texture_height": 128,
				"visible_bounds_width": 7,
				"visible_bounds_height": 4.5,
				"visible_bounds_offset": [0, 1.75, 0]
			},
			"bones": [
				{
					"name": "all",
					"pivot": [0, 0, 0]
				},
				{
					"name": "leg0",
					"parent": "body",
					"pivot": [-4, 18, 0],
					"cubes": [
						{"origin": [-7, 7, -3], "size": [6, 11, 6], "uv": [80, 0]},
						{"origin": [-7, 0, -3], "size": [6, 7, 6], "inflate": 0.5, "uv": [80, 17]}
					]
				},
				{
					"name": "leg1",
					"parent": "body",
					"pivot": [4, 18, 0],
					"cubes": [
						{"origin": [1, 7, -3], "size": [6, 11, 6], "uv": [80, 0], "mirror": true},
						{"origin": [1, 0, -3], "size": [6, 7, 6], "inflate": 0.5, "uv": [80, 17], "mirror": true}
					]
				},
				{
					"name": "arm0",
					"parent": "body",
					"pivot": [-10, 37.44244, 1.13694],
					"cubes": [
						{"origin": [-16.5, 23, -3], "size": [6, 16, 6], "uv": [104, 0]},
						{"origin": [-16.5, 19, -14], "size": [6, 16, 6], "pivot": [-13.5, 20.92241, -11], "rotation": [-90, 0, 0], "uv": [104, 22]}
					]
				},
				{
					"name": "arm1",
					"parent": "body",
					"pivot": [10, 37.44244, 1.13694],
					"cubes": [
						{"origin": [10.5, 23, -3], "size": [6, 16, 6], "uv": [104, 0], "mirror": true},
						{"origin": [10.5, 19, -14], "size": [6, 16, 6], "pivot": [13.5, 20.92241, -11], "rotation": [-90, 0, 0], "uv": [104, 22], "mirror": true}
					]
				},
				{
					"name": "head",
					"parent": "body",
					"pivot": [0, 38.935, -4],
					"cubes": [
						{"origin": [-4, 38.935, -9.47553], "size": [8, 10, 8], "uv": [0, 72]},
						{"origin": [-1, 38.5, -11.47553], "size": [2, 4, 2], "uv": [24, 72]}
					]
				},
				{
					"name": "body",
					"parent": "all",
					"pivot": [0.125, 17.5, -1],
					"cubes": [
						{"origin": [-6.75, 16.00381, -6], "size": [14, 16, 12], "inflate": -1.5, "uv": [0, 44]},
						{"origin": [-12, 29, -8], "size": [24, 12, 16], "inflate": -1.5, "uv": [0, 16]}
					]
				}
			]
		}
	]
}