{
	"format_version": "1.12.0",
	"minecraft:geometry": [
		{
			"description": {
				"identifier": "geometry.Vindicatorrmutant",
				"texture_width": 160,
				"texture_height": 160,
				"visible_bounds_width": 7,
				"visible_bounds_height": 4.5,
				"visible_bounds_offset": [0, 1.75, 0]
			},
			"bones": [
				{
					"name": "All",
					"pivot": [0, 0, 0]
				},
				{
					"name": "Leg",
					"parent": "All",
					"pivot": [-5.2738, 15.5, 6.34971],
					"rotation": [-49.91643, 2.11089, 4.53359],
					"cubes": [
						{"origin": [-8.2738, 5, 3.34971], "size": [6, 11, 6], "uv": [80, 56]},
						{"origin": [-6.2738, 15.5, 6.34971], "size": [1, 1, 1], "uv": [0, 0]}
					]
				},
				{
					"name": "Leg2",
					"parent": "Leg",
					"pivot": [-5.23165, 7.8085, 5.75776],
					"rotation": [50, 0, -5],
					"cubes": [
						{"origin": [-8.31064, -3.55184, 1.99317], "size": [6, 11, 6], "uv": [32, 56]}
					]
				},
				{
					"name": "Leg3",
					"parent": "All",
					"pivot": [5.2738, 15.5, 6.34971],
					"rotation": [-49.91643, -2.11089, -4.53359],
					"cubes": [
						{"origin": [2.2738, 5, 3.34971], "size": [6, 11, 6], "uv": [80, 56], "mirror": true}
					]
				},
				{
					"name": "Leg4",
					"parent": "Leg3",
					"pivot": [5.23165, 7.8085, 5.75776],
					"rotation": [50, 0, 5],
					"cubes": [
						{"origin": [2.31064, -3.55184, 1.99317], "size": [6, 11, 6], "uv": [32, 56], "mirror": true}
					]
				},
				{
					"name": "Body",
					"parent": "All",
					"pivot": [0.125, 15, 8],
					"rotation": [15, 0, 0],
					"cubes": [
						{"origin": [-6.75, 14.00381, 1.91284], "size": [14, 16, 12], "uv": [52, 28]},
						{"origin": [-6.75, 14.00381, 1.91284], "size": [14, 16, 12], "inflate": 0.5, "uv": [0, 28]}
					]
				},
				{
					"name": "Body2",
					"parent": "Body",
					"pivot": [0, 28.07196, 7.3952],
					"rotation": [30, 0, 0],
					"cubes": [
						{"origin": [-12, 27.2528, -1.17837], "size": [24, 12, 16], "inflate": 0.5, "uv": [0, 0], "mirror": true},
						{"origin": [-12, 27.2528, -1.17837], "size": [24, 12, 16], "uv": [80, 0], "mirror": true}
					]
				},
				{
					"name": "Head",
					"parent": "Body2",
					"pivot": [0, 39.00315, 4.00683],
					"rotation": [-45, 0, 0],
					"cubes": [
						{"origin": [-4, 39.00315, 0.00683], "size": [8, 10, 8], "uv": [0, 56], "mirror": true},
						{"origin": [-1, 38.5, -2], "size": [2, 4, 2], "uv": [24, 78]}
					]
				},
				{
					"name": "Arm",
					"parent": "Body2",
					"pivot": [-12, 33.51059, 7.6193],
					"rotation": [-30.99693, 9.82079, 23.75682],
					"cubes": [
						{"origin": [-14.75, 20.90317, 4.3695], "size": [6, 16, 6], "uv": [56, 56]}
					]
				},
				{
					"name": "Arm2",
					"parent": "Arm",
					"pivot": [-11.75, 20.99055, 7.6193],
					"rotation": [-60, 0, 0],
					"cubes": [
						{"origin": [-14.75, 4.99056, 5.02044], "size": [6, 16, 6], "uv": [32, 56]}
					]
				},
				{
					"name": "Weapon",
					"parent": "Arm2",
					"pivot": [-12, 8.5, 7.70588],
					"rotation": [90, 0, 0],
					"cubes": [
						{"origin": [-13, -12, 7], "size": [2, 29, 2], "uv": [83, 98]},
						{"origin": [-13, 26, 7], "size": [2, 10, 2], "inflate": 0.5, "uv": [123, 82]},
						{"origin": [-13, 30, 9], "size": [2, 4, 2], "uv": [123, 82]},
						{"origin": [-13, 30.5, 11], "size": [2, 4, 2], "inflate": 0.1, "uv": [123, 82]},
						{"origin": [-13, 31, 12], "size": [2, 4, 2], "inflate": 0.2, "uv": [123, 82]},
						{"origin": [-13, 24, 14], "size": [2, 10, 2], "pivot": [-12, 32, 14], "rotation": [47.5, 0, 0], "uv": [123, 82]},
						{"origin": [-13, 28, 14], "size": [2, 2, 2], "inflate": 0.4, "pivot": [-12, 32, 14], "rotation": [47.5, 0, 0], "uv": [123, 82]},
						{"origin": [-13, 26, 14], "size": [2, 6, 2], "inflate": 0.2, "pivot": [-12, 32, 14], "rotation": [47.5, 0, 0], "uv": [123, 82]},
						{"origin": [-13, 26, 6], "size": [2, 10, 1], "uv": [123, 82]},
						{"origin": [-13, 25, 5], "size": [2, 12, 1], "inflate": 0.05, "uv": [123, 82]},
						{"origin": [-13, 24, 3], "size": [2, 14, 2], "inflate": 0.1, "uv": [123, 82]},
						{"origin": [-13, 23, 1], "size": [2, 16, 2], "inflate": 0.15, "uv": [123, 82]},
						{"origin": [-13, 23, -2], "size": [2, 16, 1], "inflate": 0.15, "uv": [123, 82]},
						{"origin": [-13, 24, -3], "size": [2, 14.5, 1], "inflate": 0.1, "uv": [123, 82]},
						{"origin": [-13, 22, -1], "size": [2, 18, 2], "inflate": 0.2, "uv": [123, 82]},
						{"origin": [-13, 36, 7], "size": [2, 1, 2], "inflate": 0.45, "uv": [123, 82]},
						{"origin": [-13, 25, 7], "size": [2, 1, 2], "inflate": 0.45, "uv": [123, 82]},
						{"origin": [-13, 37, 7], "size": [2, 1, 2], "inflate": 0.4, "uv": [123, 82]},
						{"origin": [-13, 24, 7], "size": [2, 1, 2], "inflate": 0.4, "uv": [123, 82]},
						{"origin": [-13, 38, 7], "size": [2, 1, 2], "inflate": 0.35, "uv": [123, 82]},
						{"origin": [-13, 23, 7], "size": [2, 1, 2], "inflate": 0.35, "uv": [123, 82]},
						{"origin": [-13, 39, 7], "size": [2, 1, 2], "inflate": 0.3, "uv": [123, 82]},
						{"origin": [-13, 22, 7], "size": [2, 1, 2], "inflate": 0.3, "uv": [123, 82]},
						{"origin": [-13, 40, 7], "size": [2, 1, 2], "inflate": 0.25, "uv": [123, 82]},
						{"origin": [-13, 21, 7], "size": [2, 1, 2], "inflate": 0.25, "uv": [123, 82]},
						{"origin": [-13, 41, 7], "size": [2, 1, 2], "inflate": 0.2, "uv": [123, 82]},
						{"origin": [-13, 20, 7], "size": [2, 1, 2], "inflate": 0.2, "uv": [123, 82]},
						{"origin": [-13, 42, 7], "size": [2, 1, 2], "inflate": 0.15, "uv": [123, 82]},
						{"origin": [-13, 19, 7], "size": [2, 1, 2], "inflate": 0.15, "uv": [123, 82]},
						{"origin": [-13, 43, 7], "size": [2, 1, 2], "inflate": 0.1, "uv": [123, 82]},
						{"origin": [-13, 18, 7], "size": [2, 1, 2], "inflate": 0.1, "uv": [123, 82]},
						{"origin": [-13, 44, 7], "size": [2, 1, 2], "inflate": 0.05, "uv": [123, 82]},
						{"origin": [-13, 17, 7], "size": [2, 1, 2], "inflate": 0.05, "uv": [123, 82]},
						{"origin": [-13, 45, 7], "size": [2, 1, 2], "uv": [123, 82]}
					]
				},
				{
					"name": "Arm3",
					"parent": "Body2",
					"pivot": [12, 33.51059, 7.6193],
					"rotation": [-71.35838, 0, 0],
					"cubes": [
						{"origin": [8.75, 20.90317, 4.3695], "size": [6, 16, 6], "uv": [56, 56], "mirror": true}
					]
				},
				{
					"name": "Arm4",
					"parent": "Arm3",
					"pivot": [11.75, 20.99055, 7.6193],
					"rotation": [-60, 0, 0],
					"cubes": [
						{"origin": [8.75, 4.99056, 5.02044], "size": [6, 16, 6], "uv": [32, 56], "mirror": true}
					]
				},
				{
					"name": "Shield",
					"parent": "Arm4",
					"pivot": [12.75, 5.92241, 8.53808],
					"cubes": [
						{"origin": [4.75, 4.92241, -4.46192], "size": [16, 1, 26], "uv": [43, 133], "mirror": true}
					]
				}
			]
		}
	]
}