{
	"format_version": "1.8.0",
	"animations": {
		"animation.Skeleton_mutant.attack": {
			"animation_length": 1.04,
			"bones": {
				"All": {
					"position": {
						"0.0": [0, 0, 0],
						"0.32": [0, -3, -11],
						"0.52": [0, 0, 0],
						"1.04": [0, 0, 0]
					}
				},
				"Leg3": {
					"rotation": {
						"0.0": [0, 0, 0],
						"0.32": [10, 0, 0],
						"0.52": [0, 0, 0],
						"1.04": [0, 0, 0]
					}
				},
				"Leg4": {
					"rotation": {
						"0.0": [0, 0, 0],
						"0.32": [30, 0, 0],
						"0.52": [0, 0, 0],
						"1.04": [0, 0, 0]
					}
				},
				"Leg": {
					"rotation": {
						"0.0": [0, 0, 0],
						"0.32": [-20, 0, 0],
						"0.52": [5, 0, 0],
						"1.04": [0, 0, 0]
					}
				},
				"Leg2": {
					"rotation": {
						"0.0": [0, 0, 0],
						"0.32": [20, 0, 0],
						"0.52": [20, 0, 0],
						"1.04": [0, 0, 0]
					}
				},
				"Body2": {
					"rotation": {
						"0.0": [0, 0, 0],
						"0.32": [-10, -30, 0],
						"0.52": [20, 20, 0],
						"1.04": [0, 0, 0]
					}
				},
				"Shoulderpad": {
					"rotation": {
						"0.0": [0, 0, 0],
						"0.32": [0, 0, 0],
						"0.52": [0, 0, 0],
						"1.04": [0, 0, 0]
					}
				},
				"Arm": {
					"rotation": {
						"0.0": [0, 0, 0],
						"0.32": [-60, 0, 50],
						"0.52": [0, 0, 50],
						"1.04": [0, 0, 0]
					}
				},
				"Arm2": {
					"rotation": {
						"0.0": [0, 0, 0],
						"0.32": [0, 0, 0],
						"0.52": [0, 0, 0],
						"1.04": [0, 0, 0]
					}
				}
			}
		},
		"animation.Skeleton_mutant.walk": {
			"loop": true,
			"animation_length": 1.4,
			"anim_time_update": "query.modified_distance_moved * 0.1",
			"bones": {
				"Body": {
					"rotation": {
						"0.0": [5, 0, 0],
						"0.7": [15, 0, 0],
						"1.4": [5, 0, 0]
					},
					"position": {
						"0.0": [0, 0, 0],
						"0.7": [0, -1, 0],
						"1.4": [0, 0, 0]
					}
				},
				"Arm": {
					"rotation": {
						"0.0": [-30, 0, 0],
						"0.7": [30, 0, 0],
						"1.4": [-30, 0, 0]
					}
				},
				"Arm2": {
					"rotation": {
						"0.0": [-15, 0, 0],
						"0.7": [0, 0, 0],
						"1.4": [-15, 0, 0]
					}
				},
				"Arm3": {
					"rotation": {
						"0.0": [30, 0, -5],
						"0.7": [-30, 0, 5],
						"1.4": [30, 0, -5]
					}
				},
				"Arm4": {
					"rotation": {
						"0.0": [0, 0, 0],
						"0.7": [-15, 0, 0],
						"1.4": [0, 0, 0]
					}
				},
				"Head": {
					"rotation": {
						"0.0": [5, 0, 0],
						"1.4": [5, 0, 0]
					}
				},
				"Leg": {
					"rotation": {
						"0.0": [-25, 0, 0],
						"0.35": [-10, 0, 0],
						"0.7": [10, 0, 0],
						"1.15": [-30, 0, 0],
						"1.4": [-25, 0, 0]
					}
				},
				"Leg2": {
					"rotation": {
						"0.0": [10, 0, 0],
						"0.35": [25, 0, 0],
						"0.7": [30, 0, 0],
						"1.15": [65, 0, 0],
						"1.4": [10, 0, 0]
					}
				},
				"Leg3": {
					"rotation": {
						"0.0": [10, 0, 0],
						"0.35": [-40, 0, 0],
						"0.7": [-30, 0, 0],
						"1.15": [-10, 0, 0],
						"1.4": [10, 0, 0]
					}
				},
				"Leg4": {
					"rotation": {
						"0.0": [30, 0, 0],
						"0.35": [70, 0, 0],
						"0.7": [20, 0, 0],
						"1.15": [25, 0, 0],
						"1.4": [30, 0, 0]
					}
				},
				"All": {
					"rotation": {
						"0.0": [0, 0, 0],
						"0.35": [0, 0, -5],
						"1.15": [0, 0, 5],
						"1.4": [0, 0, 0]
					},
					"position": {
						"0.0": [0, -3, 0],
						"0.7": [0, -2, 0],
						"1.4": [0, -3, 0]
					}
				}
			}
		},
		"animation.Skeleton_mutant.reload": {
			"loop": true,
			"animation_length": 1.66,
			"override_previous_animation": true,
			"bones": {
			    "Arm": {
					"rotation": {
						"0.0": [0, 0, 0],
						"0.52": [-90, 0, 90],
						"1.04": [-90, 0, 90],
						"1.56": [-72.5, 15, 75]
					}
				},
				"Arm2": {
					"rotation": {
						"0.0": [0, 0, 0],
						"0.52": [0, 0, 0],
						"1.04": [0, 0, 0],
						"1.56": [25, 0, 0]
					}
				},
				"String": {
					"rotation": {
						"0.52": [0, 0, 0],
						"1.04": [30, 0, 0],
						"1.56": [30, 0, 0],
						"1.6": [0, 0, 0]
					},
					"scale": {
						"0.52": [1, 1, 1],
						"1.04": [1, 1, 1.2],
						"1.56": [1, 1, 1.2],
						"1.6": [1, 1, 1.2]
					}
				},
				"Arm3": {
					"rotation": {
						"0.0": [0, 0, 0],
						"0.52": [-80, 0, -80],
						"1.04": [-90, 0, -70],
						"1.56": [0, 0, 0]
					}
				},
				"Arm4": {
					"rotation": {
						"0.0": [0, 0, 0],
						"0.52": [-50, -30, 0],
						"1.04": [-80, -15, 0],
						"1.56": [0, 0, 0]
					}
				},
				"String2": {
					"rotation": {
						"0.52": [0, 0, 0],
						"1.04": [-30, 0, 0],
						"1.56": [-30, 0, 0],
						"1.6": [0, 0, 0]
					},
					"scale": {
						"0.52": [1, 1, 1],
						"1.04": [1, 1, 1.2],
						"1.56": [1, 1, 1.2],
						"1.6": [1, 1, 1.2]
					}
				},
				"arrow": {
					"rotation": {
						"0.0": [0, 0, 0],
						"0.52": [0, 0, 0],
						"1.04": [0, 0, 0]
					},
					"position": {
						"0.52": [0, 0, 0],
						"1.04": [0, 8, 0]
					},
			        "scale": {
			        "0.0": [1, 1, 0.5],
				    "1.56": [1, 1, 0.5],
					"1.6": [0, 0, 0]
				}
			},
			"arrow2": {
					"rotation": {
						"0.0": [0, 0, 0],
						"0.52": [0, 0, 0],
						"1.04": [0, 0, 0]
					},
					"position": {
						"0.52": [0, 0, 0],
						"1.04": [0, 8, 0]
					},
					"scale": {
			        "0.0": [1, 1, 0.5],
				    "1.56": [1, 1, 0.5],
					"1.6": [0, 0, 0]
				}
			},
			"arrow3": {
					"rotation": {
						"0.0": [0, 0, 0],
						"0.52": [0, 0, 0],
						"1.04": [0, 0, 0]
					},
					"position": {
						"0.52": [0, 0, 0],
						"1.04": [0, 8, 0]
					},
					"scale": {
			        "0.0": [1, 1, 0.5],
				    "1.56": [1, 1, 0.5],
					"1.6": [0, 0, 0]
				}
			},
			"arrow4": {
					"rotation": {
						"0.0": [0, 0, 0],
						"0.52": [0, 0, 0],
						"1.04": [0, 0, 0]
					},
					"position": {
						"0.52": [0, 0, 0],
						"1.04": [0, 8, 0]
					},
					"scale": {
			        "0.0": [1, 1, 0.5],
				    "1.56": [1, 1, 0.5],
					"1.6": [0, 0, 0]
				}
			},
			"arrow5": {
					"rotation": {
						"0.0": [0, 0, 0],
						"0.52": [0, 0, 0],
						"1.04": [0, 0, 0]
					},
					"position": {
						"0.52": [0, 0, 0],
						"1.04": [0, 8, 0]
					},
					"scale": {
			        "0.0": [1, 1, 0.5],
				    "1.56": [1, 1, 0.5],
					"1.6": [0, 0, 0]
				}
			},
			"arrow6": {
					"rotation": {
						"0.0": [0, 0, 0],
						"0.52": [0, 0, 0],
						"1.04": [0, 0, 0]
					},
					"position": {
						"0.52": [0, 0, 0],
						"1.04": [0, 8, 0]
					},
					"scale": {
			        "0.0": [1, 1, 0.5],
				    "1.56": [1, 1, 0.5],
					"1.6": [0, 0, 0]
				}
			},
			"arrow7": {
					"rotation": {
						"0.0": [0, 0, 0],
						"0.52": [0, 0, 0],
						"1.04": [0, 0, 0]
					},
					"position": {
						"0.52": [0, 0, 0],
						"1.04": [0, 8, 0]
					},
					"scale": {
			        "0.0": [1, 1, 0.5],
				    "1.56": [1, 1, 0.5],
					"1.6": [0, 0, 0]
				}
			},
			"arrow8": {
					"rotation": {
						"0.0": [0, 0, 0],
						"0.52": [0, 0, 0],
						"1.04": [0, 0, 0]
					},
					"position": {
						"0.52": [0, 0, 0],
						"1.04": [0, 8, 0]
					},
					"scale": [1, 1, 0.5]
				
			},
			"arrow9": {
					"rotation": {
						"0.0": [0, 0, 0],
						"0.52": [0, 0, 0],
						"1.04": [0, 0, 0]
					},
					"position": {
						"0.52": [0, 0, 0],
						"1.04": [0, 8, 0]
					},
					"scale": {
			        "0.0": [1, 1, 0.5],
				    "1.56": [1, 1, 0.5],
					"1.6": [0, 0, 0]
				  }
			   }
			}
		},
		"animation.Skeleton_mutant.reload2": {
			"loop": "hold_on_last_frame",
			"animation_length": 2.16,
			"override_previous_animation": true,
			"bones": {
				"Arm": {
					"rotation": {
						"0.0": [0, 0, 0],
						"0.52": [-90, 0, 90],
						"1.04": [-90, 0, 90],
						"1.56": [-72.5, 105, 75]
					}
				},
				"Arm2": {
					"rotation": {
						"0.0": [0, 0, 0],
						"0.52": [0, 0, 0],
						"1.04": [0, 0, 0],
						"1.56": [25, 0, 0]
					}
				},
				"String": {
					"rotation": {
						"0.52": [0, 0, 0],
						"1.04": [30, 0, 0],
						"1.56": [30, 0, 0],
						"1.6": [0, 0, 0]
					},
					"scale": {
						"0.52": [1, 1, 1],
						"1.04": [1, 1, 1.2],
						"1.56": [1, 1, 1.2],
						"2.16": [1, 1, 1.2]
					}
				},
				"Arm3": {
					"rotation": {
						"0.0": [0, 0, 0],
						"0.52": [-80, 0, -80],
						"1.04": [-90, 0, -70],
						"1.56": [0, 0, 0]
					}
				},
				"Arm4": {
					"rotation": {
						"0.0": [0, 0, 0],
						"0.52": [-50, -30, 0],
						"1.04": [-80, -15, 0],
						"1.56": [0, 0, 0]
					}
				},
				"String2": {
					"rotation": {
						"0.52": [0, 0, 0],
						"1.04": [-30, 0, 0],
						"1.56": [-30, 0, 0],
						"1.6": [0, 0, 0]
					},
					"scale": {
						"0.52": [1, 1, 1],
						"1.04": [1, 1, 1.2],
						"1.56": [1, 1, 1.2],
						"2.16": [1, 1, 1.2]
					}
				},
				"arrow": {
					"rotation": {
						"0.0": [0, 0, 0],
						"0.52": [0, 0, 0],
						"1.04": [0, 0, 0]
					},
					"position": {
						"0.52": [0, 0, 0],
						"1.04": [0, 8, 0],
						"1.56": [0, 8, 0],
						"2.16": [0, -700, 0]
					},
					"scale": [1, 1, 0.5]
				},
				"arrow2": {
					"rotation": {
						"0.0": [0, 0, 0],
						"0.52": [0, 0, 0],
						"1.04": [0, 0, 0]
					},
					"position": {
						"0.52": [0, 0, 0],
						"1.04": [0, 8, 0],
						"1.56": [0, 8, 0],
						"2.16": [120, -700, 0]
					},
					"scale": [1, 1, 0.5]
				},
				"arrow3": {
					"rotation": {
						"0.0": [0, 0, 0],
						"0.52": [0, 0, 0],
						"1.04": [0, 0, 0]
					},
					"position": {
						"0.52": [0, 0, 0],
						"1.04": [0, 8, 0],
						"1.56": [0, 8, 0],
						"2.16": [-120, -700, 0]
					},
					"scale": [1, 1, 0.5]
				},
				"arrow4": {
					"rotation": {
						"0.0": [0, 0, 0],
						"0.52": [0, 0, 0],
						"1.04": [0, 0, 0]
					},
					"position": {
						"0.52": [0, 0, 0],
						"1.04": [0, 8, 0],
						"1.56": [0, 8, 0],
						"2.16": [0, -700, 12]
					},
					"scale": [1, 1, 0.5]
				},
				"arrow5": {
					"rotation": {
						"0.0": [0, 0, 0],
						"0.52": [0, 0, 0],
						"1.04": [0, 0, 0]
					},
					"position": {
						"0.52": [0, 0, 0],
						"1.04": [0, 8, 0],
						"1.56": [0, 8, 0],
						"2.16": [0, -700, -120]
					},
					"scale": [1, 1, 0.5]
				},
				"arrow6": {
					"rotation": {
						"0.0": [0, 0, 0],
						"0.52": [0, 0, 0],
						"1.04": [0, 0, 0]
					},
					"position": {
						"0.52": [0, 0, 0],
						"1.04": [0, 8, 0],
						"1.56": [0, 8, 0],
						"2.16": [120, -700, 120]
					},
					"scale": [1, 1, 0.5]
				},
				"arrow7": {
					"rotation": {
						"0.0": [0, 0, 0],
						"0.52": [0, 0, 0],
						"1.04": [0, 0, 0]
					},
					"position": {
						"0.52": [0, 0, 0],
						"1.04": [0, 8, 0],
						"1.56": [0, 8, 0],
						"2.16": [-120, -700, -120]
					},
					"scale": [1, 1, 0.5]
				},
				"arrow8": {
					"rotation": {
						"0.0": [0, 0, 0],
						"0.52": [0, 0, 0],
						"1.04": [0, 0, 0]
					},
					"position": {
						"0.52": [0, 0, 0],
						"1.04": [0, 8, 0],
						"1.56": [0, 8, 0],
						"2.16": [120, -700, -120]
					},
					"scale": [1, 1, 0.5]
				},
				"arrow9": {
					"rotation": {
						"0.0": [0, 0, 0],
						"0.52": [0, 0, 0],
						"1.04": [0, 0, 0]
					},
					"position": {
						"0.52": [0, 0, 0],
						"1.04": [0, 8, 0],
						"1.56": [0, 8, 0],
						"2.16": [-120, -700, 120]
					},
					"scale": [1, 1, 0.5]
				}
			}
		},
		"animation.Skeleton_mutant.ribs_attack": {
			"animation_length": 3.08,
			"bones": {
				"bone": {
					"rotation": {
						"0.0": [0, 0, 0],
						"0.52": [0, 20, 0],
						"0.8": [0, 25, 0],
						"1.04": [0, -5, 0],
						"2.56": [0, -5, 0],
						"3.08": [0, 0, 0]
					}
				},
				"bone4": {
					"rotation": {
						"0.0": [0, 0, 0],
						"0.52": [0, -20, 0],
						"0.8": [0, -25, 0],
						"1.04": [0, 5, 0],
						"2.56": [0, 5, 0],
						"3.08": [0, 0, 0]
					}
				},
				"bone7": {
					"rotation": {
						"0.0": [0, 0, 0],
						"0.52": [0, 35, 0],
						"0.8": [0, 40, 0],
						"1.04": [0, -15, 0],
						"2.56": [0, -15, 0],
						"3.08": [0, 0, 0]
					}
				},
				"bone10": {
					"rotation": {
						"0.0": [0, 0, 0],
						"0.52": [0, -35, 0],
						"0.8": [0, -40, 0],
						"1.04": [0, 10, 0],
						"2.56": [0, 10, 0],
						"3.08": [0, 0, 0]
					}
				},
				"bone13": {
					"rotation": {
						"0.0": [0, 0, 0],
						"0.52": [0, 50, 0],
						"0.8": [0, 55, 0],
						"1.04": [0, -15, 0],
						"2.56": [0, -15, 0],
						"3.08": [0, 0, 0]
					}
				},
				"bone14": {
					"rotation": {
						"0.0": [0, 0, 0],
						"0.52": [0, 0, 0],
						"0.8": [0, 0, 0],
						"2.04": [0, 0, 0],
						"3.08": [0, 0, 0]
					}
				},
				"bone16": {
					"rotation": {
						"0.0": [0, 0, 0],
						"0.52": [0, -50, 0],
						"0.8": [0, -55, 0],
						"1.04": [0, 15, 0],
						"2.56": [0, 15, 0],
						"3.08": [0, 0, 0]
					}
				},
				"Body2": {
					"rotation": {
						"0.0": [0, 0, 0],
						"0.52": [-10, 0, 0],
						"0.8": [-15, 0, 0],
						"1.04": [10, 0, 0],
						"2.56": [10, 0, 0],
						"3.08": [0, 0, 0]
					}
				},
				"Body3": {
					"rotation": {
						"0.0": [0, 0, 0],
						"0.52": [-10, 0, 0],
						"0.8": [-15, 0, 0],
						"1.04": [10, 0, 0],
						"2.56": [10, 0, 0],
						"3.08": [0, 0, 0]
					}
				},
				"Body4": {
					"rotation": {
						"0.0": [0, 0, 0],
						"0.52": [-10, 0, 0],
						"0.8": [-15, 0, 0],
						"1.04": [10, 0, 0],
						"2.56": [10, 0, 0],
						"3.08": [0, 0, 0]
					}
				},
				"Body5": {
					"rotation": {
						"0.0": [0, 0, 0],
						"0.52": [-10, 0, 0],
						"0.8": [-15, 0, 0],
						"1.04": [10, 0, 0],
						"2.56": [10, 0, 0],
						"3.08": [0, 0, 0]
					}
				},
				"Mouth": {
					"rotation": {
						"0.0": [0, 0, 0],
						"0.52": [-5, 0, 0],
						"0.8": [-5, 0, 0],
						"1.04": [35, 0, 0],
						"2.56": [35, 0, 0],
						"3.08": [0, 0, 0]
					}
				},
				"Arm": {
					"rotation": {
						"0.0": [0, 0, 0],
						"0.52": [40, 0, 0],
						"0.8": [45, 0, 0],
						"1.04": [-90, 0, 0],
						"2.56": [-90, 0, 0],
						"3.08": [0, 0, 0]
					}
				},
				"Arm2": {
					"rotation": {
						"0.0": [0, 0, 0],
						"0.52": [0, 0, 0],
						"0.8": [0, 0, 0],
						"1.04": [-30, 0, 0],
						"2.56": [-30, 0, 0],
						"3.08": [0, 0, 0]
					}
				},
				"Arm3": {
					"rotation": {
						"0.0": [0, 0, 0],
						"0.52": [10, 0, 0],
						"0.8": [10, 0, 0],
						"1.04": [15, 0, -20],
						"2.56": [15, 0, -20],
						"3.08": [0, 0, 0]
					}
				},
				"Arm4": {
					"rotation": {
						"0.0": [0, 0, 0],
						"0.52": [-30, 0, 0],
						"0.8": [-35, 0, 0],
						"1.04": [0, 0, 0],
						"2.56": [0, 0, 0],
						"3.08": [0, 0, 0]
					}
				},
				"All": {
					"position": {
						"0.8": [0, 0, 0],
						"1.04": [0, -3, -11],
						"2.56": [0, -3, -11],
						"3.08": [0, 0, 0]
					}
				},
				"Leg3": {
					"rotation": {
						"0.8": [0, 0, 0],
						"1.04": [10, 0, 0],
						"2.56": [10, 0, 0],
						"3.08": [0, 0, 0]
					}
				},
				"Leg4": {
					"rotation": {
						"0.8": [0, 0, 0],
						"1.04": [30, 0, 0],
						"2.56": [30, 0, 0],
						"3.08": [0, 0, 0]
					}
				},
				"Leg": {
					"rotation": {
						"0.8": [0, 0, 0],
						"1.04": [-20, 0, 0],
						"2.56": [-20, 0, 0],
						"3.08": [0, 0, 0]
					}
				},
				"Leg2": {
					"rotation": {
						"0.8": [0, 0, 0],
						"1.04": [20, 0, 0],
						"2.56": [20, 0, 0],
						"3.08": [0, 0, 0]
					}
				},
				"Head": {
					"rotation": {
						"0.0": [0, 0, 0],
						"0.52": [0, 0, 0],
						"0.8": [0, 0, 0],
						"1.04": [-30, 0, 0],
						"2.56": [-30, 0, 0],
						"3.08": [0, 0, 0]
					},
					"position": {
						"0.0": [0, 0, 0],
						"0.52": [0, 0, 0],
						"0.8": [0, 0, 0],
						"1.04": [0, 0, -3],
						"2.56": [0, 0, -3],
						"3.08": [0, 0, 0]
					}
				}
			}
		}
	}
}