{
  "format_version": "1.8.0",
  "minecraft:entity": {
    "description": {
      "identifier": "rhex:fmutant_enderman",
      "is_spawnable": true,
      "is_summonable": true,
      "is_experimental": false,
    "scripts": {
        "animate": [
           "dead",
          { "attack": "query.is_delayed_attacking && !query.is_sheared && !query.is_saddled" },
          { "clear": "query.is_roaring" }
        ]
      },
      "animations": {
        "dead": "controller.animation.mdead",
        "attack": "animation.meattack",
        "clear": "animation.mesr"
      }
    },
    "component_groups": {
    "dead": {
    "minecraft:scale": {
        "value": 0.0
      },
"minecraft:transformation": {
          "into": "rhex:fmutant_enderman_dead",
          "delay": 0
        }
        },
        "minecraft:spawn_entity": [
	    {
		  "min_wait_time": 0,
		  "max_wait_time": 0,
		  "num_to_spawn": 1,
		  "single_use": true,
		  "spawn_entity": "minecraft:xp_bottle"
		}
	  ],
        "minecraft:scale": {
          "value": 0
      
     },
      "minecraft:enderman_calm": {
        "minecraft:on_target_acquired": {
          "event": "minecraft:become_angry",
          "target": "self"
        },
        
        "minecraft:movement": {
          "value": 0.3
        }
      },
        "roar": {
        "minecraft:is_shaking": {
        },
        "minecraft:mob_effect": {
          "effect_range": 10,
          "mob_effect": "weakness",
          "effect_time": 3,
          "entity_filter": {
            "any_of": [
              { "test": "is_family", "subject": "other", "value": "player" },
              { "test": "is_family", "subject": "other", "value": "mob" },
              { "test": "is_family", "subject": "other", "value": "monster" }
            ] 
        }
      },
        "minecraft:spell_effects": {
          "add_effects": [
            {
              "effect": "resistance",
              "amplifier": 255,
              "visible": false,
              "ambient": false,
              "duration": 7
            }
          ]
          },
          "minecraft:spawn_entity": [
	    {
		  "min_wait_time": 0.2,
		  "max_wait_time": 0.2,
		  "num_to_spawn": 7,
		  "single_use": true,
		  "spawn_entity": "rhex:block"
}
],
        "minecraft:behavior.knockback_roar": {
          "priority": 0,
          "duration": 5.86,
          "attack_time": 0.2,
          "knockback_damage": 30,
          "knockback_strength": 7,
          "knockback_range": 10,
          "knockback_filters": {
            "test": "is_family",
            "subject": "other",
            "operator": "!=",
            "value": "enderman"
          },
          "damage_filters": {
            "test": "is_family",
            "subject": "other",
            "operator": "!=",
            "value": "enderman"
          },
          "cooldown_time": 99999
        
        },
        
        "minecraft:timer": {
          "looping": false,
			"time": [5.86, 5.86],
          "time_down_event": {
          "event": "clone_or_range_attack"
          }
          }
          },
          "range": {
          "minecraft:is_charged": {
        },
        "minecraft:behavior.summon_entity": {
        "priority": 0,
        "summon_choices": [
        {
            "weight": 100,
            "cooldown_time": 2.5,
            "cast_duration": 0,
            "particle_color": "#FF664D59",
            "start_sound_event": "cast.spell",
            "sequence": [
              {
                "shape": "line",
                "target": "self",
                "base_delay": 0,
                "delay_per_summon": 0.0001,
                "num_entities_spawned": 16,
                "entity_type": "rhex:exespike",
                "size": 20,
                "entity_lifespan": 1.04
                },
                {
                "shape": "circle",
                "target": "self",
                "base_delay": 0,
                "delay_per_summon": 0.0001,
                "num_entities_spawned": 5,
                "entity_type": "rhex:exespike",
                "size": 1.5,
                "entity_lifespan": 1.04
              },
              {
                "shape": "circle",
                "target": "self",
                "base_delay": 0,
                "delay_per_summon": 0.0001,
                "num_entities_spawned": 8,
                "entity_type": "rhex:exespike",
                "size": 2.5,
                "entity_lifespan": 1.04
                },
                {
                "shape": "circle",
                "target": "target",
                "base_delay": 0,
                "delay_per_summon": 0.0001,
                "num_entities_spawned": 5,
                "entity_type": "rhex:exespike",
                "size": 1.5,
                "entity_lifespan": 1.04
              },
              {
                "shape": "circle",
                "target": "target",
                "base_delay": 0,
                "delay_per_summon": 0.0001,
                "num_entities_spawned": 8,
                "entity_type": "rhex:exespike",
                "size": 2.5,
                "entity_lifespan": 1.04
              }
            ]
          }
        ]
      },
        "minecraft:shooter": {
        "type": "smallfireball",
        "def": "rhex:mutant_enderman_block"
      },
      
      "minecraft:behavior.ranged_attack":{
      "priority": 1,
"attack_interval_min":0.6,
"attack_interval_max":1.6,
"attack_radius":64,
"burst_shots":5,
"burst_interval":0.5
},        
      "minecraft:timer": {
          "looping": false,
			"time": [8.0, 8.0],
          "time_down_event": {
          "event": "attack"
          }
          }
          },
          "clone": {
          "minecraft:is_sheared": {
          },
          "minecraft:behavior.melee_attack": {
          "priority": 2,
          "speed_multiplier": 1.0,
          "track_target": false
        
        },
        "minecraft:behavior.summon_entity": {
        "priority": 1,
        "summon_choices": [
        {
            "weight": 100,
            "cooldown_time": 0.4,
            "cast_duration": 0,
            "particle_color": "#FF664D59",
            "start_sound_event": "cast.spell",
            "sequence": [
              {
                "shape": "line",
                "target": "self",
                "base_delay": 0,
                "delay_per_summon": 0.1,
                "num_entities_spawned": 16,
                "entity_type": "rhex:exlaser",
                "size": 20,
                "entity_lifespan": 1.04
              }
            ]
          }
        ]
      },
          "minecraft:spawn_entity": [
	    {
		  "min_wait_time": 0.0001,
		  "max_wait_time": 0.0001,
		  "num_to_spawn": 20,
		  "single_use": true,
		  "spawn_entity": "rhex:meclone"
		
		}
	  ],
	"minecraft:attack": {
        "damage": 6,
        "effect_name": "blindness",
        "effect_duration": 3
      },
	"minecraft:spell_effects": {
          "add_effects": [
            {
            "effect": "resistance",
              "amplifier": 3,
              "visible": false,
              "ambient": false,
              "duration": 8
              },
            {
              "effect": "regeneration",
              "amplifier": 4,
              "visible": false,
              "ambient": false,
              "duration": 8
            }
          ]
          },
          "minecraft:timer": {
          "looping": false,
			"time": [8.0, 8.0],
          "time_down_event": {
          "event": "attack"
          }
          }
          },
      "minecraft:enderman_angry": {
      "minecraft:teleport": {
        "random_teleports": true,
        "max_random_teleport_time": 15,
        "random_teleport_cube": [ 12, 12, 12 ],
        "target_distance": 5,
        "target_teleport_chance": 0.15,
        "light_teleport_chance": 0.025
      },
        "minecraft:on_target_escape": {
        "event": "minecraft:on_calm",
        "target": "self"
        }
      },
      "spell": {
      "minecraft:spell_effects": {
          "add_effects": [
            {
              "effect": "resistance",
              "amplifier": 2,
              "visible": false,
              "ambient": false,
              "duration": 999999
              },
            {
              "effect": "regeneration",
              "amplifier": 2,
              "visible": false,
              "ambient": false,
              "duration": 999999
            }
          ]
          }
          },
          "attack": {
        "minecraft:timer": {
          "looping": false,
			"time": [0, 0],
          "time_down_event": {
          "event": "attack"
          }
          }
          },
          "charge": {
          "minecraft:is_saddled": {},
      "minecraft:behavior.delayed_attack": {
          "priority": 1,
          "reach_multiplier": 64,
          "attack_duration": 0.0,
          "hit_delay_pct": 0.0,
          "track_target": true,
          "sound_event": "attack.strong"
        },
"minecraft:timer": {
          "looping": false,
			"time": [13, 26],
          "time_down_event": {
          "event": "roar"
          
          }
          },
      "minecraft:attack": {
        "damage": 7,
        "effect_name": "blindness",
        "effect_duration": 3
      },
        "minecraft:behavior.melee_attack": {
          "priority": 2,
          "speed_multiplier": 1.0,
          "track_target": false
        
        },
        
        "minecraft:movement": {
          "value": 0.45
      
        
      }
    },
      "melee": {
      "minecraft:behavior.delayed_attack": {
          "priority": 1,
          "reach_multiplier": 3,
          "attack_duration": 1.04,
          "hit_delay_pct": 0.52,
          "track_target": true,
          "sound_event": "attack.strong"
        },
"minecraft:timer": {
          "looping": false,
			"time": [13, 26],
          "time_down_event": {
          "event": "roar"
          
          }
          },
      "minecraft:attack": {
        "damage": 20,
        "effect_name": "blindness",
        "effect_duration": 3
      },
        "minecraft:behavior.melee_attack": {
          "priority": 2,
          "speed_multiplier": 1.0,
          "track_target": false
        
        },
        
        "minecraft:movement": {
          "value": 0.45
      
        }
      }
    },

    "components": {
    "minecraft:variant": { 
"value": 2 
      },
      "minecraft:experience_reward": {
        "on_death": "query.last_hit_by_player ? 99 : 0"
      },
      
          
      "minecraft:behavior.summon_entity": {
        "priority": 1,
        "summon_choices": [
          {
            "weight": 100,
            "cooldown_time": 999999,
            "cast_duration": 0,
            "sequence": [
              {
                "target": "target",
                "base_delay": 0,
                "num_entities_spawned": 1,
                "entity_type": "rhex:metarget",
                "size": 0.0,
                "entity_lifespan": 0.1
              }
            ]
          }
        ]
      },
      "minecraft:type_family": {
        "family": [ "rhexenderman","enderman", "monster", "mob" ]
      },
      "minecraft:breathable": {
        "total_supply": 15,
        "suffocate_time": 0
      },
      "minecraft:scale": {
        "value": 1.25
      },
      "minecraft:break_blocks": {
        "breakable_blocks": [

          "bamboo_sapling",
          "beetroot",
          "brown_mushroom",
          "carrots",
          "carved_pumpkin",
          "chorus_flower",
          "chorus_plant",
          "lit_pumpkin",
          "melon_stem",
          "potatoes",
          "pumpkin",
          "pumpkin_stem",
          "red_flower",
          "red_mushroom",
          "reeds",
          "sapling",
          "sweet_berry_bush",
          "vine",
          "waterlily",
          "yellow_flower",
          "bamboo",
          "wheat",
          "oak_stairs",
          "spruce_stairs",
          "dark_oak_stairs",
          "birch_stairs",
          "acacia_stairs",
          "carved_pumpkin",
          "leaves",
          "leaves2",
          "lit_pumpkin",
          "melon_block",
          "spruce_door",
          "oak_door",
          "birch_door",
          "acacia_door",
          "ice",
          "dark_oak_door",
          "turtle_egg",
          "wood_planks",
          "fence",
          "redstone_wire",
          "glass",
          "glass_pane",
          "slab",
          "wool",
          "bed",
          "planks",
          "ladder",
          "scaffolding",
          "trapdoor",
          "acacia_trapdoor",
          "planks_jungle",
          "cactus"
        ]
      },
      "minecraft:boss": {
        "name":"§4§LMUTANT ENDERMAN EX",
        "should_darken_sky": false,
        "hud_range": 14
      },
      "minecraft:knockback_resistance": {
        "value": 1.0
      },
      "minecraft:nameable": {
      },
      "minecraft:loot": {
        "table": "loot_tables/entities/mem.json"
      },
      "minecraft:health": {
        "value": 250,
        "max": 250
      },
      "minecraft:hurt_on_condition": {
        "damage_conditions": [
          {
            "filters": { "test": "in_lava", "subject": "self", "operator": "==", "value": true },
            "cause": "lava",
            "damage_per_tick": 4
          }
        ]
      },
      
      "minecraft:follow_range": {
        "value": 45,
        "max": 45
      },
      "minecraft:collision_box": {
        "width": 0.8,
        "height": 3.5
      },
      
      "minecraft:lookat": {
        "search_radius": 64.0,
        "set_target": true,
        "look_cooldown": 5.0,
        "filters": {
          "all_of": [
            {
              "subject": "other",
              "test": "is_family",
              "value": "player"
            },
            {
              "test": "has_equipment",
              "domain": "head",
              "subject": "other",
              "operator": "not",
              "value": "carved_pumpkin"
            }
          ]
        }
      },
      "minecraft:behavior.nearest_attackable_target": {
          "priority": 2,
          "attack_interval": 1,
          "entity_types": [
            {
              "filters": {
                "any_of": [
                  { "test" :  "is_family", "subject" : "other", "value" :  "endermite"},
                  { "test" :  "has_tag", "subject" : "other", "value" :  "target"},
                  { "test" :  "has_tag", "subject" : "other", "value" :  "metarget"}
                ] 
              },
              "max_dist": 35
            }
          ],
          "must_see": true
        },
      "minecraft:navigation.walk": {
        "can_path_over_water": false,
        "avoid_water": true
      },
      "minecraft:movement.basic": {

      },
      "minecraft:jump.static": {
      },
      "minecraft:can_climb": {
      },
      "minecraft:behavior.float": {
        "priority": 0
      },
      "minecraft:behavior.random_stroll": {
        "priority": 7,
        "speed_multiplier": 1.0
      },
      "minecraft:behavior.look_at_player": {
        "priority": 8,
        "look_distance": 8.0,
        "probability": 8.0
      },
      "minecraft:behavior.random_look_around": {
        "priority": 8
      },
      "minecraft:behavior.hurt_by_target": {
        "priority": 1,
        "entity_types": {
          "filters": { "test": "is_family", "subject": "other", "operator": "!=", "value": "rhexenderman" }
        }
      },
      "minecraft:behavior.enderman_leave_block": {
        "priority": 10
      },
      "minecraft:behavior.enderman_take_block": {
        "priority": 11
      },
      "minecraft:physics": {
      },
      "minecraft:pushable": {
        "is_pushable": true,
        "is_pushable_by_piston": true
      }
    },

    "events": {
      "minecraft:entity_spawned": {
        "remove": {
        },
        "add": {
          "component_groups": [
          "spell",
            "minecraft:enderman_calm"
          ]
        }
      },
      "mutant": {
        "remove": {
        },
        "add": {
          "component_groups": [
          "spell",
            "minecraft:enderman_calm"
          ]
        }
      },
      "minecraft:become_angry": {
        "remove": {
          "component_groups": [
            "minecraft:enderman_calm",
            "roar",
            "range",
            "clone"
          ]
        },
        "add": {
          "component_groups": [
          "spell",
            "minecraft:enderman_angry",
            "attack"
          ]
        }
      },
      "attack": {
      "randomize": [
          {
            "weight": 20,
        "remove": {
          "component_groups": [
          "range",
            "roar",
            "clone",
            "charge"
          ]
        },
        "add": {
          "component_groups": [
          "spell",
            "melee"
          ]
        }
      },
      {
      "weight": 20,
        "remove": {
          "component_groups": [
          "range",
            "roar",
            "clone",
            "melee"
          ]
        },
        "add": {
          "component_groups": [
          "spell",
            "charge"
          ]
        }
      }
      ]
      },
      "clone_or_range_attack": {
      "randomize": [
          {
            "weight": 20,
            "remove": {
              "component_groups": [
              "spell",
              "roar",
              "attack",
            "charge",
              "range",
                "melee"
                
              ]
            },
            "add": {
              "component_groups": [         
                "clone"
              ]
            }
          },
          {
          "weight": 20,
            "remove": {
              "component_groups": [
              "roar",
              "attack",
            "charge",
              "clone",
                "melee"
                
              ]
            },
            "add": {
              "component_groups": [         
                "range",
                "spell"
              ]
            }
          }
          ]
          },         
            "roar": {
            "add": {
              "component_groups": [
                "roar"
              ]
            },
            "remove": {
              "component_groups": [
              "spell",
              "attack",
            "charge",
                "melee",
                "range",
            "clone"
              ]
            }
          
        
      },
      "dead": {
        "add": {
          "component_groups": [
            "dead"
          ]
        }
      },
      "minecraft:on_calm": {
        "remove": {
          "component_groups": [
            "minecraft:enderman_angry",
            "roar",
            "range",
            "melee",
            "attack",
            "charge",
            "clone"
          ]
        },
        "add": {
          "component_groups": [
          "spell",
            "minecraft:enderman_calm"
          ]
        }
      }
    }
  }
}
