{
  "format_version": "1.8.0",
  "minecraft:entity": {
    "description": {
      "identifier": "rhex:mutant_evocation_illager_dead",
      "is_spawnable": false,
      "is_summonable": true,
      "is_experimental": false
    },

    "component_groups": {
    "dead": {
    
        "minecraft:health": {
        "value": 0,
        "min": 0,
        "max": 0
        },
        "minecraft:spawn_entity": [
	    {
		  "min_wait_time": 0,
		  "max_wait_time": 0,
		  "num_to_spawn": 50,
		  "single_use": true,
		  "spawn_entity": "minecraft:xp_orb"
		}
	  ],
        "minecraft:scale": {
          "value": 0
        }
        }
        },

    "components": {
       "minecraft:health": {
        "value": 1,
        "min": 1,
        "max": 1
      },
      "minecraft:timer": {
          "looping": false,
          "time": 5.42,
          "time_down_event": {
            "event": "dead"
          }
        },
        "minecraft:scale": {
        "value": 1.50
      },
      "minecraft:collision_box": {
        "width": 1.2,
        "height": 2.9
      },
      "minecraft:knockback_resistance": {
         "value": 1.0
      },
      "minecraft:pushable": {
        "is_pushable": false,
        "is_pushable_by_piston": false
      },
      "minecraft:physics": {
      },
      "minecraft:type_family": {
        "family":["rhexvex","inanimate"]          
      }
    },

    "events": {
      "dead": {
        "add": {
          "component_groups": [
            "dead"
          ]
        }
      }
    }
  }
}
