{
  "format_version": "1.8.0",
  "minecraft:entity": {
    "description": {
      "identifier": "rhex:evocation_mutant_fang",
      "is_spawnable": true,
      "is_summonable": true,
      "is_experimental": false,
      "scripts": {
        "animate": [
          { "clear": "query.is_sheared" },
          "effect"
        ]
      },
      "animations": {
        "clear": "controller.animation.mspread",
        "effect": "controller.animation.ssseffectevocation"
      }
    },
    
	
    "component_groups": {
    "sheared": {
        "minecraft:is_sheared": {
        }
      },
      "minecraft:despawn": {
        "minecraft:type_family": { "family": [ "despawncito" ] }
      }
	},
	
    "components": {
	  "minecraft:despawn": {
	    "filters": {
		  "all_of": [
		    { "test": "is_family", "subject": "self", "value": "despawncito" }
		  ]
		}
	  },
      "minecraft:damage_sensor": [
	    {
          "cause": "all",
          "deals_damage": false
        }
	  ],
	"minecraft:area_attack" : {
          "damage_range": 1.4,
          "damage_per_tick": 5.5,
          "cause": "contact",
          "entity_filter": {
            "all_of": [
		    { "test": "is_family", "subject": "other", "operator": "!=", "value": "rhexevocation_illager" }
		  ]
        }
      },
      "minecraft:timer": {
          "looping": false,
          "time": 1.04,
          "time_down_event": {
            "event": "minecraft:event_despawn"
          }
        },
      "minecraft:knockback_resistance": {
        "value": 99.0
      },
      "minecraft:pushable": {
        "is_pushable": false,
        "is_pushable_by_piston": false
      },
      "minecraft:collision_box": {
        "width": 0.6,
        "height": 0.6
      }
    },
	
    "events": {
      "minecraft:event_despawn": {
	    "add": { "component_groups": [
 "minecraft:despawn" 
] 
}
      },
      "sheared": {
	    "add": { "component_groups": [
 "sheared" 
] 
}
      }
    }
  }
}