{
  "format_version": "1.10.0",
  "minecraft:entity": {
    "description": {
      "identifier": "rhex:mutant_evocation_illager",
      "is_spawnable": true,
      "is_summonable": true,
      "is_experimental": false,
      "scripts": {
        "animate": [
        "dead",
          { "attack": "query.has_target" }
         
        ]
      },
      "animations": {
      "dead": "controller.animation.mdead",
        "attack": "animation.mevokermmppp"
        
      }
    },
    "component_groups": {
    "dead": {
      "minecraft:scale": {
        "value": 0.0
      },
"minecraft:transformation": {
          "into": "rhex:mutant_evocation_illager_dead",
          "delay": 0
        }
        },
    "charge":{
          "minecraft:is_sheared": {
},
    "minecraft:mob_effect": {
          "effect_range": 3.0,
          "mob_effect": "weakness",
          "effect_time": 2.0,
          "entity_filter": {
            "all_of": [
		    { "test": "is_family", "subject": "other", "operator": "!=", "value": "rhexevocation_illager" }
		  ]
        }
      },
    "minecraft:area_attack" : {
          "damage_range": 2.0,
          "damage_per_tick": 2.5,
          "cause": "contact",
          "entity_filter": {
            "all_of": [
		    { "test": "is_family", "subject": "other", "operator": "!=", "value": "rhexevocation_illager" }
		  ]
        }
      }
    },
    "attack": {
        "minecraft:timer": {
          "looping": false,
			"time": [10, 15],
          "time_down_event": {
          "event": "angry"
          
          }
          },
          "minecraft:is_charged": {
        },
    "minecraft:shooter": {
          "def": "rhex:mutant_projectile_fang"
          },
          "minecraft:behavior.ranged_attack": {
			
					"attack_interval_min": 1.0,
					"attack_interval_max": 3.0,
					"attack_radius": 45,
          "speed_multiplier": 1.15,
					"burst_shots": 2,
					"burst_interval": 0.5
				
     		}
        },
        "attack2":{
        "minecraft:timer": {
          "looping": false,
			"time": [10, 15],
          "time_down_event": {
          "event": "angry"
          
          }
          },
        "minecraft:behavior.summon_entity": {
        "priority": 2,

        "summon_choices": [
          {
            "min_activation_range": 0.0,
            "max_activation_range": 7.5,
            "cooldown_time": 5.0,
            "weight": 3,
            "cast_duration": 2.0,
            "particle_color": "#FF664D59",
            "start_sound_event": "cast.spell",
            "sequence": [
              {
                "shape": "circle",
                "target": "self",
                "base_delay": 1.0,
                "delay_per_summon": 0.0,
                "num_entities_spawned": 5,
                "entity_type": "rhex:evocation_mutant_fang",
                "size": 1.5,
                "entity_lifespan": 1.04,
                "sound_event": "prepare.attack"
              },
              {
                "shape": "circle",
                "target": "self",
                "base_delay": 0.15,
                "delay_per_summon": 0.0,
                "num_entities_spawned": 8,
                "entity_type": "rhex:evocation_mutant_fang",
                "size": 2.5,
                "entity_lifespan": 1.04
                },
              {
                "shape": "circle",
                "target": "self",
                "base_delay": 0.15,
                "delay_per_summon": 0.0,
                "num_entities_spawned": 11,
                "entity_type": "rhex:evocation_mutant_fang",
                "size": 3.5,
                "entity_lifespan": 1.04
                },
              {
                "shape": "circle",
                "target": "self",
                "base_delay": 0.15,
                "delay_per_summon": 0.0,
                "num_entities_spawned": 14,
                "entity_type": "rhex:evocation_mutant_fang",
                "size": 4.5,
                "entity_lifespan": 1.04
                },
              {
                "shape": "circle",
                "target": "self",
                "base_delay": 0.15,
                "delay_per_summon": 0.0,
                "num_entities_spawned": 17,
                "entity_type": "rhex:evocation_mutant_fang",
                "size": 5.5,
                "entity_lifespan": 1.04
                },
              {
                "shape": "circle",
                "target": "self",
                "base_delay": 0.15,
                "delay_per_summon": 0.0,
                "num_entities_spawned": 20,
                "entity_type": "rhex:evocation_mutant_fang",
                "size": 6.5,
                "entity_lifespan": 1.04
              }
            ]
          },
          {
          "min_activation_range": 0.0,
            "max_activation_range": 32.0,
            "cooldown_time": 5.0,
            "weight": 6,
            "cast_duration": 2.0,
            "particle_color": "#FF664D59",
            "start_sound_event": "cast.spell",
            "sequence": [
              {
                "shape": "circle",
                "target": "target",
                "base_delay": 1.0,
                "delay_per_summon": 0.0,
                "num_entities_spawned": 5,
                "entity_type": "rhex:evocation_mutant_fang",
                "size": 1.5,
                "entity_lifespan": 1.04,
                "sound_event": "prepare.attack"
              },
              {
                "shape": "circle",
                "target": "target",
                "base_delay": 0.15,
                "delay_per_summon": 0.0,
                "num_entities_spawned": 8,
                "entity_type": "rhex:evocation_mutant_fang",
                "size": 2.5,
                "entity_lifespan": 1.04
                },
              {
                "shape": "circle",
                "target": "target",
                "base_delay": 0.15,
                "delay_per_summon": 0.0,
                "num_entities_spawned": 11,
                "entity_type": "rhex:evocation_mutant_fang",
                "size": 3.5,
                "entity_lifespan": 1.04
              }
            ]
          },
          {
            "min_activation_range": 0.0,
            "max_activation_range": 16.0,
            "weight": 6,
            "cooldown_time": 2.5,
            "cast_duration": 2.0,
            "particle_color": "#FF664D59",
            "start_sound_event": "cast.spell",
            "sequence": [
              {
                "shape": "line",
                "target": "self",
                "base_delay": 1.0,
                "delay_per_summon": 0.05,
                "num_entities_spawned": 16,
                "entity_type": "rhex:evocation_mutant_fang",
                "size": 20,
                "entity_lifespan": 1.1
              }
            ]
          },
          {
            "weight": 1,
            "cooldown_time": 17.0,
            "cast_duration": 5.0,
            "particle_color": "#FFB3B3CC",
            "sequence": [
              {
                "shape": "circle",
                "target": "self",
                "base_delay": 5.0,
                "num_entities_spawned": 7,
                "entity_type": "minecraft:vex",
                "summon_cap": 8,
                "summon_cap_radius": 16.0,
                "size": 1.0,
                "entity_lifespan": 17.0,
                "sound_event": "prepare.summon"
              }
            ]
          }
        ]
        }
      },
      "spell": {
      "minecraft:spell_effects": {
          "add_effects": [
            {
              "effect": "resistance",
              "amplifier": 2,
              "visible": false,
              "ambient": false,
              "duration": 999999
              },
            {
              "effect": "regeneration",
              "amplifier": 1,
              "visible": false,
              "ambient": false,
              "duration": 999999
            }
          ]
          }
          },
    "angry": {
      "minecraft:movement": {
        "value": 0.4
      },
      "minecraft:on_target_escape": {
        "event": "calm",
        "target": "self"
      
        }
      },
      "calm": {
      "minecraft:movement": {
        "value": 0.6
      },
        "minecraft:on_target_acquired": {
          "event": "angry",
          "target": "self"
        }
      },
      "minecraft:celebrate": {
        "minecraft:behavior.celebrate": {
          "priority": 5,
          "celebration_sound": "celebrate",
          "sound_interval": {
            "range_min": 2.0,
            "range_max": 7.0
          },
          "jump_interval": {
            "range_min": 1.0,
            "range_max": 3.5
          },
          "duration": 30.0,
          "on_celebration_end_event": {
            "event": "minecraft:stop_celebrating",
            "target": "self"
          }
        }
      },
      "minecraft:raid_configuration": {
        "minecraft:dweller": {
          "dwelling_type": "village",
          "dweller_role": "hostile",
          "update_interval_base": 60,
          "update_interval_variant": 40,
          "can_find_poi": false,
          "can_migrate": false,
          "first_founding_reward": 0
        },
        "minecraft:behavior.move_to_village": {
          "priority": 6,
          "speed_multiplier": 0.7
        },
        "minecraft:ambient_sound_interval": {
          "value": 2.0,
          "range": 4.0,
          "event_name": "ambient.in.raid"
        }
      }
    },
    "components": {
      "minecraft:experience_reward": {
        "on_death": "10"
      },
      "minecraft:type_family": {
        "family": [ "rhexevocation_illager", "evocation_illager", "monster", "illager", "mob" ]
      },
      
      "minecraft:breathable": {
        "total_supply": 15,
        "suffocate_time": 0
      },
      "minecraft:nameable": {
      },
      "minecraft:loot": {
        "table": "loot_tables/entities/evocation_illager.json"
      },
      "minecraft:health": {
        "value": 158,
        "max": 158
      },
      "minecraft:hurt_on_condition": {
        "damage_conditions": [
          {
            "filters": { "test": "in_lava", "subject": "self", "operator": "==", "value": true },
            "cause": "lava",
            "damage_per_tick": 4
          }
        ]
      },
      "minecraft:collision_box": {
        "width": 1.2,
        "height": 2.9
      },
      
      "minecraft:navigation.walk": {
        "can_path_over_water": true,
        "can_pass_doors": true,
        "can_open_doors": true,
        "avoid_water": true
      },
      "minecraft:movement.basic": {
      },
      "minecraft:jump.static": {
      },
      "minecraft:can_climb": {
      },
      "minecraft:behavior.float": {
        "priority": 0
      },
      
      
      "minecraft:behavior.send_event": {
        "priority": 3,
        "event_choices": [
          {
            "min_activation_range": 0.0,
            "max_activation_range": 16.0,
            "cooldown_time": 5.0,
            "cast_duration": 3.0,
            "particle_color": "#FFB38033",
            "weight": 3,
            "filters": { 
                "all_of": [
                  { "test" :  "is_family", "subject" : "other", "value" :  "sheep"},
                  { "test" :  "is_color", "subject" : "other", "value" :  "blue"}
                ] 
            },
            "start_sound_event": "cast.spell",
            "sequence": [
              {
                "base_delay": 2.0,
                "event": "wololo",
                "sound_event": "prepare.wololo"
              }
            ]
          }
        ]
      },
      "minecraft:behavior.avoid_mob_type": {
        "priority": 5,
        "entity_types": [
          {
            "filters": { "test" :  "is_family", "subject" : "other", "value" :  "player"},
            "max_dist": 8,
            "walk_speed_multiplier": 0.6,
            "sprint_speed_multiplier": 1.0
          }
        ]
      },
      "minecraft:behavior.random_stroll": {
        "priority": 8,
        "speed_multiplier": 0.6
      },
      "minecraft:behavior.nearest_attackable_target": {
        "priority": 2,
        "entity_types": [
          {
            "filters": {  
                "any_of": [
                  { "test" :  "is_family", "subject" : "other", "value" :  "player"},
                  { "test" :  "has_tag", "subject" : "other", "value" :  "target"},
                  { "test" :  "is_family", "subject" : "other", "value" :  "snowgolem"},
                  { "test" :  "is_family", "subject" : "other", "value" :  "irongolem"},
                  { "test" :  "is_family", "subject" : "other", "value" :  "wandering_trader"}
                ] 
            },
            "max_dist": 40
          },
          {
            "filters": {
              "all_of": [
                { "test": "is_family", "subject": "other", "value": "villager" },
                { "test": "has_component", "subject": "other", "operator": "!=", "value": "minecraft:is_baby" }
              ]
            },
            "max_dist": 40
          }
        ],
        "must_see": true
      },
      "minecraft:boss": {
        "name":"§4§LMUTANT EVOKER",
        "should_darken_sky": false,
        "hud_range": 14
      },
      "minecraft:knockback_resistance": {
         "value": 1.0
      },
      "minecraft:scale": {
          "value": 1.50
        },
      "minecraft:break_blocks": {
        "breakable_blocks": [

          "bamboo_sapling",
          "beetroot",
          "brown_mushroom",
          "carrots",
          "carved_pumpkin",
          "chorus_flower",
          "chorus_plant",
          "lit_pumpkin",
          "melon_stem",
          "potatoes",
          "pumpkin",
          "pumpkin_stem",
          "red_flower",
          "red_mushroom",
          "reeds",
          "sapling",
          "sweet_berry_bush",
          "vine",
          "waterlily",
          "yellow_flower",
          "bamboo",
          "wheat",
          "oak_stairs",
          "spruce_stairs",
          "dark_oak_stairs",
          "birch_stairs",
          "acacia_stairs",
          "carved_pumpkin",
          "leaves",
          "leaves2",
          "lit_pumpkin",
          "melon_block",
          "spruce_door",
          "oak_door",
          "birch_door",
          "acacia_door",
          "ice",
          "dark_oak_door",
          "turtle_egg",
          "wood_planks",
          "fence",
          "redstone_wire",
          "glass",
          "glass_pane",
          "slab",
          "wool",
          "bed",
          "planks",
          "ladder",
          "scaffolding",
          "trapdoor",
          "acacia_trapdoor",
          "planks_jungle",
          "cactus"
        ]
      },
      "minecraft:behavior.look_at_player": {
        "priority": 9,
        "look_distance": 3.0,
        "probability": 1.0
      },
      "minecraft:behavior.look_at_entity": {
        "priority": 10,
        "look_distance": 8.0,
        "filters": { "test" :  "is_family", "subject" : "other", "value" :  "mob" }
      },
      "minecraft:behavior.hurt_by_target": {
        "priority": 1
      },
      "minecraft:persistent": {
      },
      "minecraft:physics": {
      },
      "minecraft:pushable": {
        "is_pushable": true,
        "is_pushable_by_piston": true
      },
      "minecraft:follow_range": {
        "value": 64
      }
    },
    "events": {
    "minecraft:entity_spawned": {
        "add": {
          "component_groups": [
            "spell",
            "calm"
          ]
        }
      },
      "remove_charge": {
        "remove": {
          "component_groups": [
            "charge"
          ]
        }
      },
      "charge": {
        "add": {
          "component_groups": [
            "charge"
          ]
        }
      },
      "dead": {
        "add": {
          "component_groups": [
            "dead"
          ]
        }
      },
    "calm": {
        "add": {
          "component_groups": [
          "spell",
            "calm"
          ]
        },
        "remove": {
          "component_groups": [
          "angry",
          "roar",
          "attack",
            "attack2"
          ]
        }
      },
      "angry": {
      "randomize": [
          {
            "weight": 20,
            "remove": {
              "component_groups": [
              "roar",
              "calm",
              "attack2"
              ]
            },
            "add": {
              "component_groups": [         
                "attack",
                "angry",
                "spell"
              ]
            }
          },
          {
          "weight": 20,
            "remove": {
              "component_groups": [
              "roar",
              "calm",
                "attack"
              ]
            },
            "add": {
              "component_groups": [         
                "attack2",
                "angry",
                "spell"
              ]
            }
          }
          ]
          },
      "minecraft:spawn_for_raid": {
        "add": {
          "component_groups": [
            "minecraft:raid_configuration"
          ]
        }
      },
      "minecraft:start_celebrating": { // Event must be called exactly this for village to fire it when a raid is lost
        "add": { "component_groups": [ "minecraft:celebrate" ] }
      },
      "minecraft:stop_celebrating": {
        "remove": { "component_groups": [ "minecraft:celebrate" ] }
      }
    }
  }
}
