{
  "format_version": "1.10.0",
  "minecraft:entity": {
    "description": {
      "identifier": "rhex:mutant_brute_piglin",
      "is_spawnable": true,
      "is_summonable": true,
      "is_experimental": false,
      "scripts": {
        "animate": [
        "dead",
          { "attack": "query.is_delayed_attacking" }
         
        ]
      },
      "animations": {
      "dead": "controller.animation.mdead",
        "attack": "animation.mzsmash"
        
      }
    },

    "component_groups": {
      
"dead": {
      "minecraft:scale": {
        "value": 0.0
      },
"minecraft:transformation": {
          "into": "rhex:mutant_brute_piglin_dead",
          "delay": 0
        }
        },
     
      "angry": {
        "minecraft:angry": {
          "duration": 30,
          "broadcast_anger": false,
          "broadcast_anger_on_attack": false,
          "broadcast_anger_on_being_attacked": true,
          "broadcast_range": 16,
          "broadcast_targets": [
            "piglin" // we want to broadcast to both normal piglins and piglin_brute
          ],
          "calm_event": {
            "event": "become_calm_event",
            "target": "self"
          },
          "filters": {
            "all_of": [
              {
                "test": "is_family",
                "subject": "other",
                "operator": "!=",
                "value": "piglin"
              }
            ]
          },
          "angry_sound": "angry",
          "sound_interval": {
            "range_min": 2.0,
            "range_max": 5.0
          }
        }
      },

      "alert_for_attack_targets": {
        "minecraft:behavior.nearest_prioritized_attackable_target": {
          "priority": 3,
          "within_radius": 26.0,
          "persist_time": 2.0,
          "must_see": true,
          "entity_types": [
            {
              "filters": {
                "any_of": [
                  { "test" :  "is_family", "subject" : "other", "value" :  "player"},
                  { "test" :  "has_tag", "subject" : "other", "value" :  "mbptarget"},
                  { "test" :  "has_tag", "subject" : "other", "value" :  "target"}
                ] 
              },
              "max_dist": 26
              },
              {
              "filters": {
                "test": "is_family",
                "subject": "other",
                "value": "wither"
              },
              "max_dist": 26,
              "priority": 1
            }
          ]
        }
      },

      "take_target_as_response_to_block_break": {
        "minecraft:behavior.nearest_attackable_target": {
          "priority": 4,
          "attack_interval": 1,
          "reselect_targets": true,
          "entity_types": [
            {
              "filters": {
                "any_of": [
                  { "test" :  "is_family", "subject" : "other", "value" :  "player"},
                  { "test" :  "has_tag", "subject" : "other", "value" :  "mbptarget"},
                  { "test" :  "has_tag", "subject" : "other", "value" :  "target"}
                ] 
              },
              "max_dist": 40
            }
          ],
          "must_see": true
        }
      },
      "go_back_to_spawn": {
        "minecraft:behavior.go_home": {
          "priority": 6,
          "interval": 200,
          "speed_multiplier": 0.6,
          "goal_radius": 4.0,
          "on_failed": {
              "event": "go_back_to_spawn_failed",
              "target": "self"
          }
        }
      
    },
"charge":{
    "minecraft:is_shaking": {
        },
        "minecraft:behavior.melee_attack": {
          "priority": 4,
          "speed_multiplier": 1,
          "track_target": true
        },
    "minecraft:area_attack" : {
          "damage_range": 6,
          "damage_per_tick": 5,
          "cause": "contact",
          "entity_filter": {
            "all_of": [
		    { "test": "is_family", "subject": "other", "operator": "!=", "value": "rhex_piglin_brute" }
		  ]
        }
      },
    "minecraft:is_charged": {
        },
        "minecraft:timer": {
          "looping": false,
			"time": [11.08, 11.08],
          "time_down_event": {
          "event": "attack"
          }
          }
          },
        "roar": {
        "minecraft:is_shaking": {
        },
        "minecraft:mob_effect": {
          "effect_range": 10,
          "mob_effect": "weakness",
          "effect_time": 3,
          "entity_filter": {
            "any_of": [
              { "test": "is_family", "subject": "other", "value": "player" },
              { "test": "is_family", "subject": "other", "value": "mob" },
              { "test": "is_family", "subject": "other", "value": "monster" }
            ] 
        }
      },
        "minecraft:spell_effects": {
          "add_effects": [
            {
              "effect": "resistance",
              "amplifier": 255,
              "visible": false,
              "ambient": false,
              "duration": 7
              },
            {
              "effect": "regeneration",
              "amplifier": 3,
              "visible": false,
              "ambient": false,
              "duration": 7
            }
          ]
          },
          "minecraft:spawn_entity": [
	    {
		  "min_wait_time": 0.5,
		  "max_wait_time": 0.5,
		  "num_to_spawn": 3,
		  "single_use": true,
		"spawn_event": "sheared",
		  "spawn_entity": "rhex:rbspike<sheared>"
		},
		{
		"min_wait_time": 1.0,
		  "max_wait_time": 1.0,
		  "num_to_spawn": 2,
		  "single_use": true,
		"spawn_event": "sheared",
		  "spawn_entity": "rhex:rbspike<sheared>"
		},
		{
		"min_wait_time": 1.5,
		  "max_wait_time": 1.5,
		  "num_to_spawn": 2,
		  "single_use": true,
		"spawn_event": "sheared",
		  "spawn_entity": "rhex:rbspike<sheared>"
		},
		{
		"min_wait_time": 2.0,
		  "max_wait_time": 2.0,
		  "num_to_spawn": 3,
		  "single_use": true,
		"spawn_event": "sheared",
		  "spawn_entity": "rhex:rbspike<sheared>"
		},
		{
		"min_wait_time": 2.5,
		  "max_wait_time": 2.5,
		  "num_to_spawn": 2,
		  "single_use": true,
		"spawn_event": "sheared",
		  "spawn_entity": "rhex:rbspike<sheared>"
		},
		{
		"min_wait_time": 3.0,
		  "max_wait_time": 3.0,
		  "num_to_spawn": 2,
		  "single_use": true,
		"spawn_event": "sheared",
		  "spawn_entity": "rhex:rbspike<sheared>"
		},
		{
		"min_wait_time": 3.5,
		  "max_wait_time": 3.5,
		  "num_to_spawn": 3,
		  "single_use": true,
		"spawn_event": "sheared",
		  "spawn_entity": "rhex:rbspike<sheared>"
		},
		{
		"min_wait_time": 4.0,
		  "max_wait_time": 4.0,
		  "num_to_spawn": 2,
		  "single_use": true,
		"spawn_event": "sheared",
		  "spawn_entity": "rhex:rbspike<sheared>"
		},
		{
		"min_wait_time": 4.5,
		  "max_wait_time": 4.5,
		  "num_to_spawn": 2,
		  "single_use": true,
		"spawn_event": "sheared",
		  "spawn_entity": "rhex:rbspike<sheared>"
		},
		{
		"min_wait_time": 5.0,
		  "max_wait_time": 5.0,
		  "num_to_spawn": 3,
		  "single_use": true,
		"spawn_event": "sheared",
		  "spawn_entity": "rhex:rbspike<sheared>"
		},
		{
		"min_wait_time": 5.5,
		  "max_wait_time": 5.5,
		  "num_to_spawn": 2,
		  "single_use": true,
		"spawn_event": "sheared",
		  "spawn_entity": "rhex:rbspike<sheared>"
		},
		{
		"min_wait_time": 6.0,
		  "max_wait_time": 6.0,
		  "num_to_spawn": 2,
		  "single_use": true,
		"spawn_event": "sheared",
		  "spawn_entity": "rhex:rbspike<sheared>"
		},
		{
		"min_wait_time": 6.5,
		  "max_wait_time": 6.5,
		  "num_to_spawn": 3,
		  "single_use": true,
		"spawn_event": "sheared",
		  "spawn_entity": "rhex:rbspike<sheared>"
		}
	  ],
          "minecraft:behavior.knockback_roar": {
          "priority": 0,
          "duration": 6.76,
          "attack_time": 0.2,
          "knockback_damage": 12,
          "knockback_strength": 7,
          "knockback_range": 10,
          "knockback_filters": {
            "test": "is_family",
            "subject": "other",
            "operator": "!=",
            "value": "rhex_piglin_brute"
          },
          "damage_filters": {
            "test": "is_family",
            "subject": "other",
            "operator": "!=",
            "value": "rhex_piglin_brute"
          },
          "cooldown_time": 99999
        },
        
          "minecraft:timer": {
          "looping": false,
			"time": [6.76, 6.76],
          "time_down_event": {
          "event": "attack"
          }
          }
          },
          "spell": {
      "minecraft:spell_effects": {
          "add_effects": [
            {
              "effect": "resistance",
              "amplifier": 2,
              "visible": false,
              "ambient": false,
              "duration": 999999
              },
            {
              "effect": "regeneration",
              "amplifier": 1,
              "visible": false,
              "ambient": false,
              "duration": 999999
            }
          ]
          }
          },
          "attack": {
        "minecraft:timer": {
          "looping": false,
			"time": [0, 0],
          "time_down_event": {
          "event": "attack"
          }
          }
          },
          "range": {
        "minecraft:is_sheared": {
},
"minecraft:behavior.melee_attack": {
          "priority": 4,
          "track_target": false,
          "speed_multiplier": 1.0
        },
				"minecraft:behavior.ranged_attack": {
			
					"attack_interval_min": 1.0,
					"attack_interval_max": 3.0,
					"attack_radius": 45,
          "speed_multiplier": 1.15,
					"burst_shots": 3,
					"burst_interval": 0.5
				
     		
        },
        "minecraft:timer": {
          "looping": false,
			"time": [16, 27],
          "time_down_event": {
          "event": "roc"
          }
          },
        "minecraft:shooter": {
          "def": "rhex:mutant_gold_block"
          }
        },
    "melee":{
    "minecraft:behavior.melee_attack": {
          "priority": 4,
          "speed_multiplier": 1,
          "track_target": true
        },
      "minecraft:behavior.delayed_attack": {
          "priority": 3,
          "reach_multiplier": 4,
          "attack_duration": 1.56,
          "hit_delay_pct": 0.7,
          "track_target": true,
          "sound_event": "attack.strong"
        },
        "minecraft:behavior.summon_entity": {
        "priority": 2,
        "summon_choices": [
        {
            "min_activation_range": 0.0,
            "max_activation_range": 6.0,
            "weight": 3,
            "cooldown_time": 10.0,
            "cast_duration": 1.56,
            "start_sound_event": "cast.spell",
            "sequence": [
              {
                "shape": "line",
                "target": "self",
                "base_delay": 0.7999,
                "delay_per_summon": 0.05,
                "num_entities_spawned": 16,
                "entity_type": "rhex:rbspike",
                "size": 20,
                "entity_lifespan": 1.04
              }
            ]
          },
          {
          "min_activation_range": 0.0,
            "max_activation_range": 6.0,
            "weight": 3,
            "cooldown_time": 10.0,
            "cast_duration": 1.56,
            "start_sound_event": "cast.spell",
            "sequence": [
              {
              "shape": "circle",
                "target": "self",
                "base_delay": 1.0,
                "delay_per_summon": 0.0,
                "num_entities_spawned": 5,
                "entity_type": "rhex:rbspike",
                "size": 1.5,
                "entity_lifespan": 1.04,
                "sound_event": "prepare.attack"
              },
              {
                "shape": "circle",
                "target": "self",
                "base_delay": 0.15,
                "delay_per_summon": 0.0,
                "num_entities_spawned": 8,
                "entity_type": "rhex:rbspike",
                "size": 2.5,
                "entity_lifespan": 1.04
                },
              {
                "shape": "circle",
                "target": "self",
                "base_delay": 0.15,
                "delay_per_summon": 0.0,
                "num_entities_spawned": 11,
                "entity_type": "rhex:rbspike",
                "size": 3.5,
                "entity_lifespan": 1.04
                },
              {
                "shape": "circle",
                "target": "self",
                "base_delay": 0.15,
                "delay_per_summon": 0.0,
                "num_entities_spawned": 14,
                "entity_type": "rhex:rbspike",
                "size": 4.5,
                "entity_lifespan": 1.04
                },
              {
                "shape": "circle",
                "target": "self",
                "base_delay": 0.15,
                "delay_per_summon": 0.0,
                "num_entities_spawned": 17,
                "entity_type": "rhex:rbspike",
                "size": 5.5,
                "entity_lifespan": 1.04
                },
              {
                "shape": "circle",
                "target": "self",
                "base_delay": 0.15,
                "delay_per_summon": 0.0,
                "num_entities_spawned": 20,
                "entity_type": "rhex:rbspike",
                "size": 6.5,
                "entity_lifespan": 1.04
              }
            ]
          }
        ]
      },
        "minecraft:behavior.stalk_and_pounce_on_target": {
                "priority": 1,
                "stalk_speed": 2,
                "max_stalk_dist": 13.0,
                "leap_height": 1.25,
                "leap_dist": 1.5,
                "pounce_max_dist": 12.5,
                "strike_dist": 12.5,
                "interest_time": 0.0001
                
				},
      "minecraft:timer": {
          "looping": false,
			"time": [16, 27],
          "time_down_event": {
          "event": "roc"
          }
          }
          },
          "smash":{
          "minecraft:spawn_entity": [
	    {
		  "min_wait_time": 0,
		  "max_wait_time": 0,
		  "num_to_spawn": 1,
		  "single_use": true,
		  "spawn_entity": "rhex:mpsmash"
		}
	  ]
	},
      "angry": {
      "minecraft:movement": {
        "value": 0.6
      },
      "minecraft:on_target_escape": {
        "event": "calm",
        "target": "self"
      
        }
      },
      "calm": {
      "minecraft:movement": {
        "value": 0.4
      },
        "minecraft:on_target_acquired": {
          "event": "angry",
          "target": "self"
        }
      }
    },
    "components": {
      "minecraft:collision_box": {
        "width": 1.2,
        "height": 2.9
      },
      "minecraft:behavior.summon_entity": {
        "priority": 1,
        "summon_choices": [
          {
            "weight": 100,
            "cooldown_time": 999999,
            "cast_duration": 0,
            "sequence": [
              {
                "target": "target",
                "base_delay": 0,
                "num_entities_spawned": 1,
                "entity_type": "rhex:mbptarget",
                "size": 0.0,
                "entity_lifespan": 0.1
              }
            ]
          }
        ]
      },
        "minecraft:attack": {
          "damage": 16
        },
        "minecraft:equipment": {
          "table": "loot_tables/entities/piglin_brute_gear.json"
        },
        "minecraft:variant": {
          "value": 1
        },
      "minecraft:type_family": {
        "family": [
          "piglin",
          "adult_piglin",
          "piglin_brute",
          "rhex_piglin_brute",
          "monster"
        ]
      },
      "minecraft:home": {
      },
      "minecraft:experience_reward": {
        "on_death": "query.last_hit_by_player ? 10 : 0"
      },
      "minecraft:block_sensor": {
        "sensor_radius": 16,
        "on_break": [
          {
            "block_list": [
              "minecraft:gold_block",
              "minecraft:chest",
              "minecraft:ender_chest",
              "minecraft:barrel",
              "minecraft:shulker_box",
              "minecraft:undyed_shulker_box"
            ],
            "on_block_broken": "important_block_destroyed_event"
          }
        ]
      },
      "minecraft:breathable": {
        "total_supply": 15,
        "suffocate_time": 0
      },
      "minecraft:health": {
        "value": 225,
        "max": 225
      },
      "minecraft:hurt_on_condition": {
        "damage_conditions": [
          {
            "filters": {
              "test": "in_lava",
              "subject": "self",
              "operator": "==",
              "value": true
            },
            "cause": "lava",
            "damage_per_tick": 4
          }
        ]
      },
      "minecraft:loot": {
        "table": "loot_tables/entities/piglin.json"
      },
      "minecraft:navigation.walk": {
        "can_path_over_water": true,
        "can_open_doors": true
      },
      "minecraft:annotation.open_door": {
      },
      "minecraft:knockback_resistance": {
        "value": 1.0
      },
      
      "minecraft:boss": {
        "name":"§4§LMUTANT BRUTE PIGLIN",
        "should_darken_sky": false,
        "hud_range": 14
      },
      "minecraft:break_blocks": {
        "breakable_blocks": [

          "bamboo_sapling",
          "beetroot",
          "brown_mushroom",
          "carrots",
          "carved_pumpkin",
          "chorus_flower",
          "chorus_plant",
          "lit_pumpkin",
          "melon_stem",
          "potatoes",
          "pumpkin",
          "pumpkin_stem",
          "red_flower",
          "red_mushroom",
          "reeds",
          "sapling",
          "sweet_berry_bush",
          "vine",
          "waterlily",
          "yellow_flower",
          "bamboo",
          "wheat",
          "oak_stairs",
          "spruce_stairs",
          "dark_oak_stairs",
          "birch_stairs",
          "acacia_stairs",
          "carved_pumpkin",
          "leaves",
          "leaves2",
          "lit_pumpkin",
          "melon_block",
          "spruce_door",
          "oak_door",
          "birch_door",
          "acacia_door",
          "ice",
          "dark_oak_door",
          "turtle_egg",
          "wood_planks",
          "fence",
          "redstone_wire",
          "glass",
          "glass_pane",
          "slab",
          "wool",
          "bed",
          "planks",
          "ladder",
          "scaffolding",
          "trapdoor",
          "acacia_trapdoor",
          "planks_jungle",
          "cactus"
        ]
      },
      "minecraft:scale": {
          "value": 1.50
        },
      "minecraft:movement.basic": {},
      "minecraft:jump.static": {},
      "minecraft:nameable": {},
      "minecraft:despawn": {
        "filters": {
          "any_of": [
            {
              "all_of": [
                {
                  "test": "is_persistent",
                  "value": false
                },
                {
                  "test": "distance_to_nearest_player",
                  "operator": ">",
                  "value": 54
                }
              ]
            },
            {
              "all_of": [
                {
                  "test": "is_persistent",
                  "value": false
                },
                {
                  "test": "inactivity_timer",
                  "subject": "self",
                  "value": 30
                },
                {
                  "test": "random_chance",
                  "value": 800
                },
                {
                  "test": "distance_to_nearest_player",
                  "operator": ">",
                  "value": 32
                }
              ]
            }
          ]
        }
      },
      "minecraft:behavior.hurt_by_target": {
        "priority": 1,
        "entity_types": {
          "filters": { "test": "is_family", "subject": "other", "operator": "!=", "value": "rhex_piglin_brute" }
        }
      },
      "minecraft:behavior.random_stroll": {
        "priority": 7,
        "speed_multiplier": 0.6
      },
      "minecraft:behavior.look_at_player": {
        "priority": 8,
        "look_distance": 8
      },
      
      "minecraft:behavior.random_look_around": {
        "priority": 9
      },
      "minecraft:physics": {},
      "minecraft:pushable": {
        "is_pushable": true,
        "is_pushable_by_piston": true
      },
      "minecraft:follow_range": {
        "value": 64
      }
    },

    "events": {
    "dead": {
        "add": {
          "component_groups": [
            "dead"
          ]
        }
      },
      "minecraft:entity_spawned": {
        "add": {
          "component_groups": [
            "zombification_sensor",
            "alert_for_attack_targets",
            "melee_unit",
            "spell",
            "calm",
            "go_back_to_spawn"
          ]
        }
      },
      "mutant": {
        "add": {
          "component_groups": [
            "zombification_sensor",
            "alert_for_attack_targets",
            "melee_unit",
            "spell",
            "calm",
            "go_back_to_spawn"
          ]
        }
      },
      "calm": {
        "add": {
          "component_groups": [
          "spell",
            "calm",
            "alert_for_attack_targets"
          ]
        },
        "remove": {
          "component_groups": [
          "angry",
          "roar",
          "melee",
          "range",
          "charge",
            "attack"
          ]
        }
      },
      "angry": {
        "add": {
          "component_groups": [
          "spell",
            "angry",
            "attack"
          ]
        },
        "remove": {
          "component_groups": [
          "roar",
          "charge"
          ]
        }
      },
      "attack": {
      "randomize": [
          {
            "weight": 20,
            "remove": {
              "component_groups": [
              "roar",
              "range",
              "charge"
              ]
            },
            "add": {
              "component_groups": [         
                "melee",
                "spell"
              ]
            }
          },
          {
          "weight": 20,
            "remove": {
              "component_groups": [
              "roar",
                "melee",
                "charge"
              ]
            },
            "add": {
              "component_groups": [         
                "range",
                "spell"
              ]
            }
          }
          ]
          },
      "roc": {
      "randomize": [
          {
            "weight": 20,
        "add": {
          "component_groups": [
            "roar"
          ]
        },
        "remove": {
          "component_groups": [
          "spell",
          "melee",
          "range",
          "charge",
            "attack"
          ]
        }
      },
      {
      "weight": 20,
      "add": {
          "component_groups": [
            "charge",
            "spell"
          ]
        },
        "remove": {
          "component_groups": [
          "roar",
          "melee",
          "range",
            "attack"
          ]
        }
      }
      ]
      },
      "become_angry_event": {
        "add": {
          "component_groups": [
            "angry"
          ]
        }
      },
      "become_calm_event": {
        "remove": {
          "component_groups": [
            "angry",
            "take_target_as_response_to_block_break"
          ]
        },
        "add": {
          "component_groups": [
            "alert_for_attack_targets"
          ]
        }
      },
      "smash": {
        "add": {
          "component_groups": [
            "smash"
          ]
        }
      },
      "important_block_destroyed_event": {
        "remove": {
          "component_groups": [
            "alert_for_attack_targets"
          ]
        },
        "add": {
          "component_groups": [
            "take_target_as_response_to_block_break"
          ]
        }
      },
      "go_back_to_spawn_failed": {
        "remove": {
          "component_groups": [
            "go_back_to_spawn"
          ]
        }
      }
    }
  }
}
