{
  "format_version": "1.12.0",
 "minecraft:entity": {
  "description": {
    "identifier": "rhex:ws_skull",
    "runtime_identifier": "minecraft:arrow",
    "is_spawnable": false,
    "is_summonable": true,
    "is_experimental": false
  },

  "component_groups": {
    "minecraft:exploding": {
      "minecraft:explode": {
        "fuse_length": 0,
        "fuse_lit": true,
        "power": 1,
        "causes_fire": false,
        "destroy_affected_by_griefing": true
      }
    }
  },

  "components": {
    "minecraft:collision_box": {
      "width": 0.15,
      "height": 0.15
    },
    "minecraft:projectile": {
      "on_hit": {
        "definition_event": {
          "affect_projectile": true,
          "event_trigger": {
            "event": "minecraft:explode",
            "target": "self"
          }
        },
        "impact_damage": {
            "damage": [ 4, 6 ],
            "knockback": true,
            "semirandomdiffdamage": false,
            "destroyonhit": true
          },
        "mob_effect": {
          "effect": "wither",
          "durationeasy": 0,
          "durationnormal": 200,
          "durationhard": 800,
          "amplifier": 1
        }
      },
      "hitSound": "explode",
        "power": 2.0,
        "gravity": 0.0,
        "uncertaintyBase": 5,
        "uncertaintyMultiplier": 2,
        "anchor": 1.1,
      "inertia": 1.0,
      "liquid_inertia": 0.95,
        "shouldbounce": true,
        "offset": [ 0, -0.01, 0 ]
      },
	  "minecraft:physics": {
    },
    "minecraft:pushable": {
      "is_pushable": true,
      "is_pushable_by_piston": true
    }
  },
  "events": {
   "minecraft:explode": {
    "add": {
     "component_groups": [
      "minecraft:exploding"
     ]
    }
   }
  }
 }
}