{
	"format_version": "1.8.0",
	"animations": {
		"animation.Piglin_brute_mutant.cast": {
			"loop": true,
			"animation_length": 2.08,
			"bones": {
				"Arm": {
					"rotation": [-30, 0, 0]
				},
				"Arm2": {
					"rotation": [0, 0, -60]
				},
				"Weapon": {
					"rotation": [80, 0, -67.5]
				},
				"Arm3": {
					"rotation": [-30, 0, 0]
				},
				"Arm4": {
					"rotation": [0, 0, 60]
				},
				"Weapon2": {
					"rotation": [80, 0, 70]
				},
				"Body": {
					"rotation": {
						"0.0": [0, 0, 0],
						"1.04": [5, 0, 0],
						"2.08": [0, 0, 0]
					}
				},
				"Body2": {
					"rotation": {
						"0.0": [0, 0, 0],
						"1.04": [5, 0, 0],
						"2.08": [0, 0, 0]
					}
				},
				"Ear": {
					"rotation": {
						"0.0": [0, 0, 0],
						"0.52": [0, 0, 60],
						"1.04": [0, 0, 0],
						"1.56": [0, 0, 60],
						"2.08": [0, 0, 0]
					}
				},
				"Ear2": {
					"rotation": {
						"0.0": [0, 0, 0],
						"0.52": [0, 0, -60],
						"1.04": [0, 0, 0],
						"1.56": [0, 0, -60],
						"2.08": [0, 0, 0]
					}
				}
			}
		},
		"animation.DrownedZombie_mutant.cast": {
			"loop": true,
			"animation_length": 2.08,
			"bones": {
				"Body": {
					"rotation": {
						"0.0": [0, 0, 0],
						"1.04": [5, 0, 0],
						"2.08": [0, 0, 0]
					}
				},
				"Body2": {
					"rotation": {
						"0.0": [0, 0, 0],
						"1.04": [5, 0, 0],
						"2.08": [0, 0, 0]
					}
				},
				"Arm": {
					"rotation": [-202.5, 0, -20]
				},
				"Arm2": {
					"rotation": [60, 0, 0]
				},
				"Weapon": {
					"rotation": {
						"0.0": [90, 0, 0],
						"2.08": [90, -2700, 0]
					}
				},
				"Arm3": {
					"rotation": [-55, 0, 0]
				},
				"Arm4": {
					"rotation": [-40, 50, 0]
				}
			}
		}
	}
}