{
	"format_version": "1.10.0",
	"geometry.Snow_mutant_sheared": {
		"texturewidth": 128,
		"textureheight": 64,
		"visible_bounds_width": 4,
		"visible_bounds_height": 3.5,
		"visible_bounds_offset": [0, 1.25, 0],
		"bones": [
			{
				"name": "All",
				"pivot": [0, 0, 0]
			},
			{
				"name": "Body",
				"parent": "All",
				"pivot": [0, 9, 3],
				"rotation": [5, 0, 0],
				"cubes": [
					{"origin": [-5, 7.8, -1], "size": [10, 8, 8], "uv": [0, 32], "inflate": -0.8}
				]
			},
			{
				"name": "Body2",
				"parent": "Body",
				"pivot": [0, 13, 3],
				"rotation": [10, 0, 0],
				"cubes": [
					{"origin": [-8, 12, -3], "size": [16, 12, 12], "uv": [24, 36], "inflate": -0.5}
				]
			},
			{
				"name": "Arm",
				"parent": "Body2",
				"pivot": [-5.73702, 18.5, 2.5],
				"rotation": [36.26261, -12.2403, -54.06134],
				"cubes": [
					{"origin": [-14.16374, 18.10785, 2.28669], "size": [10, 5, 5], "uv": [48, 0], "inflate": -0.2, "mirror": true}
				]
			},
			{
				"name": "Arm2",
				"parent": "Arm",
				"pivot": [-12.68313, 20.8752, 5.18685],
				"rotation": [-15, 50, 0],
				"cubes": [
					{"origin": [-15.68313, 17.8752, -6.81315], "size": [6, 6, 12], "uv": [78, 0], "inflate": -0.1, "mirror": true}
				]
			},
			{
				"name": "Arm3",
				"parent": "Body2",
				"pivot": [5.73702, 18.5, 2.5],
				"rotation": [36.26261, 12.2403, 54.06134],
				"cubes": [
					{"origin": [4.16374, 18.10785, 2.28669], "size": [10, 5, 5], "uv": [48, 0], "inflate": -0.2}
				]
			},
			{
				"name": "Arm4",
				"parent": "Arm3",
				"pivot": [12.68313, 20.8752, 5.18685],
				"rotation": [-15, -50, 0],
				"cubes": [
					{"origin": [9.68313, 17.8752, -6.81315], "size": [6, 6, 12], "uv": [78, 0], "inflate": -0.1}
				]
			},
			{
				"name": "head",
				"parent": "Body2",
				"pivot": [0, 23.5, 0],
				"rotation": [-10, 0, 0],
				"cubes": [
					{"origin": [-4, 23, -4], "size": [8, 8, 8], "uv": [1, 16], "inflate": -0.5}
				]
			},
			{
				"name": "Leg3",
				"parent": "All",
				"pivot": [4, 10, 3],
				"rotation": [-40, 0, -25],
				"cubes": [
					{"origin": [1, 3, 0], "size": [6, 8, 6], "uv": [64, 18], "inflate": -0.3, "mirror": true}
				]
			},
			{
				"name": "Leg4",
				"parent": "Leg3",
				"pivot": [4, 4, 3],
				"rotation": [40, 0, 25],
				"cubes": [
					{"origin": [1, -2, 0], "size": [6, 6, 6], "uv": [88, 20], "inflate": -0.2, "mirror": true}
				]
			},
			{
				"name": "Leg",
				"parent": "All",
				"pivot": [-4, 10, 3],
				"rotation": [-40, 0, 25],
				"cubes": [
					{"origin": [-7, 3, 0], "size": [6, 8, 6], "uv": [64, 18], "inflate": -0.3}
				]
			},
			{
				"name": "Leg2",
				"parent": "Leg",
				"pivot": [-4, 4, 3],
				"rotation": [40, 0, -25],
				"cubes": [
					{"origin": [-7, -2, 0], "size": [6, 6, 6], "uv": [88, 20], "inflate": -0.2}
				]
			}
		]
	}
}