{
	"format_version": "1.12.0",
	"minecraft:geometry": [
		{
			"description": {
				"identifier": "geometry.Snow_mutant_future_armor",
				"texture_width": 128,
				"texture_height": 128,
				"visible_bounds_width": 4,
				"visible_bounds_height": 3.5,
				"visible_bounds_offset": [0, 1.25, 0]
			},
			"bones": [
				{
					"name": "All",
					"pivot": [0, -3, 3]
				},
				{
					"name": "Body",
					"parent": "All",
					"pivot": [0, 9, 3],
					"rotation": [5, 0, 0],
					"cubes": [
						{"origin": [-2, 9.8, 5], "size": [4, 4, 5], "uv": [110, 119]},
						{"origin": [-2, 9.8, 7], "size": [4, 4, 6], "inflate": -0.8, "uv": [98, 113]}
					]
				},
				{
					"name": "Body2",
					"parent": "Body",
					"pivot": [0, 13, 3],
					"rotation": [10, 0, 0],
					"cubes": [
						{"origin": [-2, 19, 8], "size": [4, 4, 4], "inflate": 0.5, "uv": [112, 120]},
						{"origin": [-2, 14, 8], "size": [4, 4, 4], "inflate": 0.5, "uv": [112, 120]},
						{"origin": [-2, 19, 11], "size": [4, 4, 5], "uv": [112, 120]},
						{"origin": [-2, 19, 14], "size": [4, 4, 5], "inflate": -0.5, "uv": [112, 120]},
						{"origin": [-2, 14, 14], "size": [4, 4, 5], "inflate": -0.5, "uv": [112, 120]},
						{"origin": [-2, 14, 11], "size": [4, 4, 5], "uv": [112, 120]}
					]
				},
				{
					"name": "Arm",
					"parent": "Body2",
					"pivot": [-5.73702, 18.5, 2.5],
					"rotation": [36.26261, -12.2403, -54.06134]
				},
				{
					"name": "Arm2",
					"parent": "Arm",
					"pivot": [-12.68313, 20.8752, 5.18685],
					"rotation": [-15, 50, 0],
					"cubes": [
						{"origin": [-14.68313, 18.8752, 5.18685], "size": [4, 4, 8], "inflate": 0.6, "uv": [104, 116]},
						{"origin": [-14.68313, 18.8752, 12.18685], "size": [4, 4, 5], "uv": [104, 116]},
						{"origin": [-14.68313, 18.8752, 15.18685], "size": [4, 4, 7], "inflate": -0.6, "uv": [104, 116]}
					]
				},
				{
					"name": "Arm3",
					"parent": "Body2",
					"pivot": [5.73702, 18.5, 2.5],
					"rotation": [36.26261, 12.2403, 54.06134]
				},
				{
					"name": "Arm4",
					"parent": "Arm3",
					"pivot": [12.68313, 20.8752, 5.18685],
					"rotation": [-15, -50, 0],
					"cubes": [
						{"origin": [10.68313, 18.8752, 5.18685], "size": [4, 4, 8], "inflate": 0.6, "uv": [104, 116], "mirror": true},
						{"origin": [10.68313, 18.8752, 12.18685], "size": [4, 4, 5], "uv": [104, 116], "mirror": true},
						{"origin": [10.68313, 18.8752, 15.18685], "size": [4, 4, 7], "inflate": -0.6, "uv": [104, 116], "mirror": true}
					]
				},
				{
					"name": "head",
					"parent": "Body2",
					"pivot": [0, 24, 3.19187],
					"rotation": [-10, 0, 0]
				},
				{
					"name": "Leg3",
					"parent": "All",
					"pivot": [4, 10, 3],
					"rotation": [-40, 0, -25]
				},
				{
					"name": "Leg4",
					"parent": "Leg3",
					"pivot": [4, 4, 3],
					"rotation": [40, 0, 25]
				},
				{
					"name": "Leg",
					"parent": "All",
					"pivot": [-4, 10, 3],
					"rotation": [-40, 0, 25]
				},
				{
					"name": "Leg2",
					"parent": "Leg",
					"pivot": [-4, 4, 3],
					"rotation": [40, 0, -25]
				}
			]
		}
	]
}