{
	"format_version": "1.12.0",
	"minecraft:geometry": [
		{
			"description": {
				"identifier": "geometry.Leg",
				"texture_width": 128,
				"texture_height": 128,
				"visible_bounds_width": 4,
				"visible_bounds_height": 6.5,
				"visible_bounds_offset": [0, 2.75, 0]
			},
			"bones": [
				{
					"name": "All",
					"pivot": [0, 0, 0]
				},
				{
					"name": "Leg3",
					"parent": "All",
					"pivot": [-13, 2, 2],
					"rotation": [-9.96271, -0.86717, -84.92442],
					"cubes": [
						{"origin": [-15, -12, 0], "size": [4, 14, 4], "uv": [0, 28], "mirror": true}
					]
				},
				{
					"name": "Leg4",
					"parent": "Leg3",
					"pivot": [-13, -12, 2],
					"rotation": [12.5, 0, 0],
					"cubes": [
						{"origin": [-15, -26, 0], "size": [4, 14, 4], "uv": [32, 28], "mirror": true}
					]
				}
			]
		}
	]
}