{
  "format_version": "1.13.0",
	"minecraft:entity": {
    "description": {
      "identifier": "rhex:thrown_mtrident",
      "runtime_identifier": "minecraft:thrown_trident",
      "is_spawnable": false,
      "is_summonable": false,
      "is_experimental": false
    },
		  
		"components": {
			"minecraft:collision_box": {
				"width": 0.25,
				"height": 0.35
			},
			"minecraft:projectile": {
				"on_hit": {
					"impact_damage": {
						"damage": [ 14, 18 ],
            "knockback": true,
            "semirandomdiffdamage": false,
            "destroyonhit": true
					},
					"spawn_chance": {
            "first_spawn_chance": 1,
            "second_spawn_chance": 9999,
            "first_spawn_count": 1,
            "second_spawn_count": 1,
            "spawn_baby": false,
            "spawn_definition": "minecraft:lightning_bolt"
          },
					"stick_in_ground": {
						"shake_time" : 0
					}
				},
				
				"liquid_inertia": 0.99,
				"hit_sound": "item.trident.hit",
				"hit_ground_sound": "item.trident.hit_ground",
				"power": 4,
				"gravity": 0.10,
				"uncertainty_base": 1,
				"uncertainty_multiplier": 0,
				"stop_on_hurt": true,
				"anchor": 1,
				"should_bounce": true,
				"multiple_targets": false,
				"offset": [ 0, -0.1, 0 ]
			},
			"minecraft:scale": {
        "value": 1.5
      },
			"minecraft:physics": {
			},
			"minecraft:pushable": {
				"is_pushable": true,
				"is_pushable_by_piston": true
			}
		}
	}
}
