{
  "format_version": "1.10.0",
  "minecraft:entity": {
    "description": {
      "identifier": "rhex:mutant_zombie_drowned",
      "is_spawnable": true,
      "is_summonable": true,
      "is_experimental": false,
    "scripts": {
        "animate": [
          { "attack": "query.is_delayed_attacking" },
          { "dead": "query.mark_variant == 1" },
          { "dead2": "query.mark_variant == 2" },
          { "dead3": "query.mark_variant == 3" },
         { "dead4": "query.mark_variant == 4" }
        ]
      },
      "animations": {
        "attack": "animation.mzsmash",
        "dead": "controller.animation.mdead2",
        "dead2": "controller.animation.mdead3",
        "dead3": "controller.animation.mdead4",
        "dead4": "controller.animation.mdead5"
      }
    },
    "component_groups": {
    "calm": {   
    "minecraft:movement": {
          "value": 0.30
        },
"minecraft:on_target_acquired": {
        "event": "attack",
        "target": "self"
        }
      },
      "angry": {
      "minecraft:movement": {
          "value": 0.45
        },
      "minecraft:on_target_escape": {
        "event": "remove_attack",
        "target": "self"
      }  
      },
    "minecraft:normal_health": {
    "minecraft:mark_variant": {
          "value": 1
        },
    "minecraft:attack": {
        "damage": 16
      },
    "minecraft:health": {
        "value": 150,
        "max": 150
        }
      },
      "minecraft:health_is_in_danger": {
      "minecraft:mark_variant": {
          "value": 2
        },
      "minecraft:attack": {
        "damage": 15
      },
    "minecraft:health": {
        "value": 40,
        "max": 40
        }
      },
      "minecraft:health_is_in_danger2": {
      "minecraft:mark_variant": {
          "value": 3
        },
      "minecraft:attack": {
        "damage": 14
      },
    "minecraft:health": {
        "value": 40,
        "max": 40
        }
      },
      "minecraft:health_is_in_danger3": {
      "minecraft:mark_variant": {
          "value": 4
        },
      "minecraft:attack": {
        "damage": 16
      },
    "minecraft:health": {
        "value": 50,
        "max": 50
        }
      },
      "range_attack":{
      "minecraft:is_charged": {
        },
        "minecraft:shooter": {
          "def": "rhex:thrown_mtrident"
        },
        "minecraft:behavior.ranged_attack": {
          "priority": 3,
          "attack_interval_min": 0.82,
          "attack_interval_max": 0.86,
          "charge_charged_trigger": 0.0,
        "charge_shoot_trigger": 0.68,
          "attack_radius": 45.0
        }
      },
    "attack": {
    "minecraft:behavior.delayed_attack": {
          "priority": 3,
          "reach_multiplier": 3,
          "attack_duration": 1.56,
          "hit_delay_pct": 0.7,
          "track_target": true,
          "sound_event": "attack.strong"
        },
        "minecraft:behavior.stalk_and_pounce_on_target": {
                "priority": 1,
                "stalk_speed": 2,
                "max_stalk_dist": 13.0,
                "leap_height": 1.25,
                "leap_dist": 1.5,
                "pounce_max_dist": 12.5,
                "strike_dist": 12.5,
                "interest_time": 0.0001
				},
      "minecraft:behavior.melee_attack": {
        "priority": 3,
        "speed_multiplier": 1,
        "track_target": false
        }
        },
          "start_roar": {
          "minecraft:timer": {
          "looping": true,
			"time": [15, 26],
          "time_down_event": {
          "event": "roar"
          }
          }
          },

        "roar": {
        "minecraft:is_shaking": {
        },
        
        "minecraft:mob_effect": {
          "effect_range": 10,
          "mob_effect": "weakness",
          "effect_time": 3,
          "entity_filter": {
            "any_of": [
              { "test": "is_family", "subject": "other", "value": "player" },
              { "test": "is_family", "subject": "other", "value": "mob" },
              { "test": "is_family", "subject": "other", "value": "monster" }
            ] 
        }
      },
        "minecraft:spell_effects": {
          "add_effects": [
            {
              "effect": "resistance",
              "amplifier": 255,
              "visible": false,
              "ambient": false,
              "duration": 7
              },
            {
              "effect": "regeneration",
              "amplifier": 3,
              "visible": false,
              "ambient": false,
              "duration": 7
            }
          ]
          },
          "minecraft:spawn_entity": [
	    {
		  "min_wait_time": 3.04,
		  "max_wait_time": 3.04,
		  "num_to_spawn": 3,
		  "single_use": true,
		  "spawn_entity": "rhex:drowned<minecraft:summon_by_mutant_zombie>"
		},
		{
		"min_wait_time": 0.5,
		  "max_wait_time": 0.5,
		  "num_to_spawn": 1,
		  "single_use": true,
		"spawn_event": "sheared",
		  "spawn_entity": "rhex:mzsmash<sheared>"
		},
		{
		"min_wait_time": 1.0,
		  "max_wait_time": 1.0,
		  "num_to_spawn": 1,
		  "single_use": true,
		"spawn_event": "sheared",
		  "spawn_entity": "rhex:mzsmash<sheared>"
		},
		{
		"min_wait_time": 1.5,
		  "max_wait_time": 1.5,
		  "num_to_spawn": 1,
		  "single_use": true,
		"spawn_event": "sheared",
		  "spawn_entity": "rhex:mzsmash<sheared>"
		},
		{
		"min_wait_time": 2.0,
		  "max_wait_time": 2.0,
		  "num_to_spawn": 1,
		  "single_use": true,
		"spawn_event": "sheared",
		  "spawn_entity": "rhex:mzsmash<sheared>"
		},
		{
		"min_wait_time": 2.5,
		  "max_wait_time": 2.5,
		  "num_to_spawn": 1,
		  "single_use": true,
		"spawn_event": "sheared",
		  "spawn_entity": "rhex:mzsmash<sheared>"
		},
		{
		"min_wait_time": 3.0,
		  "max_wait_time": 3.0,
		  "num_to_spawn": 1,
		  "single_use": true,
		"spawn_event": "sheared",
		  "spawn_entity": "rhex:mzsmash<sheared>"
		},
		{
		"min_wait_time": 3.5,
		  "max_wait_time": 3.5,
		  "num_to_spawn": 1,
		  "single_use": true,
		"spawn_event": "sheared",
		  "spawn_entity": "rhex:mzsmash<sheared>"
		},
		{
		"min_wait_time": 4.0,
		  "max_wait_time": 4.0,
		  "num_to_spawn": 1,
		  "single_use": true,
		"spawn_event": "sheared",
		  "spawn_entity": "rhex:mzsmash<sheared>"
		},
		{
		"min_wait_time": 4.5,
		  "max_wait_time": 4.5,
		  "num_to_spawn": 1,
		  "single_use": true,
		"spawn_event": "sheared",
		  "spawn_entity": "rhex:mzsmash<sheared>"
		},
		{
		"min_wait_time": 5.0,
		  "max_wait_time": 5.0,
		  "num_to_spawn": 1,
		  "single_use": true,
		"spawn_event": "sheared",
		  "spawn_entity": "rhex:mzsmash<sheared>"
		},
		{
		"min_wait_time": 5.5,
		  "max_wait_time": 5.5,
		  "num_to_spawn": 1,
		  "single_use": true,
		"spawn_event": "sheared",
		  "spawn_entity": "rhex:mzsmash<sheared>"
		},
		{
		"min_wait_time": 6.0,
		  "max_wait_time": 6.0,
		  "num_to_spawn": 1,
		  "single_use": true,
		"spawn_event": "sheared",
		  "spawn_entity": "rhex:mzsmash<sheared>"
		},
		{
		"min_wait_time": 6.5,
		  "max_wait_time": 6.5,
		  "num_to_spawn": 1,
		  "single_use": true,
		"spawn_event": "sheared",
		  "spawn_entity": "rhex:mzsmash<sheared>"
		}
	  ],
	
          "minecraft:behavior.knockback_roar": {
          "priority": 0,
          "duration": 6.76,
          "attack_time": 0.2,
          "knockback_damage": 16,
          "knockback_strength": 7,
          "knockback_range": 10,
          "knockback_filters": {
            "test": "is_family",
            "subject": "other",
            "operator": "!=",
            "value": "zombie"
          },
          "damage_filters": {
            "test": "is_family",
            "subject": "other",
            "operator": "!=",
            "value": "zombie"
          },
          "cooldown_time": 99999
        },
          "minecraft:timer": {
          "looping": true,
			"time": [6.76, 6.76],
          "time_down_event": {
          "event": "attack"
          }
          }
          },
          "spell": {
      "minecraft:spell_effects": {
          "add_effects": [
            {
              "effect": "resistance",
              "amplifier": 2,
              "visible": false,
              "ambient": false,
              "duration": 999999
              },
            {
              "effect": "regeneration",
              "amplifier": 1,
              "visible": false,
              "ambient": false,
              "duration": 999999
            }
          ]
          }
          },
          "smash":{
          "minecraft:spawn_entity": [
	    {
		  "min_wait_time": 0,
		  "max_wait_time": 0,
		  "num_to_spawn": 1,
		  "single_use": true,
		  "spawn_entity": "rhex:mzsmash"
		}
	  ]
	},
      "down": {
      "minecraft:scale": {
        "value": 0.0
      },
"minecraft:transformation": {
          "into": "rhex:mutant_zombie_drowned_dead<going_healed>",
          "delay": 0
        }
        },
        "down2": {
        "minecraft:scale": {
        "value": 0.0
      },
"minecraft:transformation": {
          "into": "rhex:mutant_zombie_drowned_dead<going_healed2>",
          "delay": 0
        }
        },
        "down3": {
        "minecraft:scale": {
        "value": 0.0
      },
"minecraft:transformation": {
          "into": "rhex:mutant_zombie_drowned_dead<going_healed3>",
          "delay": 0
        }
        },
        "down4": {
        "minecraft:scale": {
        "value": 0.0
      },
"minecraft:transformation": {
          "into": "rhex:mutant_zombie_drowned_dead<going_dead>",
          "delay": 0
        }
        }
        },
        
    "components": {
    "minecraft:equipment": {
          "table": "loot_tables/entities/drowned_ranged_equipment.json",
          "slot_drop_chance": [
            {
              "slot": "slot.weapon.offhand",
              "drop_chance": 1.0
            }
          ]
        },
      "minecraft:nameable": {
      },
    "minecraft:experience_reward": {
          "on_death": "query.last_hit_by_player ? 15 + (query.equipment_count * Math.Random(1,3)) : 0"
        },
      "minecraft:scale": {
        "value": 1.5
      },
        
        "minecraft:rideable": {
          "seat_count": 1,
          "family_types": [
            "zombie"
          ],
          "seats": {
            "position": [ 0.0, 1.1, -0.35 ],
            "lock_rider_rotation": 0
          }
        },
        "minecraft:behavior.mount_pathing": {
          "priority": 2,
          "speed_multiplier": 1.25,
          "target_dist": 0.0,
          "track_target": true
        
      },
      
      "minecraft:boss": {
        "name":"§4§LMUTANT DROWNED",
        "should_darken_sky": false,
        "hud_range": 14
      },
      "minecraft:break_blocks": {
        "breakable_blocks": [

          "bamboo_sapling",
          "beetroot",
          "brown_mushroom",
          "carrots",
          "carved_pumpkin",
          "chorus_flower",
          "chorus_plant",
          "lit_pumpkin",
          "melon_stem",
          "potatoes",
          "pumpkin",
          "pumpkin_stem",
          "red_flower",
          "red_mushroom",
          "reeds",
          "sapling",
          "sweet_berry_bush",
          "vine",
          "waterlily",
          "yellow_flower",
          "bamboo",
          "wheat",
          "oak_stairs",
          "spruce_stairs",
          "dark_oak_stairs",
          "birch_stairs",
          "acacia_stairs",
          "carved_pumpkin",
          "leaves",
          "leaves2",
          "lit_pumpkin",
          "melon_block",
          "spruce_door",
          "oak_door",
          "birch_door",
          "acacia_door",
          "ice",
          "dark_oak_door",
          "turtle_egg",
          "wood_planks",
          "fence",
          "redstone_wire",
          "glass",
          "glass_pane",
          "slab",
          "wool",
          "bed",
          "planks",
          "ladder",
          "scaffolding",
          "trapdoor",
          "acacia_trapdoor",
          "planks_jungle",
          "cactus"
        ]
      },
      
      "minecraft:behavior.pickup_items": {
        "priority": 6,
        "max_dist": 3,
        "goal_radius": 2,
        "speed_multiplier": 1.0,
        "pickup_based_on_chance": true,
        "can_pickup_any_item": true
      },
      "minecraft:behavior.equip_item": {
        "priority": 3
      },
      "minecraft:despawn": {
        "despawn_from_distance": {}
      },
      "minecraft:breathable": {
        "total_supply": 15,
        "suffocate_time": 0,
        "breathes_air": true,
        "breathes_water": true
      },
      "minecraft:navigation.generic": {
        "is_amphibious": true,
        "can_path_over_water": false,
        "can_break_doors": true,
        "can_swim": true,
        "can_walk": true,
        "avoid_sun": false
      },
      "minecraft:shareables": {
        "items": [
          {
            "item": "minecraft:nautilus_shell",
            "want_amount": 1,
            "surplus_amount": 1,
            "priority": 0
          },
          {
            "item": "minecraft:trident",
            "want_amount": 1,
            "surplus_amount": 1,
            "priority": 1
          },
          {
            "item": "minecraft:netherite_sword",
            "want_amount": 1,
            "surplus_amount": 1,
            "priority": 2
          },
          {
            "item": "minecraft:diamond_sword",
            "want_amount": 1,
            "surplus_amount": 1,
            "priority": 3
          },
          {
            "item": "minecraft:iron_sword",
            "want_amount": 1,
            "surplus_amount": 1,
            "priority": 4
          },
          {
            "item": "minecraft:stone_sword",
            "want_amount": 1,
            "surplus_amount": 1,
            "priority": 5
          },
          {
            "item": "minecraft:golden_sword",
            "want_amount": 1,
            "surplus_amount": 1,
            "priority": 6
          },
          {
            "item": "minecraft:wooden_sword",
            "want_amount": 1,
            "surplus_amount": 1,
            "priority": 7
          },
          {
            "item": "minecraft:netherite_helmet",
            "want_amount": 1,
            "surplus_amount": 1,
            "priority": 0
          },
          {
            "item": "minecraft:diamond_helmet",
            "want_amount": 1,
            "surplus_amount": 1,
            "priority": 1
          },
          {
            "item": "minecraft:iron_helmet",
            "want_amount": 1,
            "surplus_amount": 1,
            "priority": 2
          },
          {
            "item": "minecraft:chainmail_helmet",
            "want_amount": 1,
            "surplus_amount": 1,
            "priority": 3
          },
          {
            "item": "minecraft:golden_helmet",
            "want_amount": 1,
            "surplus_amount": 1,
            "priority": 4
          },
          {
            "item": "minecraft:leather_helmet",
            "want_amount": 1,
            "surplus_amount": 1,
            "priority": 5
          },
          {
            "item": "minecraft:turtle_helmet",
            "want_amount": 1,
            "surplus_amount": 1,
            "priority": 6
          },
          {
            "item": "minecraft:skull:0",
            "want_amount": 1,
            "surplus_amount": 1,
            "priority": 7
          },
          {
            "item": "minecraft:skull:1",
            "want_amount": 1,
            "surplus_amount": 1,
            "priority": 7
          },
          {
            "item": "minecraft:carved_pumpkin",
            "want_amount": 1,
            "surplus_amount": 1,
            "priority": 7
          },
          {
            "item": "minecraft:netherite_chestplate",
            "want_amount": 1,
            "surplus_amount": 1,
            "priority": 0
          },
          {
            "item": "minecraft:diamond_chestplate",
            "want_amount": 1,
            "surplus_amount": 1,
            "priority": 1
          },
          {
            "item": "minecraft:iron_chestplate",
            "want_amount": 1,
            "surplus_amount": 1,
            "priority": 2
          },
          {
            "item": "minecraft:chainmail_chestplate",
            "want_amount": 1,
            "surplus_amount": 1,
            "priority": 3
          },
          {
            "item": "minecraft:golden_chestplate",
            "want_amount": 1,
            "surplus_amount": 1,
            "priority": 4
          },
          {
            "item": "minecraft:leather_chestplate",
            "want_amount": 1,
            "surplus_amount": 1,
            "priority": 5
          },
          {
            "item": "minecraft:netherite_leggings",
            "want_amount": 1,
            "surplus_amount": 1,
            "priority": 0
          },
          {
            "item": "minecraft:diamond_leggings",
            "want_amount": 1,
            "surplus_amount": 1,
            "priority": 1
          },
          {
            "item": "minecraft:iron_leggings",
            "want_amount": 1,
            "surplus_amount": 1,
            "priority": 2
          },
          {
            "item": "minecraft:chainmail_leggings",
            "want_amount": 1,
            "surplus_amount": 1,
            "priority": 3
          },
          {
            "item": "minecraft:golden_leggings",
            "want_amount": 1,
            "surplus_amount": 1,
            "priority": 4
          },
          {
            "item": "minecraft:leather_leggings",
            "want_amount": 1,
            "surplus_amount": 1,
            "priority": 5
          },
          {
            "item": "minecraft:netherite_boots",
            "want_amount": 1,
            "surplus_amount": 1,
            "priority": 0
          },
          {
            "item": "minecraft:diamond_boots",
            "want_amount": 1,
            "surplus_amount": 1,
            "priority": 1
          },
          {
            "item": "minecraft:iron_boots",
            "want_amount": 1,
            "surplus_amount": 1,
            "priority": 2
          },
          {
            "item": "minecraft:chainmail_boots",
            "want_amount": 1,
            "surplus_amount": 1,
            "priority": 3
          },
          {
            "item": "minecraft:golden_boots",
            "want_amount": 1,
            "surplus_amount": 1,
            "priority": 4
          },
          {
            "item": "minecraft:leather_boots",
            "want_amount": 1,
            "surplus_amount": 1,
            "priority": 5
          }
        ]
      },
      
      "minecraft:type_family": {
        "family": [ "rhexzombie", "zombie", "monster", "mob" ]
      },
      "minecraft:collision_box": {
        "width": 1.2,
        "height": 2.9
      },
      "minecraft:movement.basic": {
      },
      
      "minecraft:knockback_resistance": {
        "value": 1.0
      },
            
            "minecraft:movement.basic": {},
            "minecraft:jump.static": {},
            "minecraft:can_climb": {},
      "minecraft:behavior.break_door": {
                "priority": 1
            },
      
      "minecraft:hurt_on_condition": {
        "damage_conditions": [
          {
            "filters": { "test": "in_lava", "subject": "self", "operator": "==", "value": true },
            "cause": "lava",
            "damage_per_tick": 4
          }
        ]
      },
      "minecraft:breathable": {
        "total_supply": 15,
        "suffocate_time": -1,
        "breathes_air": true,
        "breathes_water": true
      },
      
      "minecraft:loot": {
        "table": "loot_tables/entities/mzm.json"
      },

      
      "minecraft:behavior.stomp_turtle_egg": {
        "priority": 4,
        "speed_multiplier": 1,
        "search_range": 10,
        "search_height": 3,
        "goal_radius": 1.14,
        "search_count": 4,
        "interval": 20
      },
      "minecraft:behavior.move_towards_restriction": {
        "priority": 5,
        "speed_multiplier": 1
      },
      "minecraft:behavior.random_stroll": {
        "priority": 6,
        "speed_multiplier": 1
      },
      "minecraft:behavior.look_at_player": {
        "priority": 7,
        "look_distance": 6,
        "probability": 0.02
      },
      "minecraft:behavior.random_look_around": {
        "priority": 7
      },
      "minecraft:behavior.hurt_by_target": {
        "priority": 1,
        "entity_types": {
          "filters": { "test": "is_family", "subject": "other", "operator": "!=", "value": "rhexdrowned" }
        }
      },
      "minecraft:behavior.summon_entity": {
        "priority": 1,
        "summon_choices": [
          {
            "weight": 100,
            "cooldown_time": 999999,
            "cast_duration": 0,
            "sequence": [
              {
                "target": "target",
                "base_delay": 0,
                "num_entities_spawned": 1,
                "entity_type": "rhex:mzdtarget",
                "size": 0.0,
                "entity_lifespan": 0.1
              }
            ]
          }
        ]
      },
      "minecraft:behavior.nearest_attackable_target": {
        "priority": 2,
        "reselect_targets": true,
        "must_see": true,
        "within_radius": 35.0,
        "must_see_forget_duration": 17.0,
        "persist_time": 0.5,
        "entity_types": [
          {
            "filters": {
              "all_of": [
                {
                  "any_of": [
                    { "test": "is_family", "subject": "other", "value": "player" },
                    { "test" :  "has_tag", "subject" : "other", "value" :  "target"},
                { "test" :  "has_tag", "subject" : "other", "value" :  "mzdtarget"},
                    { "test": "is_family", "subject": "other", "value": "snowgolem" },
                    { "test": "is_family", "subject": "other", "value": "irongolem" }
                  ]
                },
                {
                  "any_of": [
                    { "test": "in_water", "subject": "other", "value": true },
                    { "test": "is_daytime", "value": false }
                  ]
                }
              ]
            },
            "max_dist": 35
          },
          {
          "filters": {
              "any_of": [
                { "test" :  "has_tag", "subject" : "other", "value" :  "target"},
                { "test" :  "has_tag", "subject" : "other", "value" :  "mztarget"}
              ]
            },
            "max_dist": 35
          },
          {
            "filters": {
              "all_of": [
                {
                  "any_of": [
                    { "test": "is_family", "subject": "other", "value": "villager" },
                    { "test": "is_family", "subject": "other", "value": "wandering_trader" }
                  ]
                },
                {
                  "any_of": [
                    { "test": "in_water", "subject": "other", "value": true },
                    { "test": "is_daytime", "value": false }
                  ]
                }
              ]
            },
            "max_dist": 35,
            "must_see": false
          },
          {
            "filters": {
              "all_of": [
                { "test": "is_family", "subject": "other", "value": "baby_turtle" },
                { "test": "in_water", "subject": "other", "operator": "!=", "value": true }
              ]
            },
            "max_dist": 35
          }
        ]
      },
      "minecraft:physics": {
      },
      "minecraft:follow_range": {
        "value": 45,
        "max": 45
      },
      "minecraft:annotation.break_door": {
      },
      "minecraft:underwater_movement": {
        "value": 0.08
      },
      "minecraft:movement.generic": {
      },
      "minecraft:pushable": {
        "is_pushable": true,
        "is_pushable_by_piston": true
      }
    },

    "events": {
    "minecraft:entity_spawned": {
        "add": {
          "component_groups": [
          "spell",
            "minecraft:normal_health",
            "calm"
          ]
        }
      },
      "mutant": {
        "add": {
          "component_groups": [
          "spell",
            "minecraft:normal_health",
            "calm"
          ]
        }
      },
      "minecraft:health_is_in_danger": {
        "add": {
          "component_groups": [
            "minecraft:health_is_in_danger",
            "roar"
          ]
        },
        "remove": {
          "component_groups": [
            "calm"
          ]
        }
      },
      "minecraft:health_is_in_danger2": {
        "add": {
          "component_groups": [
            "minecraft:health_is_in_danger2",
            "roar"
          ]
        },
        "remove": {
          "component_groups": [
            "calm"
          ]
        }
      },
      "minecraft:health_is_in_danger3": {
        "add": {
          "component_groups": [
            "minecraft:health_is_in_danger3",
            "roar"
          ]
        },
        "remove": {
          "component_groups": [
            "calm"
          ]
        }
      },
      "minecraft:as_adult": {
        "add": {
          "component_groups": [
            "minecraft:zombie_adult"
          ]
        }
      },
      "minecraft:as_baby": {
        "add": {
          "component_groups": [
            "minecraft:zombie_baby"
          ]
        }
      },
      "going_down": {
        "add": {
          "component_groups": [
            "down"
          ]
        }
      },
      "going_down2": {
        "add": {
          "component_groups": [
            "down2"
          ]
        }
      },
      "going_down3": {
        "add": {
          "component_groups": [
            "down3"
          ]
        }
      },
      "going_down4": {
        "add": {
          "component_groups": [
            "down4"
          ]
        }
      },
      "smash": {
        "add": {
          "component_groups": [
            "smash"
          ]
        }
      },
      "attack": {
      "randomize": [
          {
            "weight": 20,
        "remove": {
          "component_groups": [
            "roar",
            "casting",
            "range_attack",
            "calm"
          ]
        },
        "add": {
          "component_groups": [
          "spell",
            "attack",
            "angry",
            "start_roar"
          ]
        }
      },
      {
      "weight": 20,
        "remove": {
          "component_groups": [
            "roar",
            "casting",
            "attack",
            "calm"
          ]
        },
        "add": {
          "component_groups": [
          "spell",
            "range_attack",
            "angry",
            "start_roar"
          ]
        }
      }
      ]
      },
      "roar": {
        "add": {
          "component_groups": [
            "roar"
          ]
        },
        "remove": {
          "component_groups": [
          "range_attack",
          "spell",
          "casting",
            "attack"
          ]
        }
      },
      "remove_attack": {
        "remove": {
          "component_groups": [
            "attack",
            "roar",
            "casting",
            "range_attack",
            "angry",
            "start_roar"
          ]
        },
        "add": {
          "component_groups": [
          "spell",
            "calm"
          ]
        }
      },
      "minecraft:start_transforming": {
        "add": {
          "component_groups": [
            "minecraft:start_drowned_transformation"
          ]
        },
        "remove": {
          "component_groups": [ "minecraft:look_to_start_drowned_transformation" ]
        }
      },
      "minecraft:stop_transforming": {
        "add": {
          "component_groups": [
            "minecraft:look_to_start_drowned_transformation"
          ]
        },
        "remove": {
          "component_groups": [
            "minecraft:start_drowned_transformation"
          ]
        }
      },
      "minecraft:convert_to_drowned": {
        "sequence": [
          {
            "filters": {
              "test": "has_component",
              "operator": "!=",
              "value": "minecraft:is_baby"
            },
            "add": {
              "component_groups": [ "minecraft:convert_to_drowned" ]
            },
            "remove": {
              "component_groups": [ "minecraft:start_drowned_transformation" ]
            }
          },
          {
            "filters": {
              "test": "has_component",
              "value": "minecraft:is_baby"
            },
            "add": {
              "component_groups": [ "minecraft:convert_to_baby_drowned" ]
            },
            "remove": {
              "component_groups": [ "minecraft:start_drowned_transformation" ]
            }
          }
        ]
      }
    }
  }
}
