{
  "format_version": "1.12.0",
 "minecraft:entity": {
  "description": {
    "identifier": "rhex:ws_skull2",
    "runtime_identifier": "minecraft:arrow",
    "is_spawnable": false,
    "is_summonable": true,
    "is_experimental": false,
    "scripts": {
        "animate": [
          "spread"
         
        ]
      },
      "animations": {
        "spread": "controller.animation.rainarrowsm"
        
      }
    },

  "component_groups": {
    "minecraft:exploding": {
    "minecraft:mob_effect": {
          "effect_range": 6,
          "mob_effect": "wither",
          "effect_time": 10,
          "entity_filter": {
            "all_of": [
		    { "test": "is_family", "subject": "other", "operator": "!=", "value": "rhexwitherskeleton" }
		  ]
        }
      },
      "minecraft:explode": {
        "fuse_length": 0,
        "fuse_lit": true,
        "power": 1,
        "causes_fire": false,
        "destroy_affected_by_griefing": true
      }
    }
  },

  "components": {
    "minecraft:collision_box": {
      "width": 0.15,
      "height": 0.15
    },
    "minecraft:projectile": {
        "onHit": {
        "definition_event": {
          "affect_projectile": true,
          "event_trigger": {
            "event": "minecraft:explode",
            "target": "self"
          }
        },
          "impact_damage": {
            "damage": [ 4, 6 ],
            "knockback": true,
            "semirandomdiffdamage": false,
            "destroyonhit": false
          },
          "stick_in_ground": {
            "shake_time" : 0.35
          },
          "mob_effect": {
          "effect": "wither",
          "durationeasy": 0,
          "durationnormal": 200,
          "durationhard": 800,
          "amplifier": 1
        }
      },
        "hitSound": "bow.hit",
        "power": 3,
        "gravity": 0.025,
        "uncertaintyBase": 8,
        "uncertaintyMultiplier": 2,
        "anchor": 1,
      "inertia": 1.0,
      "liquid_inertia": 0.9,
        "shouldbounce": true,
        "offset": [ 0, -0.01, 0 ]
      },
	  "minecraft:physics": {
      }
    },
  "events": {
   "minecraft:explode": {
    "add": {
     "component_groups": [
      "minecraft:exploding"
     ]
    }
   }
  }
 }
}