{
	"format_version": "1.12.0",
	"minecraft:geometry": [
		{
			"description": {
				"identifier": "geometry.SMarrow",
				"texture_width": 128,
				"texture_height": 64,
				"visible_bounds_width": 6,
				"visible_bounds_height": 1.5,
				"visible_bounds_offset": [0, 0.25, 0]
			},
			"bones": [
				{
					"name": "body",
					"pivot": [0, 0.75, 0],
					"cubes": [
						{"origin": [-0.75, 0, -29.25], "size": [2, 2, 52], "uv": [0, 0]},
						{"origin": [-2.75, 0, -31.25], "size": [6, 2, 2], "uv": [0, 0]},
						{"origin": [-1.75, 0, -33.25], "size": [4, 2, 2], "uv": [0, 0]},
						{"origin": [-0.75, 0, -35.25], "size": [2, 2, 2], "uv": [0, 0]},
						{"origin": [-0.75, -2, -31.25], "size": [2, 6, 2], "uv": [0, 4]},
						{"origin": [-0.75, -1, -33.25], "size": [2, 4, 2], "uv": [0, 4]},
						{"origin": [-0.75, 0, 2.75], "size": [1, 1, 1], "uv": [0, 0]}
					]
				}
			]
		}
	]
}