{
  "format_version": "1.10.0",
  "minecraft:client_entity": {
    "description": {
      "identifier": "rhex:mws_bone",
      "materials": {
	    "default": "spider"
	  },
      "textures": {
        "default": "textures/entity/mutant/rmwitherskeleton"
      },
      "animations": {
        "2": "1"
        
      },
      "scripts": {
        "pre_animation": [
          "variable.shake = query.shake_time - query.frame_alpha;",
          "variable.shake_power = variable.shake > 0.0 ? -Math.sin(variable.shake * 200.0) * variable.shake : 0.0;"
        ],
        "animate": [
          "3"
        ]
      },
      "geometry": {
        "default": "geometry.Arm",
        "default2": "geometry.Arm2",
        "default3": "geometry.Leg",
        "default4": "geometry.Leg2",
        "default5": "geometry.Body",
        "default6": "geometry.Body2",
        "default7": "geometry.Body3",
        "default8": "geometry.Ribs",
        "default9": "geometry.Ribs2",
        "default10": "geometry.Ribs3"
      },
      "render_controllers": [ "controller.render.smbone" ]
    }
  }
}