{
  "format_version": "1.10.0",
  "minecraft:client_entity": {
    "description": {
      "identifier": "rhex:mutant_wither_skeleton",
      "materials": { 
"default": "iron_golem"
}, 
      "textures": {
        "default": "textures/entity/mutant/rmwitherskeleton"
      },
      "geometry": {
        "default": "geometry.Wither_rSkeleton_mutant"
        
      },
      "animations": {
        "root": "controller.animation.all.root",
        "root2": "controller.animation.mutant.general",
        "root3": "controller.animation.mutant.hurt",
        "root4": "controller.animation.mutant.block",
        "block": "animation.wskeleton_mutant.roar",
        "general": "animation.Enderman_mutant.general",
        "move": "animation.Skeleton_mutant.walk",
        "attack": "animation.PigZombie_mutant.smash",
        "hurt": "nothing",
        "look_at_target": "animation.mutant.look_at_target",
        "roar": "animation.Skeleton_mutant.ribs_attack",
        "roar_move": "animation.Skeleton_mutant.ribs_attack"
      },
      "scripts": {
      "pre_animation": [
          "variable.tcos0 = (Math.cos(query.modified_distance_moved * 38.17) * query.modified_move_speed / variable.gliding_speed_value) * 57.3;"
          ],
        "animate": [
          "root",
          "root2",
          "root3",
          "root4"
        ]
      }, 
      "render_controllers": [ 
"controller.render.iron_golem"
 ],
    "spawn_egg": {
        "texture": "mutantspawneggs",
        "texture_index": 18
      }
    }
  }
}

