{
	"format_version" : "1.8.0",
	"animations" : {
		"animation.cooldownppls" : {
            "timeline": {
              "0.0": "/title @s actionbar §6§lROAR IN COOLDOWN/ 20",
              "1.0": "/title @s actionbar §6§lROAR IN COOLDOWN/ 19",
              "2.0": "/title @s actionbar §6§lROAR IN COOLDOWN/ 18",
              "3.0": "/title @s actionbar §6§lROAR IN COOLDOWN/ 17",
              "4.0": "/title @s actionbar §6§lROAR IN COOLDOWN/ 16",
              "5.0": "/title @s actionbar §6§lROAR IN COOLDOWN/ 15",
              "6.0": "/title @s actionbar §6§lROAR IN COOLDOWN/ 14",
              "7.0": "/title @s actionbar §6§lROAR IN COOLDOWN/ 13",
              "8.0": "/title @s actionbar §6§lROAR IN COOLDOWN/ 12",
              "9.0": "/title @s actionbar §6§lROAR IN COOLDOWN/ 11",
              "10.0": "/title @s actionbar §6§lROAR IN COOLDOWN/ 10",
              "11.0": "/title @s actionbar §6§lROAR IN COOLDOWN/ 9",
              "12.0": "/title @s actionbar §6§lROAR IN COOLDOWN/ 8",
              "13.0": "/title @s actionbar §6§lROAR IN COOLDOWN/ 7",
              "14.0": "/title @s actionbar §6§lROAR IN COOLDOWN/ 6",
              "15.0": "/title @s actionbar §6§lROAR IN COOLDOWN/ 5",
              "16.0": "/title @s actionbar §6§lROAR IN COOLDOWN/ 4",
              "17.0": "/title @s actionbar §6§lROAR IN COOLDOWN/ 3",
              "18.0": "/title @s actionbar §6§lROAR IN COOLDOWN/ 2",
              "19.0": "/title @s actionbar §6§lROAR IN COOLDOWN/ 1",
              "20.0": "/title @s actionbar §6§lROAR IS READY",
              "20.1": "@s remove_cooldown"
            },
            "animation_length": 20.2,
			"loop" : true
		}
	}
}
