{
  "format_version": "1.10.0",
  "minecraft:client_entity": {
    "description": {
      "identifier": "rhex:mst_head",
      "materials": {
	    "default": "spider"
	  },
      "textures": {
        "default": "textures/entity/mutant/rmstray"
      },
      "animations": {
        "2": "1"
        
      },
      "scripts": {
        "pre_animation": [
          "variable.shake = query.shake_time - query.frame_alpha;",
          "variable.shake_power = variable.shake > 0.0 ? -Math.sin(variable.shake * 200.0) * variable.shake : 0.0;"
        ],
        "animate": [
          "3"
        ]
      },
      "geometry": {
        "default": "geometry.Head2"
      },
      "render_controllers": [ "controller.render.iron_golem" ]
    }
  }
}