{
  "format_version": "1.10.0",
  "minecraft:client_entity": {
    "description": {
      "identifier": "rhex:stick",
      "materials": { 
"default": "creeper"
}, 
      "textures": {
        "default": "1"
      },
      "geometry": {
        "default": "2"
        
      },
      "animations": {
        "3": "4"
      },
      "scripts": {
        "animate": [
          "5"
        ]
      }, 
      "render_controllers": [ "controller.render.creeper" ],
    "spawn_egg": {
        "texture": "stick",
        "texture_index": 0
      }
    }
  }
}

