{
  "format_version": "1.8.0",
  "minecraft:entity": {
    "description": {
      "identifier": "rhex:sgspike",
      "is_spawnable": false,
      "is_summonable": true,
      "is_experimental": false,
      "scripts": {
        "animate": [
          "hit_sound",
          "effect"
        ]
      },
      "animations": {
        "hit_sound": "controller.animation.hit_sound",
        "effect": "controller.animation.slow2effect"
      }
    },
    
	
    "component_groups": {
      "minecraft:despawn": {
        "minecraft:type_family": { "family": [ "despawncito" ] }
      }
	},
	
    "components": {
	  "minecraft:despawn": {
	    "filters": {
		  "all_of": [
		    { "test": "is_family", "subject": "self", "value": "despawncito" }
		  ]
		}
	  },
      "minecraft:damage_sensor": [
	    {
          "cause": "all",
          "deals_damage": false
        }
	  ],
	"minecraft:is_sheared":{ 
           },
      "minecraft:behavior.knockback_roar": {
        "priority": 1,
        "duration": 1.04,
        "attack_time": 0.26,
        "knockback_damage": 8,
        "knockback_strength": 0,
        "knockback_range": 1.99,
        "knockback_filters": {
		  "all_of": [
		    { "test": "is_family", "subject": "other", "operator": "!=", "value": "rhexsnowgolem" }
		  ]
        },
        "on_roar_end": {
          "event": "minecraft:event_despawn"
        },
        "damage_filters": {
		  "all_of": [
		    { "test": "is_family", "subject": "other", "operator": "!=", "value": "rhexsnowgolem" }
		  ]
        }
      },
      "minecraft:knockback_resistance": {
        "value": 99.0
      },
      "minecraft:trail": {
        "block_type": "minecraft:snow_layer"
      },
      "minecraft:collision_box": {
        "width": 0.25,
        "height": 0.5
      }
    },
	
    "events": {
      "minecraft:event_despawn": {
	    "add": { "component_groups": [
 "minecraft:despawn" 
] 
}
      }
    }
  }
}