{
  "format_version": "1.13.0",
  "minecraft:entity": {
    "description": {
      "identifier": "minecraft:enderman",
      "is_spawnable": true,
      "is_summonable": true,
      "is_experimental": false,
      "scripts": {
        "animate": [
          { "particle": "query.is_powered" },
          { "explode": "query.is_saddled" }
        ]
      },
      "animations": {
        "particle": "controller.animation.chemical_xxx",
        "explode": "controller.animation.mutated"
      }
    },
    "component_groups": {
    "mutation":{
      "minecraft:spell_effects": {
          "add_effects": [
            {
              "effect": "resistance",
              "amplifier": 255,
              "visible": false,
              "ambient": false,
              "duration": 20
            }
          ]
          },
          "minecraft:is_charged": {},
      "minecraft:is_shaking": {},
"minecraft:timer": {
          "looping": false,
			"time": [10, 20],
          "time_down_event": {
          "event": "dead_or_mutant"
          }
          }
          },
          "dead":{
                    "minecraft:scale": {
        "value": 0.0
      },
          "minecraft:is_saddled": {},
          "minecraft:health": {
        "value": 0,
        "max": 0
        }
      },
      "mutant": {
      "minecraft:is_saddled": {},
"minecraft:transformation": {
          "into": "rhex:mutant_enderman<mutant>",
          "delay": 0.1
        }
        },
      "minecraft:enderman_calm": {
        "minecraft:on_target_acquired": {
          "event": "minecraft:become_angry",
          "target": "self"
        },
        "minecraft:movement": {
          "value": 0.3
        }
      },

      "minecraft:enderman_angry": {
        "minecraft:angry": {
          "duration": 25,
          "calm_event": {
            "event": "minecraft:on_calm",
            "target": "self"
          }
        },
        "minecraft:movement": {
          "value": 0.45
        },
        "minecraft:behavior.melee_attack": {
          "priority": 2
        }
      }
    },

    "components": {
      "minecraft:experience_reward": {
        "on_death": "query.last_hit_by_player ? 5 : 0"
      },
      "minecraft:type_family": {
        "family": [ "enderman", "monster", "mob" ]
      },
      "minecraft:breathable": {
        "total_supply": 15,
        "suffocate_time": 0
      },
      "minecraft:nameable": {
      },
      "minecraft:loot": {
        "table": "loot_tables/entities/enderman.json"
      },
      "minecraft:health": {
        "value": 40,
        "max": 40
      },
      "minecraft:hurt_on_condition": {
        "damage_conditions": [
          {
            "filters": { "test": "in_lava", "subject": "self", "operator": "==", "value": true },
            "cause": "lava",
            "damage_per_tick": 4
          },
          {
            "filters": { "test": "in_water_or_rain", "operator": "==", "value": true },
            "cause": "drowning",
            "damage_per_tick": 1
          }
        ]
      },
      "minecraft:attack": {
        "damage": 7
      },
      "minecraft:follow_range": {
        "value": 32,
        "max": 32
      },
      "minecraft:collision_box": {
        "width": 0.6,
        "height": 2.9
      },
      "minecraft:teleport": {
        "random_teleports": true,
        "max_random_teleport_time": 30,
        "random_teleport_cube": [ 32, 32, 32 ],
        "target_distance": 16,
        "target_teleport_chance": 0.05,
        "light_teleport_chance": 0.05
      },
      "minecraft:lookat": {
        "search_radius": 64.0,
        "set_target": true,
        "look_cooldown": 5.0,
        "filters": {
          "all_of": [
            {
              "subject": "other",
              "test": "is_family",
              "value": "player"
            },
            {
              "test": "has_equipment",
              "domain": "head",
              "subject": "other",
              "operator": "not",
              "value": "carved_pumpkin"
            }
          ]
        }
      },
      "minecraft:despawn": {
        "despawn_from_distance": {}
      },
      "minecraft:damage_sensor": {
          "triggers": {
            "on_damage": {
              "filters": {
                "test": "is_family",
                "subject": "other",
                "value": "xxx"
              },
              "event": "mutation"
            },
            "deals_damage": true
          }
        },
      "minecraft:behavior.nearest_attackable_target": {
        "priority": 5,
        "must_see": true,
        "attack_interval": 10,
        "entity_types": [
          {
            "filters": {
              "test": "is_family",
              "subject": "other",
              "value": "endermite"
            },
            "max_dist": 64
          }
        ]
      },
      "minecraft:navigation.walk": {
        "can_path_over_water": false,
        "avoid_water": true
      },
      "minecraft:movement.basic": {

      },
      "minecraft:jump.static": {
      },
      "minecraft:can_climb": {
      },
      "minecraft:behavior.float": {
        "priority": 0
      },
      "minecraft:behavior.random_stroll": {
        "priority": 7,
        "speed_multiplier": 1.0
      },
      "minecraft:behavior.look_at_player": {
        "priority": 8,
        "look_distance": 8.0,
        "probability": 8.0
      },
      "minecraft:behavior.random_look_around": {
        "priority": 8
      },
      "minecraft:behavior.hurt_by_target": {
        "priority": 3
      },
      "minecraft:behavior.enderman_leave_block": {
        "priority": 10
      },
      "minecraft:behavior.enderman_take_block": {
        "priority": 11
      },
      "minecraft:physics": {
      },
      "minecraft:pushable": {
        "is_pushable": true,
        "is_pushable_by_piston": true
      }
    },

    "events": {
      "minecraft:entity_spawned": {
        "remove": {
        },
        "add": {
          "component_groups": [
            "minecraft:enderman_calm"
          ]
        }
      },
      "mutation": {
        "add": {
          "component_groups": [
            "mutation"
          ]
        }
      },
      "dead_or_mutant": {
      "randomize": [
          {
            "weight": 100,
            "remove": {
              "component_groups": [
              "dead",
                "mutation"
                
              ]
            },
            "add": {
              "component_groups": [         
                "mutant"
              ]
            }
          },
          {
            "weight": 100,
            "remove": {
              "component_groups": [
              "mutant",
                "mutation"
              ]
            },
            "add": {
              "component_groups": [
                "dead"
              ]
            }
          }
        ]
      },
      "minecraft:become_angry": {
        "remove": {
          "component_groups": [
            "minecraft:enderman_calm"
          ]
        },
        "add": {
          "component_groups": [
            "minecraft:enderman_angry"
          ]
        }
      },
      "minecraft:on_calm": {
        "remove": {
          "component_groups": [
            "minecraft:enderman_angry"
          ]
        },
        "add": {
          "component_groups": [
            "minecraft:enderman_calm"
          ]
        }
      }
    }
  }
}