{
  "format_version": "1.8.0",
  "minecraft:entity": {
    "description": {
      "identifier": "rhex:mutant_stray_dead",
      "is_spawnable": false,
      "is_summonable": true,
      "is_experimental": false,
      "scripts": {
        "animate": [
          "effect"
        ]
      },
      "animations": {
        "effect": "controller.animation.mutated"
      }
    },
    
	
    "component_groups": {
    "minecraft:despawn": {
      "minecraft:health": {
        "value": 0,
        "min": 0,
        "max": 0
        }
        }
      },
	
    "components": {
    "minecraft:type_family": {
        "family": [ "rhexskeleton","skeleton", "monster", "mob" ]
      },
      "minecraft:damage_sensor": [
	    {
          "cause": "all",
          "deals_damage": false
        }
	  ],
	"minecraft:spawn_entity": [
	    {
		  "min_wait_time": 0.1,
		  "max_wait_time": 0.1,
		  "num_to_spawn": 17,
		  "single_use": true,
		  "spawn_entity": "rhex:mst_bone"
		},
		{
		"min_wait_time": 0.1,
		  "max_wait_time": 0.1,
		  "num_to_spawn": 1,
		  "single_use": true,
		  "spawn_entity": "rhex:mst_head"
		  },
		{
		  "min_wait_time": 0.0,
		  "max_wait_time": 0.0,
		  "num_to_spawn": 50,
		  "single_use": true,
		  "spawn_entity": "minecraft:xp_orb"
		}
	  ],
	"minecraft:mob_effect": {
          "effect_range": 7,
          "mob_effect": "slowness",
          "effect_time": 10,
          "entity_filter": {
            "all_of": [
		    { "test": "is_family", "subject": "other", "operator": "!=", "value": "rhexstray" }
		  ]
        }
      },
      "minecraft:behavior.knockback_roar": {
        "priority": 1,
        "duration": 0.1,
        "attack_time": 0.1,
        "knockback_damage": 30,
        "knockback_strength": 3,
        "knockback_range": 7,
        "knockback_filters": {
		  "all_of": [
		    { "test": "is_family", "subject": "other", "operator": "!=", "value": "xxx" }
		  ]
        },
        "on_roar_end": {
          "event": "minecraft:event_despawn"
        },
        "damage_filters": {
		  "all_of": [
		    { "test": "is_family", "subject": "other", "operator": "!=", "value": "bone" }
		  ]
        }
      },
      "minecraft:knockback_resistance": {
        "value": 1.0
      },
      "minecraft:pushable": {
        "is_pushable": false,
        "is_pushable_by_piston": false
      },
      "minecraft:scale": {
        "value": 1.10
      },
      "minecraft:collision_box": {
        "width": 1.2,
        "height": 2.9
        }
      },
	
    "events": {
      "minecraft:event_despawn": {
	    "add": { "component_groups": [ "minecraft:despawn" ] }
      }
    }
  }
}