{
  "format_version": "1.10.0",
  "minecraft:client_entity": {
    "description": {
      "identifier": "golem:obsidian_colossus",
      "materials": { "default": "iron_golem" }, 
      "textures": {
        "default": "textures/entity/golem/obsidian"
      },
      "geometry": {
        "default": "geometry.golem_colossus"
      },
      "animations": {
        "root": "controller.animation.all.root",
        "move": "animation.all.walk",
        "attack": "animation.golem_colossus.attack",
        "look_at_target": "animation.mutant.look_at_target",
        "roar": "animation.golem_colossus.hard.attack",
        "roar_move": "animation.golem_colossus.hard.attack"
      },
      "scripts": {
        "animate": [
          "root"
        ]
      }, 
      "render_controllers": [ "controller.render.iron_golem" ],
    "spawn_egg": {
        "texture": "mutantspawneggs",
        "texture_index": 6
      }
    }
  }
}

