{
  "format_version": "1.13.0",
  "minecraft:entity": {
    "description": {
      "identifier": "rhex:mutant_snowgolem",
      "is_spawnable": true,
      "is_summonable": true,
      "is_experimental": false,
      "scripts": {
        "animate": [
          { "ice": "query.variant == 2" },
         { "float": "query.variant == 2" }
        ]
      },
      "animations": {
        "ice": "controller.animation.msgice",
        "float": "controller.animation.golem_float"
      }
    },

    "component_groups": {
    "ice":{
    "minecraft:variant": { "value": 2 
},
      "minecraft:environment_sensor": {
          "triggers": [
            {
              "filters": {
                "all_of": [
                  {
                    "test": "on_ground",
                    "operator": "==",
                    "value": true
                  },
                  {
                    "test": "in_water",
                    "operator": "!=",
                    "value": true
                  }
                ]
              },
              "event": "snow"
            }
          ]
        }
      },
      "snow":{
      "minecraft:trail": {
        "block_type": "minecraft:snow_layer",
        "spawn_filter": { "test": "is_temperature_value", "operator": "<", "value": 0.81 }
      },
      "minecraft:environment_sensor": {
          "triggers": [
            {
              "filters": {
                "all_of": [
                  {
                    "test": "in_water",
                    "operator": "==",
                    "value": true
                  }
                ]
              },
              "event": "ice"
            }
          ]
        }
      },
    "minecraft:snowman_wild":{
    "minecraft:behavior.hurt_by_target": {
        "priority": 2,
        "entity_types": {
          "filters": { "test": "is_family", "subject": "other", "operator": "!=", "value": "swild" }
        }
      },
    "minecraft:type_family": {
        "family": [ "swild", "snowgolem", "rhexsnowgolem", "mob" ]
      },
    "minecraft:tameable": {
          "probability": 0.33,
          "tame_items": "snowball",
          "tame_event": {
            "event": "minecraft:on_tame",
            "target": "self"
            }
          }
        },
        "calm":{
        "minecraft:on_target_acquired": {
        "event": "angry",
        "target": "self"
        }
      },
      "angry":{
      "minecraft:on_target_escape": {
        "event": "calm",
        "target": "self"
        }
      },
        "minecraft:snowman_tame":{
        "minecraft:behavior.hurt_by_target": {
        "priority": 2,
        "entity_types": {
          "filters": { "test": "is_family", "subject": "other", "operator": "!=", "value": "stame" }
        }
      },
        "minecraft:behavior.owner_hurt_by_target": {
          "priority": 2,
        "entity_types": {
          "filters": { "test": "is_family", "subject": "other", "operator": "!=", "value": "stame" }
        }
      },
        "minecraft:type_family": {
        "family": [ "stame", "snowgolem", "rhexsnowgolem", "mob" ]
      },
        "minecraft:behavior.owner_hurt_target": {
          "priority": 3,
        "entity_types": {
          "filters": { "test": "is_family", "subject": "other", "operator": "!=", "value": "stame" }
        }
      },
         "minecraft:is_tamed": {
        },
        "minecraft:behavior.follow_owner": {
          "priority": 6,
          "speed_multiplier": 1.0,
          "start_distance": 12,
          "stop_distance": 4
        },
        "minecraft:can_power_jump": {
      },
      "minecraft:sittable": {
        },
        
	  "minecraft:horse.jump_strength": {
        "value": {
          "range_min": 0.8, 
          "range_max": 1.1
        }
      },
        "minecraft:rideable": {
          "seat_count": 1,
          "interact_text": "action.interact.mount",
          "seats": {
            "position": [ 0.0, 1.38, -0.3 ]
          }
        },
        "minecraft:input_ground_controlled": {
        }
        },
        
    "attack":{
    "minecraft:is_charged": {
        },
        "minecraft:behavior.ranged_attack":{
"attack_interval_min":0.84,
"attack_interval_max":0.86,
"attack_radius":35,
"burst_shots":1,
"burst_interval":0.5
},
      "minecraft:shooter": {
        "def": "rhex:iceball"
      },
      "minecraft:behavior.melee_attack": {
          "priority": 4,
          "track_target": false,
          "speed_multiplier": 1.0
        },
      "minecraft:timer": {
          "looping": false,
			"time": [1.36, 1.36],
          "time_down_event": {
          "event": "charge"
          }
          }
          },
          "charge":{
          "minecraft:timer": {
          "looping": false,
			"time": [0.5, 0.5],
          "time_down_event": {
          "event": "attack"
          }
          }
          },
      "minecraft:snowman_sheared": {
        "minecraft:is_sheared": {
        }
      }      
    },

    "components": {
      
      "minecraft:behavior.stay_while_sitting": {
        "priority": 2
      },
      "minecraft:healable": {
        "items": [
          {
            "item": "snowball",
            "heal_amount": 5
          }
        ]
      },
      "minecraft:breathable": {
        "total_supply": 15,
        "suffocate_time": 0
      },
      "minecraft:nameable": {
      },
      "minecraft:collision_box": {
        "width": 1.0,
        "height": 2.0
      },
      "minecraft:loot": {
        "table": "loot_tables/mutant/rsnowman.json"
      },
      "minecraft:health": {
        "value": 80,
        "max": 80
      },
      "minecraft:interact": {
          "interactions": {
            "on_interact": {
              "filters": {
                "all_of": [
                  {
                    "test": "is_family",
                    "subject": "other",
                    "value": "player"
                  },
                  {
                    "test": "has_equipment",
                    "domain": "hand",
                    "subject": "other",
                    "value": "tnt"
                  }
                ]
              },
              "event": "snowtnt",
              "target": "self"
            },
            "hurt_item": 1,
            "swing": true,
            "play_sounds": "ignite",
            "interact_text": "action.interact.creeper"
          }
        },
      "minecraft:movement": {
        "value": 0.3
      },
      "minecraft:navigation.walk": {
        "avoid_water": true
      },
      "minecraft:movement.basic": {
      },
      "minecraft:jump.static": {
      },
      "minecraft:can_climb": {
      },
      "minecraft:attack": {
        "damage": 4
      },
      "minecraft:damage_sensor": {
        "triggers": {
          "cause": "fall",
          "deals_damage": false
        }
      },
      "minecraft:hurt_on_condition": {
        "damage_conditions": [
          {
            "filters": { "test": "in_lava", "subject": "self", "operator": "==", "value": true },
            "cause": "lava",
            "damage_per_tick": 4
          },
          {
            "filters": { "test": "is_temperature_value", "operator": ">", "value": 1.0 },
            "cause": "temperature",
            "damage_per_tick": 1
          },
          {
            "filters": { "test": "in_water_or_rain", "operator": "==", "value": true },
            "cause": "drowning",
            "damage_per_tick": 1
          }
        ]
      },
      "minecraft:interact": {
        "interactions": [
          {
            "cooldown": 2.5,
            "use_item": false,
            "hurt_item": 1,
            "play_sounds": "shear",
            "interact_text": "action.interact.shear",
            "on_interact": {
              "filters": {
                "all_of": [
                  { "test": "has_equipment", "subject": "other", "domain": "hand", "value": "shears"},
                  { "test": "is_family", "subject": "other", "value": "player"},
                  { "test": "has_component", "operator": "!=", "value": "minecraft:is_sheared"}
                ]
              },
              "event": "minecraft:on_sheared",
              "target": "self"
            }
          }
        ]
      },
      "minecraft:leashable": {
        "soft_distance": 4.0,
        "hard_distance": 6.0,
        "max_distance": 10.0
      },
      "minecraft:balloonable": {
      },
      
      
      
      "minecraft:behavior.random_stroll": {
        "priority": 2,
        "speed_multiplier": 1
      },
      "minecraft:behavior.look_at_player": {
        "priority": 3,
        "look_distance": 6.0
      },
      "minecraft:behavior.random_look_around": {
        "priority": 4
      },
      "minecraft:behavior.nearest_attackable_target": {
        "priority": 1,
        "entity_types": [
          {
            "filters": { "test" :  "is_family", "subject" : "other", "value" :  "monster"},
            "max_dist": 35,
            "must_see": true,
            "within_default": 35
          }
        ]
      },
            "minecraft:follow_range": {
        "value": 45,
        "max": 45
      },
    
      "minecraft:boss": {
        "name":"§4§LMUTANT SNOW GOLEM",
        "should_darken_sky": false,
        "hud_range": 14
      },
      "minecraft:spell_effects": {
          "add_effects": [
            {
              "effect": "resistance",
              "amplifier": 1,
              "visible": false,
              "ambient": false,
              "duration": 999999
            }
          ]
          },
      "minecraft:scale": {
        "value": 1.50
      },
      "minecraft:persistent": {
      },
      "minecraft:physics": {
      },
      "minecraft:pushable": {
        "is_pushable": true,
        "is_pushable_by_piston": true
      }
    },

    "events": {
    "minecraft:entity_spawned": {
        "add": {
          "component_groups": [
            "calm",
            "snow",
            "minecraft:snowman_wild"
          ]
        }
      },
      "mutant": {
        "add": {
          "component_groups": [
            "calm",
            "snow",
            "minecraft:snowman_wild"
          ]
        }
      },
    "attack": {
    "remove": {
          "component_groups": [
            "charge"
          ]
        },
        "add": {
          "component_groups": [
            "attack"
          ]
        }
      },
      "snow": {
    "remove": {
          "component_groups": [
            "ice"
          ]
        },
        "add": {
          "component_groups": [
            "snow"
          ]
        }
      },
      "ice": {
    "remove": {
          "component_groups": [
            "snow"
          ]
        },
        "add": {
          "component_groups": [
            "ice"
          ]
        }
      },
      "minecraft:on_tame": {
    "remove": {
          "component_groups": [
            "minecraft:snowman_wild"
          ]
        },
        "add": {
          "component_groups": [
            "minecraft:snowman_tame"
          ]
        }
      },
      "angry": {
    "remove": {
          "component_groups": [
            "calm",
            "charge"
          ]
        },
        "add": {
          "component_groups": [
            "attack",
            "angry"
          ]
        }
      },
      "calm": {
    "remove": {
          "component_groups": [
            "angry",
            "charge",
            "attack"
          ]
        },
        "add": {
          "component_groups": [
            "calm"
          ]
        }
      },
      "charge": {
    "add": {
          "component_groups": [
            "charge"
          ]
        },
        "remove": {
          "component_groups": [
            "attack"
          ]
        }
      },
      "remove_attack": {
        "remove": {
          "component_groups": [
            "attack",
            "charge"
          ]
        }
      },
      "minecraft:on_sheared": {
        "remove": {
        },
        "add": {
          "component_groups": [
            "minecraft:snowman_sheared"
          ]
        }
      }
    }
  }
}