{
	"format_version": "1.12.0",
	"minecraft:geometry": [
		{
			"description": {
				"identifier": "geometry.Colossus_java",
				"texture_width": 128,
				"texture_height": 128,
				"visible_bounds_width": 4,
				"visible_bounds_height": 5,
				"visible_bounds_offset": [0, 1.5, 0]
			},
			"bones": [
				{
					"name": "All",
					"pivot": [0, 0, 0]
				},
				{
					"name": "Leg",
					"parent": "All",
					"pivot": [-4, 23, 6],
					"rotation": [-35, 0, 5],
					"cubes": [
						{"origin": [-7, 11, 3.5], "size": [6, 12, 5], "uv": [2, 77]}
					]
				},
				{
					"name": "Leg2",
					"parent": "Leg",
					"pivot": [-4, 11, 6],
					"rotation": [40, 0, -5],
					"cubes": [
						{"origin": [-7.5, -2, 3], "size": [7, 13, 6], "uv": [0, 94]}
					]
				},
				{
					"name": "Leg3",
					"parent": "All",
					"pivot": [4, 23, 6],
					"rotation": [-35, 0, -5],
					"cubes": [
						{"origin": [1, 11, 3.5], "size": [6, 12, 5], "uv": [28, 77]}
					]
				},
				{
					"name": "Leg4",
					"parent": "Leg3",
					"pivot": [4, 11, 6],
					"rotation": [40, 0, 5],
					"cubes": [
						{"origin": [0.5, -2, 3], "size": [7, 13, 6], "uv": [26, 94]}
					]
				},
				{
					"name": "Body",
					"parent": "All",
					"pivot": [0, 23, 6],
					"rotation": [30, 0, 0],
					"cubes": [
						{"origin": [-6, 23, 1], "size": [12, 10, 10], "uv": [4, 56]}
					]
				},
				{
					"name": "Body2",
					"parent": "Body",
					"pivot": [0, 33, 6],
					"rotation": [30, 0, 0],
					"cubes": [
						{"origin": [-12, 33, -2], "size": [24, 18, 16], "uv": [0, 22]}
					]
				},
				{
					"name": "Arm",
					"parent": "Body2",
					"pivot": [-12, 48, 4],
					"rotation": [-55, 5, 0],
					"cubes": [
						{"origin": [-16, 34, 3], "size": [4, 17, 6], "uv": [56, 56]}
					]
				},
				{
					"name": "Arm2",
					"parent": "Arm",
					"pivot": [-14, 34, 6],
					"rotation": [-40, 0, 0],
					"cubes": [
						{"origin": [-17, 16, 2.5], "size": [6, 18, 7], "uv": [53, 81]}
					]
				},
				{
					"name": "Arm3",
					"parent": "Body2",
					"pivot": [16, 48, 4],
					"rotation": [-55, -5, 0],
					"cubes": [
						{"origin": [12, 34, 3], "size": [4, 17, 6], "uv": [84, 56]}
					]
				},
				{
					"name": "Arm4",
					"parent": "Arm3",
					"pivot": [14, 34, 6],
					"rotation": [-40, 0, 0],
					"cubes": [
						{"origin": [11, 16, 2.5], "size": [6, 18, 7], "uv": [81, 81]}
					]
				},
				{
					"name": "Head",
					"parent": "Body2",
					"pivot": [0, 51.73205, 1.5359],
					"rotation": [-50, 0, 0],
					"cubes": [
						{"origin": [-5, 50.73205, -3.4641], "size": [10, 12, 10], "uv": [0, 0]},
						{"origin": [-1.5, 50.23205, -6.4641], "size": [3, 5, 3], "uv": [30, 0]}
					]
				}
			]
		}
	]
}