{
	"format_version": "1.12.0",
	"minecraft:geometry": [
		{
			"description": {
				"identifier": "geometry.Enderman_mutant_soul",
				"texture_width": 128,
				"texture_height": 64,
				"visible_bounds_width": 7,
				"visible_bounds_height": 7,
				"visible_bounds_offset": [0, 2.5, 0]
			},
			"bones": [
				{
					"name": "Soul",
					"pivot": [0, 0, 0]
				},
				{
					"name": "All",
					"parent": "Soul",
					"pivot": [0, 0, 0]
				},
				{
					"name": "sLeg",
					"parent": "All",
					"pivot": [-2.5, 35, 8],
					"rotation": [-35.48918, -3.84097, 14.51082],
					"cubes": [
						{"origin": [-4, 14, 6.5], "size": [3, 15, 3], "uv": [92, 0]},
						{"origin": [-4, 29, 6.5], "size": [3, 6, 3], "inflate": 0.25, "uv": [92, 0]}
					]
				},
				{
					"name": "sLeg2",
					"parent": "sLeg",
					"pivot": [-2.5, 14, 8],
					"rotation": [42.5, 0, 0],
					"cubes": [
						{"origin": [-4, -4, 6.5], "size": [3, 12, 3], "inflate": 0.5, "uv": [104, 0]},
						{"origin": [-4, 8, 6.5], "size": [3, 6, 3], "inflate": 0.25, "uv": [104, 0]}
					]
				},
				{
					"name": "sLeg3",
					"parent": "All",
					"pivot": [2.5, 35, 8],
					"rotation": [-35.48918, 3.84097, -14.51082],
					"cubes": [
						{"origin": [1, 14, 6.5], "size": [3, 15, 3], "uv": [92, 0], "mirror": true},
						{"origin": [1, 29, 6.5], "size": [3, 6, 3], "inflate": 0.25, "uv": [92, 0], "mirror": true}
					]
				},
				{
					"name": "sLeg4",
					"parent": "sLeg3",
					"pivot": [2.5, 14, 8],
					"rotation": [42.5, 0, 0],
					"cubes": [
						{"origin": [1, -4, 6.5], "size": [3, 12, 3], "inflate": 0.5, "uv": [104, 0], "mirror": true},
						{"origin": [1, 8, 6.5], "size": [3, 6, 3], "inflate": 0.25, "uv": [104, 0], "mirror": true}
					]
				},
				{
					"name": "Body",
					"parent": "All",
					"pivot": [0, 35, 8],
					"rotation": [20, 0, 0],
					"cubes": [
						{"origin": [-4, 35, 6], "size": [8, 10, 4], "uv": [32, 0]}
					]
				},
				{
					"name": "Body2",
					"parent": "Body",
					"pivot": [0, 45, 8],
					"rotation": [20, 0, 0],
					"cubes": [
						{"origin": [-5, 45, 5.5], "size": [10, 16, 5], "uv": [51, 9]}
					]
				},
				{
					"name": "Neck",
					"parent": "Body2",
					"pivot": [0, 61, 8],
					"rotation": [15, 0, 0],
					"cubes": [
						{"origin": [-1.5, 61, 6.5], "size": [3, 5, 3], "uv": [32, 13]}
					]
				},
				{
					"name": "Head",
					"parent": "Neck",
					"pivot": [0, 64.5, 7.13397],
					"rotation": [-45, 0, 0],
					"cubes": [
						{"origin": [-4, 67.5, 3.13397], "size": [8, 6, 8], "uv": [0, 0]},
						{"origin": [-4, 65.50761, 2.95966], "size": [8, 2, 8], "uv": [0, 14]}
					]
				},
				{
					"name": "Mouth",
					"parent": "Head",
					"pivot": [0, 67.5, 11.13397],
					"cubes": [
						{"origin": [-4, 64.5, 3.13397], "size": [8, 3, 8], "uv": [0, 13]},
						{"origin": [-4, 65.5, 3.13397], "size": [8, 2, 8], "inflate": 0.1, "uv": [0, 24]}
					]
				},
				{
					"name": "Arm",
					"parent": "Body2",
					"pivot": [-5.5, 57, 7.5],
					"rotation": [-30.039, -0.87694, 19.92401],
					"cubes": [
						{"origin": [-6.57804, 41.19921, 6.58032], "size": [3, 18, 3], "uv": [0, 34]},
						{"origin": [-6.57804, 35.19921, 6.58032], "size": [3, 6, 3], "inflate": 0.25, "uv": [0, 51]}
					]
				},
				{
					"name": "Arm2",
					"parent": "Arm",
					"pivot": [-6.5, 36, 7.5],
					"rotation": [-45, 0, 0],
					"cubes": [
						{"origin": [-6.57804, 13.8441, 6.97659], "size": [3, 22, 3], "inflate": 0.5, "uv": [12, 34]}
					]
				},
				{
					"name": "Allhand",
					"parent": "Arm2",
					"pivot": [-6.5, 13, 7.5],
					"rotation": [0, -30, 0]
				},
				{
					"name": "Hand",
					"parent": "Allhand",
					"pivot": [-6.5, 13, 8.5],
					"rotation": [15, 25, 10],
					"cubes": [
						{"origin": [-5.49748, 7.92033, 8.85796], "size": [1, 5, 1], "inflate": 0.5, "uv": [76, 0]}
					]
				},
				{
					"name": "Hand2",
					"parent": "Hand",
					"pivot": [-6.5, 9, 8.5],
					"rotation": [0, 0, -10],
					"cubes": [
						{"origin": [-5.53414, 3.66063, 8.85796], "size": [1, 5, 1], "inflate": 0.5, "uv": [76, 0]}
					]
				},
				{
					"name": "Hand5",
					"parent": "Allhand",
					"pivot": [-6.5, 13, 6.5],
					"rotation": [-15, -15, 10],
					"cubes": [
						{"origin": [-5.80306, 8.05859, 5.65802], "size": [1, 5, 1], "inflate": 0.5, "uv": [76, 0]}
					]
				},
				{
					"name": "Hand6",
					"parent": "Hand5",
					"pivot": [-6.5, 9, 6.5],
					"rotation": [0, 0, -10],
					"cubes": [
						{"origin": [-5.81866, 3.76303, 5.65802], "size": [1, 5, 1], "inflate": 0.5, "uv": [76, 0]}
					]
				},
				{
					"name": "Hand7",
					"parent": "Allhand",
					"pivot": [-7.5, 14, 5.5],
					"rotation": [-40, 15, -25],
					"cubes": [
						{"origin": [-6.59301, 7.16703, 6.45368], "size": [1, 6, 1], "inflate": 0.5, "uv": [76, 0], "mirror": true}
					]
				},
				{
					"name": "Hand3",
					"parent": "Allhand",
					"pivot": [-6.5, 13, 7.5],
					"rotation": [0, 0, 10],
					"cubes": [
						{"origin": [-6.27931, 8.1451, 7.13477], "size": [1, 5, 1], "inflate": 0.5, "uv": [76, 0]}
					]
				},
				{
					"name": "Hand4",
					"parent": "Hand3",
					"pivot": [-6.5, 9, 7.5],
					"rotation": [0, 0, -10],
					"cubes": [
						{"origin": [-6.28025, 3.8441, 7.13477], "size": [1, 5, 1], "inflate": 0.5, "uv": [76, 0]}
					]
				},
				{
					"name": "Block",
					"parent": "Allhand",
					"pivot": [1.60527, 15.73444, -1.66923]
				},
				{
					"name": "Arm7",
					"parent": "Body2",
					"pivot": [5.5, 57, 7.5],
					"rotation": [-30.039, 0.87694, -19.92401],
					"cubes": [
						{"origin": [3.57804, 41.19921, 6.58032], "size": [3, 18, 3], "uv": [0, 34], "mirror": true},
						{"origin": [3.57804, 35.19921, 6.58032], "size": [3, 6, 3], "inflate": 0.25, "uv": [0, 51], "mirror": true}
					]
				},
				{
					"name": "Arm8",
					"parent": "Arm7",
					"pivot": [6.5, 36, 7.5],
					"rotation": [-45, 0, 0],
					"cubes": [
						{"origin": [3.57804, 13.8441, 6.97659], "size": [3, 22, 3], "inflate": 0.5, "uv": [12, 34], "mirror": true}
					]
				},
				{
					"name": "Allhand4",
					"parent": "Arm8",
					"pivot": [6.5, 13, 7.5],
					"rotation": [0, 30, 0]
				},
				{
					"name": "Hand22",
					"parent": "Allhand4",
					"pivot": [6.5, 13, 8.5],
					"rotation": [15, -25, -10],
					"cubes": [
						{"origin": [4.49748, 7.92033, 8.85796], "size": [1, 5, 1], "inflate": 0.5, "uv": [76, 0], "mirror": true}
					]
				},
				{
					"name": "Hand23",
					"parent": "Hand22",
					"pivot": [6.5, 9, 8.5],
					"rotation": [0, 0, 10],
					"cubes": [
						{"origin": [4.53414, 3.66063, 8.85796], "size": [1, 5, 1], "inflate": 0.5, "uv": [76, 0], "mirror": true}
					]
				},
				{
					"name": "Hand24",
					"parent": "Allhand4",
					"pivot": [6.5, 13, 6.5],
					"rotation": [-15, 15, -10],
					"cubes": [
						{"origin": [4.80306, 8.05859, 5.65802], "size": [1, 5, 1], "inflate": 0.5, "uv": [76, 0], "mirror": true}
					]
				},
				{
					"name": "Hand25",
					"parent": "Hand24",
					"pivot": [6.5, 9, 6.5],
					"rotation": [0, 0, 10],
					"cubes": [
						{"origin": [4.81866, 3.76303, 5.65802], "size": [1, 5, 1], "inflate": 0.5, "uv": [76, 0], "mirror": true}
					]
				},
				{
					"name": "Hand26",
					"parent": "Allhand4",
					"pivot": [7.5, 14, 5.5],
					"rotation": [-40, -15, 25],
					"cubes": [
						{"origin": [5.59301, 7.16703, 6.45368], "size": [1, 6, 1], "inflate": 0.5, "uv": [76, 0]}
					]
				},
				{
					"name": "Hand27",
					"parent": "Allhand4",
					"pivot": [6.5, 13, 7.5],
					"rotation": [0, 0, -10],
					"cubes": [
						{"origin": [5.27931, 8.1451, 7.13477], "size": [1, 5, 1], "inflate": 0.5, "uv": [76, 0], "mirror": true}
					]
				},
				{
					"name": "Hand28",
					"parent": "Hand27",
					"pivot": [6.5, 9, 7.5],
					"rotation": [0, 0, 10],
					"cubes": [
						{"origin": [5.28025, 3.8441, 7.13477], "size": [1, 5, 1], "inflate": 0.5, "uv": [76, 0], "mirror": true}
					]
				},
				{
					"name": "Block4",
					"parent": "Allhand4",
					"pivot": [-1.60527, 15.73444, -1.66923]
				},
				{
					"name": "Arm5",
					"parent": "Body2",
					"pivot": [-5.5, 57, 7.5],
					"rotation": [-30.039, -0.87694, 19.92401],
					"cubes": [
						{"origin": [-6.57804, 41.19921, 6.58032], "size": [3, 18, 3], "uv": [0, 34]},
						{"origin": [-6.57804, 35.19921, 6.58032], "size": [3, 6, 3], "inflate": 0.25, "uv": [0, 52]}
					]
				},
				{
					"name": "Arm6",
					"parent": "Arm5",
					"pivot": [-6.5, 36, 7.5],
					"rotation": [-45, 0, 0],
					"cubes": [
						{"origin": [-6.57804, 13.8441, 6.97659], "size": [3, 22, 3], "inflate": 0.5, "uv": [12, 34]}
					]
				},
				{
					"name": "Allhand3",
					"parent": "Arm6",
					"pivot": [-6.5, 13, 7.5],
					"rotation": [0, -30, 0]
				},
				{
					"name": "Hand15",
					"parent": "Allhand3",
					"pivot": [-6.5, 13, 8.5],
					"rotation": [15, 25, 10],
					"cubes": [
						{"origin": [-5.49748, 7.92033, 8.85796], "size": [1, 5, 1], "inflate": 0.5, "uv": [76, 0]}
					]
				},
				{
					"name": "Hand16",
					"parent": "Hand15",
					"pivot": [-6.5, 9, 8.5],
					"rotation": [0, 0, -10],
					"cubes": [
						{"origin": [-5.53414, 3.66063, 8.85796], "size": [1, 5, 1], "inflate": 0.5, "uv": [76, 0]}
					]
				},
				{
					"name": "Hand17",
					"parent": "Allhand3",
					"pivot": [-6.5, 13, 6.5],
					"rotation": [-15, -15, 10],
					"cubes": [
						{"origin": [-5.80306, 8.05859, 5.65802], "size": [1, 5, 1], "inflate": 0.5, "uv": [76, 0]}
					]
				},
				{
					"name": "Hand18",
					"parent": "Hand17",
					"pivot": [-6.5, 9, 6.5],
					"rotation": [0, 0, -10],
					"cubes": [
						{"origin": [-5.81866, 3.76303, 5.65802], "size": [1, 5, 1], "inflate": 0.5, "uv": [76, 0]}
					]
				},
				{
					"name": "Hand19",
					"parent": "Allhand3",
					"pivot": [-7.5, 14, 5.5],
					"rotation": [-40, 15, -25],
					"cubes": [
						{"origin": [-6.59301, 7.16703, 6.45368], "size": [1, 6, 1], "inflate": 0.5, "uv": [76, 0], "mirror": true}
					]
				},
				{
					"name": "Hand20",
					"parent": "Allhand3",
					"pivot": [-6.5, 13, 7.5],
					"rotation": [0, 0, 10],
					"cubes": [
						{"origin": [-6.27931, 8.1451, 7.13477], "size": [1, 5, 1], "inflate": 0.5, "uv": [76, 0]}
					]
				},
				{
					"name": "Hand21",
					"parent": "Hand20",
					"pivot": [-6.5, 9, 7.5],
					"rotation": [0, 0, -10],
					"cubes": [
						{"origin": [-6.28025, 3.8441, 7.13477], "size": [1, 5, 1], "inflate": 0.5, "uv": [76, 0]}
					]
				},
				{
					"name": "Block2",
					"parent": "Allhand3",
					"pivot": [1.60527, 15.73444, -1.66923]
				},
				{
					"name": "Arm3",
					"parent": "Body2",
					"pivot": [5.5, 57, 7.5],
					"rotation": [-30.039, 0.87694, -19.92401],
					"cubes": [
						{"origin": [3.57804, 41.19921, 6.58032], "size": [3, 18, 3], "uv": [0, 34], "mirror": true},
						{"origin": [3.57804, 35.19921, 6.58032], "size": [3, 6, 3], "inflate": 0.25, "uv": [0, 52], "mirror": true}
					]
				},
				{
					"name": "Arm4",
					"parent": "Arm3",
					"pivot": [6.5, 36, 7.5],
					"rotation": [-45, 0, 0],
					"cubes": [
						{"origin": [3.57804, 13.8441, 6.97659], "size": [3, 22, 3], "inflate": 0.5, "uv": [12, 34], "mirror": true}
					]
				},
				{
					"name": "Allhand2",
					"parent": "Arm4",
					"pivot": [6.5, 13, 7.5],
					"rotation": [0, 30, 0]
				},
				{
					"name": "Hand8",
					"parent": "Allhand2",
					"pivot": [6.5, 13, 8.5],
					"rotation": [15, -25, -10],
					"cubes": [
						{"origin": [4.49748, 7.92033, 8.85796], "size": [1, 5, 1], "inflate": 0.5, "uv": [76, 0], "mirror": true}
					]
				},
				{
					"name": "Hand9",
					"parent": "Hand8",
					"pivot": [6.5, 9, 8.5],
					"rotation": [0, 0, 10],
					"cubes": [
						{"origin": [4.53414, 3.66063, 8.85796], "size": [1, 5, 1], "inflate": 0.5, "uv": [76, 0], "mirror": true}
					]
				},
				{
					"name": "Hand10",
					"parent": "Allhand2",
					"pivot": [6.5, 13, 6.5],
					"rotation": [-15, 15, -10],
					"cubes": [
						{"origin": [4.80306, 8.05859, 5.65802], "size": [1, 5, 1], "inflate": 0.5, "uv": [76, 0], "mirror": true}
					]
				},
				{
					"name": "Hand11",
					"parent": "Hand10",
					"pivot": [6.5, 9, 6.5],
					"rotation": [0, 0, 10],
					"cubes": [
						{"origin": [4.81866, 3.76303, 5.65802], "size": [1, 5, 1], "inflate": 0.5, "uv": [76, 0], "mirror": true}
					]
				},
				{
					"name": "Hand12",
					"parent": "Allhand2",
					"pivot": [7.5, 14, 5.5],
					"rotation": [-40, -15, 25],
					"cubes": [
						{"origin": [5.59301, 7.16703, 6.45368], "size": [1, 6, 1], "inflate": 0.5, "uv": [76, 0]}
					]
				},
				{
					"name": "Hand13",
					"parent": "Allhand2",
					"pivot": [6.5, 13, 7.5],
					"rotation": [0, 0, -10],
					"cubes": [
						{"origin": [5.27931, 8.1451, 7.13477], "size": [1, 5, 1], "inflate": 0.5, "uv": [76, 0], "mirror": true}
					]
				},
				{
					"name": "Hand14",
					"parent": "Hand13",
					"pivot": [6.5, 9, 7.5],
					"rotation": [0, 0, 10],
					"cubes": [
						{"origin": [5.28025, 3.8441, 7.13477], "size": [1, 5, 1], "inflate": 0.5, "uv": [76, 0], "mirror": true}
					]
				},
				{
					"name": "Block3",
					"parent": "Allhand2",
					"pivot": [-1.60527, 15.73444, -1.66923]
				}
			]
		}
	]
}