{
  "format_version": "1.10.0",
  "minecraft:entity": {
    "description": {
      "identifier": "rhex:mutant_vindicator",
      "is_spawnable": true,
      "is_summonable": true,
      "is_experimental": false,
      "scripts": {
        "animate": [
        { "dead": "query.mark_variant == 1" },
        { "dead2": "query.mark_variant == 2" },
          { "attack": "query.is_delayed_attacking" }
         
        ]
      },
      "animations": {
      "dead": "controller.animation.mdead6",
      "dead2": "controller.animation.mdead",
        "attack": "animation.mzsmash"
      }
    },

    "component_groups": {
      "minecraft:celebrate": {
        "minecraft:behavior.celebrate": {
          "priority": 5,
          "celebration_sound": "celebrate",
          "sound_interval": {
            "range_min": 2.0,
            "range_max": 7.0
          },
          "jump_interval": {
            "range_min": 1.0,
            "range_max": 3.5
          },
          "duration": 30.0,
          "on_celebration_end_event": {
            "event": "minecraft:stop_celebrating",
            "target": "self"
          }
        }
      },
      "minecraft:vindicator_aggro": {
        "minecraft:angry": {
          "duration": -1,
          "broadcast_anger": false,
          "calm_event": {
            "event": "minecraft:stop_aggro",
            "target": "self"
          }
        }
      },
      "minecraft:vindicator_johnny": {
        "minecraft:behavior.nearest_attackable_target": {
          "priority": 2,
          "must_see": true,
          "within_radius": 35.0,
          "must_see_forget_duration": 40.0,

          "entity_types": [
            {
              "filters": {
                "all_of": [
                  { "test": "is_family", "subject": "other", "operator": "!=", "value": "illager" }
                ]
              },
              "max_dist": 12
            }
          ]
        }
      },
      "minecraft:default_targeting": {
        "minecraft:behavior.nearest_attackable_target": {
          "priority": 2,
          "must_see": true,
          "within_radius": 35.0,
          "must_see_forget_duration": 40.0,

          "entity_types": [
            {
              "filters": {
                "any_of": [
                  { "test": "is_family", "subject": "other", "value": "player" },
                  { "test" :  "has_tag", "subject" : "other", "value" :  "mitarget"},
                  { "test": "is_family", "subject": "other", "value": "snowgolem" },
                  { "test": "is_family", "subject": "other", "value": "irongolem" },
                  { "test": "is_family", "subject": "other", "value": "wandering_trader" }
                ]
              },
              "max_dist": 12
            },
            {
              "filters": {
                "all_of": [
                  { "test": "is_family", "subject": "other", "value": "villager" },
                  { "test": "has_component", "subject": "other", "operator": "!=", "value": "minecraft:is_baby" }
                ]
              },
              "max_dist": 12
            }
          ]
        }
      },
      "minecraft:raid_configuration": {
        "minecraft:dweller": {
          "dwelling_type": "village",
          "dweller_role": "hostile",
          "update_interval_base": 60,
          "update_interval_variant": 40,
          "can_find_poi": false,
          "can_migrate": false,
          "first_founding_reward": 0
        },
        "minecraft:behavior.move_to_village": {
          "priority": 4,
          "speed_multiplier": 1.0,
          "goal_radius": 2.0
        },
        "minecraft:loot": {
          "table": "loot_tables/entities/vindicator_raid.json"
        },
        "minecraft:navigation.walk": {
          "can_path_over_water": true,
          "can_pass_doors": true,
          "can_break_doors": true
        },
        "minecraft:annotation.break_door": {
          "break_time": 30,
          "min_difficulty": "normal"
        },
        "minecraft:ambient_sound_interval": {
          "value": 2.0,
          "range": 4.0,
          "event_name": "ambient.in.raid"
        
      },
        "minecraft:behavior.move_to_random_block": {
          "priority": 5,
          "speed_multiplier": 0.55,
          "within_radius": 8,
          "block_distance": 512
        }
      },
      "minecraft:patrol_follower": {
        "minecraft:behavior.follow_target_captain": {
          "priority": 5,
          "speed_multiplier": 0.8,
          "within_radius": 64,
          "follow_distance": 5
        
      }
    },
    "calm": {   
    "minecraft:movement": {
          "value": 0.30
        },
"minecraft:on_target_acquired": {
        "event": "attack",
        "target": "self"
        }
      },
      "angry": {
      "minecraft:movement": {
          "value": 0.45
        },
      "minecraft:on_target_escape": {
        "event": "remove_attack",
        "target": "self"
      }  
      },
    "minecraft:normal_health": {
    
      "minecraft:variant": {
        "value": 0
      },
      "minecraft:mark_variant": {
          "value": 1
        },
    "minecraft:health": {
        "value": 80,
        "max": 80
        }
      },
      "minecraft:health_is_in_danger": {
      
      "minecraft:variant": {
        "value": 1
      },
      "minecraft:mark_variant": {
          "value": 2
        },
    "minecraft:health": {
        "value": 158,
        "max": 158
        }
      },
      
"attack": {
    "minecraft:behavior.delayed_attack": {
          "priority": 3,
          "reach_multiplier": 3,
          "attack_duration": 1.56,
          "hit_delay_pct": 0.7,
          "track_target": true,
          "sound_event": "attack.strong"
        },
        "minecraft:behavior.stalk_and_pounce_on_target": {
                "priority": 1,
                "stalk_speed": 2,
                "max_stalk_dist": 13.0,
                "leap_height": 1.25,
                "leap_dist": 1.5,
                "pounce_max_dist": 12.5,
                "strike_dist": 12.5,
                "interest_time": 0.0001
				},
      "minecraft:behavior.melee_attack": {
        "priority": 3,
        "speed_multiplier": 1,
        "track_target": false
        }
        },
          "start_roar": {
          "minecraft:timer": {
          "looping": true,
			"time": [15, 26],
          "time_down_event": {
          "event": "roar"
          }
          }
          },
        "roar": {
        "minecraft:is_shaking": {
        },
        "minecraft:mob_effect": {
          "effect_range": 10,
          "mob_effect": "weakness",
          "effect_time": 3,
          "entity_filter": {
            "any_of": [
              { "test": "is_family", "subject": "other", "value": "player" },
              { "test": "is_family", "subject": "other", "value": "mob" },
              { "test": "is_family", "subject": "other", "value": "monster" }
            ] 
        }
      },
        "minecraft:spell_effects": {
          "add_effects": [
            {
              "effect": "resistance",
              "amplifier": 255,
              "visible": false,
              "ambient": false,
              "duration": 7
              },
            {
              "effect": "regeneration",
              "amplifier": 3,
              "visible": false,
              "ambient": false,
              "duration": 7
            }
          ]
          },
          "minecraft:spawn_entity": [
	    {
		  "min_wait_time": 3.04,
		  "max_wait_time": 3.04,
		  "num_to_spawn": 3,
		  "single_use": true,
		  "spawn_entity": "rhex:vindicator<minecraft:summon_by_mutant_zombie>"
		},
		{
		"min_wait_time": 0.5,
		  "max_wait_time": 0.5,
		  "num_to_spawn": 1,
		  "single_use": true,
		"spawn_event": "sheared",
		  "spawn_entity": "rhex:mismash<sheared>"
		},
		{
		"min_wait_time": 1.0,
		  "max_wait_time": 1.0,
		  "num_to_spawn": 1,
		  "single_use": true,
		"spawn_event": "sheared",
		  "spawn_entity": "rhex:mismash<sheared>"
		},
		{
		"min_wait_time": 1.5,
		  "max_wait_time": 1.5,
		  "num_to_spawn": 1,
		  "single_use": true,
		"spawn_event": "sheared",
		  "spawn_entity": "rhex:mismash<sheared>"
		},
		{
		"min_wait_time": 2.0,
		  "max_wait_time": 2.0,
		  "num_to_spawn": 1,
		  "single_use": true,
		"spawn_event": "sheared",
		  "spawn_entity": "rhex:mismash<sheared>"
		},
		{
		"min_wait_time": 2.5,
		  "max_wait_time": 2.5,
		  "num_to_spawn": 1,
		  "single_use": true,
		"spawn_event": "sheared",
		  "spawn_entity": "rhex:mismash<sheared>"
		},
		{
		"min_wait_time": 3.0,
		  "max_wait_time": 3.0,
		  "num_to_spawn": 1,
		  "single_use": true,
		"spawn_event": "sheared",
		  "spawn_entity": "rhex:mismash<sheared>"
		},
		{
		"min_wait_time": 3.5,
		  "max_wait_time": 3.5,
		  "num_to_spawn": 1,
		  "single_use": true,
		"spawn_event": "sheared",
		  "spawn_entity": "rhex:mismash<sheared>"
		},
		{
		"min_wait_time": 4.0,
		  "max_wait_time": 4.0,
		  "num_to_spawn": 1,
		  "single_use": true,
		"spawn_event": "sheared",
		  "spawn_entity": "rhex:mismash<sheared>"
		},
		{
		"min_wait_time": 4.5,
		  "max_wait_time": 4.5,
		  "num_to_spawn": 1,
		  "single_use": true,
		"spawn_event": "sheared",
		  "spawn_entity": "rhex:mismash<sheared>"
		},
		{
		"min_wait_time": 5.0,
		  "max_wait_time": 5.0,
		  "num_to_spawn": 1,
		  "single_use": true,
		"spawn_event": "sheared",
		  "spawn_entity": "rhex:mismash<sheared>"
		},
		{
		"min_wait_time": 5.5,
		  "max_wait_time": 5.5,
		  "num_to_spawn": 1,
		  "single_use": true,
		"spawn_event": "sheared",
		  "spawn_entity": "rhex:mismash<sheared>"
		},
		{
		"min_wait_time": 6.0,
		  "max_wait_time": 6.0,
		  "num_to_spawn": 1,
		  "single_use": true,
		"spawn_event": "sheared",
		  "spawn_entity": "rhex:mismash<sheared>"
		},
		{
		"min_wait_time": 6.5,
		  "max_wait_time": 6.5,
		  "num_to_spawn": 1,
		  "single_use": true,
		"spawn_event": "sheared",
		  "spawn_entity": "rhex:mismash<sheared>"
		}
	  ],
	
          "minecraft:behavior.knockback_roar": {
          "priority": 0,
          "duration": 6.76,
          "attack_time": 0.2,
          "knockback_damage": 16,
          "knockback_strength": 7,
          "knockback_range": 10,
          "knockback_filters": {
            "test": "is_family",
            "subject": "other",
            "operator": "!=",
            "value": "illager"
          },
          "damage_filters": {
            "test": "is_family",
            "subject": "other",
            "operator": "!=",
            "value": "illager"
          },
          "cooldown_time": 99999
        },
          "minecraft:timer": {
          "looping": true,
			"time": [6.76, 6.76],
          "time_down_event": {
          "event": "attack"
          }
          }
          },
          "spell": {
      "minecraft:spell_effects": {
          "add_effects": [
            {
              "effect": "resistance",
              "amplifier": 2,
              "visible": false,
              "ambient": false,
              "duration": 999999
              },
            {
              "effect": "regeneration",
              "amplifier": 1,
              "visible": false,
              "ambient": false,
              "duration": 999999
            }
          ]
          }
          },
          "smash":{
          "minecraft:spawn_entity": [
	    {
		  "min_wait_time": 0,
		  "max_wait_time": 0,
		  "num_to_spawn": 1,
		  "single_use": true,
		  "spawn_entity": "rhex:mismash"
		}
	  ]
	},
      "break": {
      "minecraft:scale": {
        "value": 0.0
      },
"minecraft:transformation": {
          "into": "rhex:mutant_vindicator_dead<break>",
          "delay": 0
        }
        },
        "dead": {
        "minecraft:scale": {
        "value": 0.0
      },
"minecraft:transformation": {
          "into": "rhex:mutant_vindicator_dead<going_roar>",
          "delay": 0
          }
        }
        },
    "components": {
      "minecraft:experience_reward": {
        "on_death": "query.last_hit_by_player ? (query.is_baby ? 12 : 5) + (Math.die_roll(query.equipment_count,1,3)) : 0"
      },
      "minecraft:behavior.summon_entity": {
        "priority": 1,
        "summon_choices": [
          {
            "weight": 100,
            "cooldown_time": 999999,
            "cast_duration": 0,
            "sequence": [
              {
                "target": "target",
                "base_delay": 0,
                "num_entities_spawned": 1,
                "entity_type": "rhex:mitarget",
                "size": 0.0,
                "entity_lifespan": 0.1
              }
            ]
          }
        ]
      },
      "minecraft:boss": {
        "name":"§4§LMUTANT VINDICATOR",
        "should_darken_sky": false,
        "hud_range": 14
      },
      "minecraft:knockback_resistance": {
         "value": 1.0
      },
      "minecraft:scale": {
          "value": 1.50
        },
      "minecraft:break_blocks": {
        "breakable_blocks": [

          "bamboo_sapling",
          "beetroot",
          "brown_mushroom",
          "carrots",
          "carved_pumpkin",
          "chorus_flower",
          "chorus_plant",
          "lit_pumpkin",
          "melon_stem",
          "potatoes",
          "pumpkin",
          "pumpkin_stem",
          "red_flower",
          "red_mushroom",
          "reeds",
          "sapling",
          "sweet_berry_bush",
          "vine",
          "waterlily",
          "yellow_flower",
          "bamboo",
          "wheat",
          "oak_stairs",
          "spruce_stairs",
          "dark_oak_stairs",
          "birch_stairs",
          "acacia_stairs",
          "carved_pumpkin",
          "leaves",
          "leaves2",
          "lit_pumpkin",
          "melon_block",
          "spruce_door",
          "oak_door",
          "birch_door",
          "acacia_door",
          "ice",
          "dark_oak_door",
          "turtle_egg",
          "wood_planks",
          "fence",
          "redstone_wire",
          "glass",
          "glass_pane",
          "slab",
          "wool",
          "bed",
          "planks",
          "ladder",
          "scaffolding",
          "trapdoor",
          "acacia_trapdoor",
          "planks_jungle",
          "cactus"
        ]
      },
      "minecraft:nameable": {
        "default_trigger": {
          "event": "minecraft:stop_johnny",
          "target": "self"
        },
        "name_actions": [
          {
            "name_filter": "Johnny",
            "on_named": {
              "event": "minecraft:start_johnny",
              "target": "self"
            }
          }
        ]
      },

      // vindicator Components
      "minecraft:type_family": {
        "family": [ "rhexvindicator", "vindicator", "monster", "illager", "mob" ]
      },
      
      "minecraft:breathable": {
        "total_supply": 15,
        "suffocate_time": 0
      },
      "minecraft:collision_box": {
        "width": 1.2,
        "height": 2.9
      },
      "minecraft:hurt_on_condition": {
        "damage_conditions": [
          {
            "filters": { "test": "in_lava", "subject": "self", "operator": "==", "value": true },
            "cause": "lava",
            "damage_per_tick": 4
          }
        ]
      },
      "minecraft:attack": {
        "damage": 16
      },
      "minecraft:navigation.walk": {
        "can_path_over_water": true
      },
      "minecraft:movement.basic": {
      },
      "minecraft:jump.static": {
      },
      "minecraft:follow_range": {
        "value": 64
      },
      "minecraft:loot": {
        "table": "loot_tables/entities/vindication_illager.json"
      },
      "minecraft:equipment": {
        "table": "loot_tables/entities/vindicator_gear.json"
      },

      // vindicator Behaviors
      "minecraft:behavior.float": {
        "priority": 0
      },
      "minecraft:behavior.random_stroll": {
        "priority": 9,
        "speed_multiplier": 1
      },
      "minecraft:behavior.look_at_player": {
        "priority": 10,
        "look_distance": 8,
        "probability": 0.02
      },
      "minecraft:behavior.hurt_by_target": {
        "priority": 1
      },
      "minecraft:physics": {
      },
      "minecraft:pushable": {
        "is_pushable": true,
        "is_pushable_by_piston": true
      }
    },

    "events": {
      "minecraft:entity_spawned": {
        "add": {
          "component_groups": [
            "minecraft:default_targeting",
            "spell",
            "minecraft:normal_health",
            "calm"
            
          ]
        }
      },
      "mutant": {
        "add": {
          "component_groups": [
          "minecraft:default_targeting",
          "spell",
            "minecraft:normal_health",
            "calm"
          ]
        }
      },
      "minecraft:health_is_in_danger": {
        "add": {
          "component_groups": [
          "minecraft:default_targeting",
            "minecraft:health_is_in_danger",
            "roar"
          ]
        },
        "remove": {
          "component_groups": [
            "calm"
          ]
        }
      },
      "smash": {
        "add": {
          "component_groups": [
            "smash"
          ]
        }
      },
      "attack": {
        "remove": {
          "component_groups": [
            "roar",
            "calm"
          ]
        },
        "add": {
          "component_groups": [
          "spell",
            "attack",
            "angry",
            "start_roar"
          ]
        }
      },
      "roar": {
        "add": {
          "component_groups": [
            "roar"
          ]
        },
        "remove": {
          "component_groups": [
          "spell",
            "attack"
          ]
        }
      },
      "remove_attack": {
        "remove": {
          "component_groups": [
            "attack",
            "roar",
            "angry",
            "start_roar"
          ]
        },
        "add": {
          "component_groups": [
          "spell",
            "calm"
          ]
        }
      },
      "break": {
        "add": {
          "component_groups": [
            "break"
          ]
        }
      },
      "dead": {
        "add": {
          "component_groups": [
            "dead"
          ]
        }
      },
      "minecraft:spawn_as_patrol_follower": {
        "add": {
          "component_groups": [
            "minecraft:default_targeting",
            "minecraft:patrol_follower"
          ]
        }
      },
      "minecraft:become_aggro": {
        "add": {
          "component_groups": [
            "minecraft:vindicator_aggro"
          ]
        }
      },
      "minecraft:stop_aggro": {
        "remove": {
          "component_groups": [
            "minecraft:vindicator_aggro"
          ]
        }
      },
      "minecraft:start_johnny": {
        "add": {
          "component_groups": [
            "minecraft:vindicator_johnny"
          ]
        }
      },
      "minecraft:stop_johnny": {
        "remove": {
          "component_groups": [
            "minecraft:vindicator_johnny"
          ]
        },
        "add": {
          "component_groups": [
            "minecraft:default_targeting"
          ]
        }
      },
      "minecraft:spawn_for_raid": {
        "add": {
          "component_groups": [
            "minecraft:default_targeting",
            "minecraft:raid_configuration"
          ]
        }
      },
      "minecraft:spawn_as_illager_captain": {
        "add": {
          "component_groups": [
            "minecraft:illager_squad_captain"
          ]
        }
      },
      "minecraft:promote_to_illager_captain": {
        "add": {
          "component_groups": [
            "minecraft:illager_squad_captain"
          ]
        },
        "remove": {
          "component_groups": [
            "minecraft:patrol_follower"
          ]
        }
      },
      "minecraft:promote_to_patrol_captain": {
        "add": {
          "component_groups": [
            "minecraft:patrol_captain"
          ]
        },
        "remove": {
          "component_groups": [
            "minecraft:patrol_follower"
          ]
        }
      },
      "minecraft:start_celebrating": { // Event must be called exactly this for village to fire it when a raid is lost
        "add": { "component_groups": [ "minecraft:celebrate" ] }
      },
      "minecraft:stop_celebrating": {
        "remove": { "component_groups": [ "minecraft:celebrate" ] }
      }
    }
  }
}