{
  "format_version": "1.12.0",
  "minecraft:entity": {
    "description": {
      "identifier": "rhex:meclone",
      "is_spawnable": false,
      "is_summonable": true,
      "is_experimental": false,
    "scripts": {
        "animate": [
          "spread"
        ]
      },
      "animations": {
        "spread": "controller.animation.mspread"
      }
    },
    "component_groups": {
      "crystal_exploding": {
      "minecraft:spawn_entity": [
	    {
		  "min_wait_time": 0.1,
		  "max_wait_time": 0.1,
		  "num_to_spawn": 1,
		  "single_use": true,
		  "spawn_entity": "rhex:endersoul_emit"
		}
	  ],
        "minecraft:mob_effect": {
          "effect_range": 1.99,
          "mob_effect": "blindness",
          "effect_time": 1,
          "entity_filter": {
            "any_of": [
              { "test": "is_family", "subject": "other", "value": "player" },
              { "test": "is_family", "subject": "other", "value": "mob" },
              { "test": "is_family", "subject": "other", "value": "monster" }
            ] 
        }
      },
        "minecraft:explode": {
          "fuse_length": 0.2,
          "fuse_lit": true,
          "power": 0,
          "causes_fire": false,
          "destroy_affected_by_griefing": true
        }
      }
    },

    "components": {
      "minecraft:collision_box": {
        "width": 0.8,
        "height": 3.5
      },
      "minecraft:scale": {
        "value": 1.0
      },
      "minecraft:type_family": {
        "family": [ "inanimate", "rhexenderman", "enderman" ]
      },
      "minecraft:health": {
        "value": 1,
        "min": 1,
        "max": 1
      },
      "minecraft:fire_immune": true,
      "minecraft:is_sheared": {
          },
          "minecraft:timer": {
          "looping": false,
			"time": [1.0, 8.0],
          "time_down_event": {
          "event": "minecraft:crystal_explode"
          
          }
          },
          "minecraft:navigation.walk": {
        "can_path_over_water": false,
        "avoid_water": true
      },
      "minecraft:movement.basic": {

      },
      "minecraft:jump.static": {
      },
      "minecraft:can_climb": {
      },
      "minecraft:behavior.float": {
        "priority": 0
      },
      "minecraft:behavior.random_stroll": {
        "priority": 7,
        "speed_multiplier": 1.0
      },
      "minecraft:behavior.look_at_player": {
        "priority": 8,
        "look_distance": 8.0,
        "probability": 8.0
      },
      "minecraft:behavior.random_look_around": {
        "priority": 8
      },
      "minecraft:behavior.hurt_by_target": {
        "priority": 0,
        "entity_types": {
          "filters": { "test": "is_family", "subject": "other", "operator": "!=", "value": "rhexenderman" }
        }
      },
      "minecraft:behavior.nearest_attackable_target": {
          "priority": 4,
          "attack_interval": 1,
          "entity_types": [
            {
              "filters": {
                "any_of": [
                  { "test" :  "is_family", "subject" : "other", "value" :  "endermite"},
                  { "test" :  "has_tag", "subject" : "other", "value" :  "target"},
                  { "test" :  "has_tag", "subject" : "other", "value" :  "metarget"}
                ] 
              },
              "max_dist": 35
            }
          ],
          "must_see": true
        },
        "minecraft:follow_range": {
        "value": 45,
        "max": 45
      },
        "minecraft:behavior.melee_attack": {
          "priority": 2,
          "speed_multiplier": 1.0,
          "track_target": false
        
        },
        "minecraft:attack": {
        "damage": 2,
        "effect_name": "blindness",
        "effect_duration": 1
      },
      "minecraft:health": {
        "value": 1,
        "min": 1,
        "max": 1
      },
      "minecraft:teleport": {
        "random_teleports": true,
        "max_random_teleport_time": 30,
        "random_teleport_cube": [ 8, 8, 8 ],
        "target_distance": 5,
        "target_teleport_chance": 0.05,
        "light_teleport_chance": 0.05
      },
	    "minecraft:physics": {
      },
      "minecraft:pushable": {
        "is_pushable": true,
        "is_pushable_by_piston": true
      }
    },

    "events": {
      "minecraft:crystal_explode": {
        "remove": {
        },
        "add": {
          "component_groups": [
            "crystal_exploding"
          ]
        }
      }
    }

  }
}
