{
  "format_version": "1.10.0",
  "minecraft:client_entity": {
    "description": {
      "identifier": "rhex:spider_pig",
      "materials": {
        "default": "spider",
        "invisible": "spider_invisible"
      },
      "textures": {
        "default": "textures/entity/mutant/spiderpig"
      },
      "geometry": {
        "default": "geometry.Pigspider"
      },
      "animations": {
        "root": "controller.animation.all.root",
        "default": "animation.Pigspider.idle",
        "look_at_target": "animation.spider.look_at_target",
        "move": "animation.Pigspider.move"
      },
      "scripts": {
      "pre_animation": [
          "variable.tcos0 = (Math.cos(query.modified_distance_moved * 38.17) * query.modified_move_speed / variable.gliding_speed_value) * 57.3;"
          ],
        "animate": [
          "root"
        ]
      },
      "render_controllers": [ "controller.render.spider" ],
      "spawn_egg": {
        "texture": "mutantspawneggs",
        "texture_index": 5
      }
    }
  }
}