{
  "format_version": "1.10.0",
  "minecraft:client_entity": {
    "description": {
      "identifier": "rhex:mutant_evocation_illager",
      "materials": { "default": "iron_golem", "block": "iron_golem" }, 
      "textures": {
        "default": "textures/entity/future/mmevoker",
        "block": "textures/entity/future/totem"
      },
      "geometry": {
        "default": "geometry.Evoker_mutante",
"block": "geometry.Totemmr"     
      },
      "animations": {
        "root": "controller.animation.all.root",
        "root2": "controller.animation.mutant.general",
        "root3": "controller.animation.evoker.castingmmm",
        "root4": "controller.animation.mutant.cast",
        "root5": "controller.animation.mutant.hurt",
        "root6": "controller.animation.mutant.block",
        "root7": "controller.animation.evoker.castingmmm2",
        //by rhex mcpe
        
        "block": "animation.Totemmr.attack",
        "cast": "animation.mevoker.casting",
        "hurt": "animation.mevoker.casting",
        "general": "animation.Enderman_mutant.general",
        "move": "animation.Zombie_mutant.walk",
        "attack": "animation.PigZombie_mutant.smash",
        "jump": "animation.Zombie_mutant.smash",
        "look_at_target": "animation.mutant.look_at_target",
        "roar": "animation.Piglin_mutant.roar",
        "roar_move": "animation.Piglin_mutant.roar"
      },
      "particle_effects": {
        "spell": "minecraft:evoker_spell"
      },
      "scripts": {
      "pre_animation": [
          "variable.tcos0 = (Math.cos(query.modified_distance_moved * 38.17) * query.modified_move_speed / variable.gliding_speed_value) * 57.3;"
          ],
        "animate": [
          "root",
          "root2",
          "root3",
          "root4",
          "root5",
          "root6",
          "root7"
        ]
      }, 
      "render_controllers": [ 
    "controller.render.iron_golem",
    { "controller.render.meblock": "query.is_sheared" } 
    ],
    "spawn_egg": {
        "texture": "mutantspawneggs",
        "texture_index": 15
      }
    }
  }
}

