{
	"format_version": "1.12.0",
	"minecraft:geometry": [
		{
			"description": {
				"identifier": "geometry.golem_colossus",
				"texture_width": 128,
				"texture_height": 128,
				"visible_bounds_width": 4,
				"visible_bounds_height": 5,
				"visible_bounds_offset": [0, 1.5, 0]
			},
			"bones": [
				{
					"name": "Leg",
					"pivot": [-4, 20, 0],
					"rotation": [-15, 0, 5],
					"cubes": [
						{"origin": [-6.5, 12, -2.5], "size": [5, 8, 5], "uv": [44, 73]}
					]
				},
				{
					"name": "Leg2",
					"parent": "Leg",
					"pivot": [-4, 12, 0],
					"rotation": [17.5, 0, -2.5],
					"cubes": [
						{"origin": [-7, 0, -3], "size": [6, 12, 6], "uv": [0, 73]}
					]
				},
				{
					"name": "Body",
					"pivot": [0, 20, 0],
					"rotation": [5, 0, 0],
					"cubes": [
						{"origin": [-7, 20, -4], "size": [14, 12, 8], "uv": [76, 0]}
					]
				},
				{
					"name": "Body2",
					"parent": "Body",
					"pivot": [0, 32, 0],
					"rotation": [50, 0, 0],
					"cubes": [
						{"origin": [-11, 32, -8], "size": [22, 16, 16], "uv": [0, 0]}
					]
				},
				{
					"name": "Arm",
					"parent": "Body2",
					"pivot": [-11, 41.54254, 1.72073],
					"rotation": [-44.00703, 10.54529, 10.72858],
					"cubes": [
						{"origin": [-16.5, 33.54254, -1.77927], "size": [6, 12, 6], "uv": [48, 55]}
					]
				},
				{
					"name": "Arm2",
					"parent": "Arm",
					"pivot": [-14, 33.54254, 1.72073],
					"rotation": [-50, 0, -2.5],
					"cubes": [
						{"origin": [-17, 17.54254, -2.27927], "size": [7, 16, 7], "uv": [0, 32]}
					]
				},
				{
					"name": "Arm3",
					"parent": "Body2",
					"pivot": [11, 41.54254, 1.72073],
					"rotation": [-44.00703, -10.54529, -10.72858],
					"cubes": [
						{"origin": [10.5, 33.54254, -1.77927], "size": [6, 12, 6], "uv": [48, 55], "mirror": true}
					]
				},
				{
					"name": "Arm4",
					"parent": "Arm3",
					"pivot": [14, 33.54254, 1.72073],
					"rotation": [-50, 0, 2.5],
					"cubes": [
						{"origin": [10, 17.54254, -2.27927], "size": [7, 16, 7], "uv": [0, 32], "mirror": true}
					]
				},
				{
					"name": "Head",
					"parent": "Body2",
					"pivot": [0, 47.76946, -0.87321],
					"rotation": [-50, 0, 0],
					"cubes": [
						{"origin": [-4, 42.77326, -8.96036], "size": [8, 8, 8], "uv": [56, 32]}
					]
				},
				{
					"name": "Leg3",
					"pivot": [4, 20, 0],
					"rotation": [-15, 0, -5],
					"cubes": [
						{"origin": [1.5, 12, -2.5], "size": [5, 8, 5], "uv": [44, 73], "mirror": true}
					]
				},
				{
					"name": "Leg4",
					"parent": "Leg3",
					"pivot": [4, 12, 0],
					"rotation": [17.5, 0, 2.5],
					"cubes": [
						{"origin": [1, 0, -3], "size": [6, 12, 6], "uv": [0, 73], "mirror": true}
					]
				}
			]
		}
	]
}