{
  "format_version": "1.12.0",
  "minecraft:entity": {
    "description": {
      "identifier": "chemical:chemical_x",
      "is_spawnable": true,
      "is_summonable": true,
      "is_experimental": false,
      "runtime_identifier": "minecraft:snowball"
    },
    "component_groups": {
      "exploding": {
        "minecraft:transformation": {
          "into": "chemical:xxx_impact<sheared>",
          "delay": 0
          }
        }
        },
    "components": {
      "minecraft:collision_box": {
        "width": 0.25,
        "height": 0.25
      },
      "minecraft:type_family": {
        "family": [ "xxx" ]
      },
      "minecraft:projectile": {
    "onHit": {
                "mob_effect": {
          "effect": "weakness",
          "durationeasy": 20,
          "durationnormal": 20,
          "durationhard": 20,
          "amplifier": 255
      },
      "impact_damage": {
            "damage": 1,
            "knockback": false
        },
        "spawn_chance": {
            "firstSpawnChance": 1,
            "secondSpawnChance": 1,
            "firstSpawnCount": 1,
            "secondSpawnCount": 1,
            "spawnMob": "chicken",
            "spawnDefinition": "chemical:xxx_impact",
            "spawnBaby": false
          }
        },
     "definition_event": {
      "affect_projectile": true,
      "event_trigger": {
         "event": "exploding",
          "target": "self"
      }
     }
    },
        "power": 0.20,
        "gravity": 0.20,
        "angle_offset": -20.0,
        "hit_sound": "glass"
      },
      "minecraft:physics": {}
    },
    "events": {
   "exploding": {
    "add": {
     "component_groups": [
      "exploding"
     ]
    }
   }
  }
 }
}