{
  "format_version": "1.10.0",
  "minecraft:client_entity": {
    "description": {
      "identifier": "rhex:mutant_villager_dead",
      "materials": { "default": "iron_golem" }, 
      "textures": {
        "default": "textures/entity/mutant/villagerr"
      },
      "geometry": {
        "default": "geometry.Villager_mutant"     
      },
      "animations": {
        "root": "controller.animation.all.root",
        "root2": "controller.animation.mutant.hurt",
        //by rhex mcpe
        "hurt": "animation.Zombie_mutant.dead",
        "roar": "animation.Piglin_mutant.roar",
        "roar_move": "animation.Piglin_mutant.roar"
      },
      "scripts": {
      "pre_animation": [
          "variable.tcos0 = (Math.cos(query.modified_distance_moved * 38.17) * query.modified_move_speed / variable.gliding_speed_value) * 57.3;"
          ],
        "animate": [
          "root",
          "root2"
        ]
      }, 
      "render_controllers": [ "controller.render.iron_golem" ],
    "spawn_egg": {
        "texture": "mutantspawneggs",
        "texture_index": 9
      }
    }
  }
}

