{
    "format_version": "1.10.0",
  "minecraft:entity": {
    "description": {
      "identifier": "rhex:mutant_enderman_dead",
      "is_spawnable": false,
      "is_summonable": true,
      "is_experimental": false
    },
    "component_groups": 
    {
    "dead": {
    
        "minecraft:health": {
        "value": 0,
        "min": 0,
        "max": 0
        },
        "minecraft:spawn_entity": [
	    {
		  "min_wait_time": 0,
		  "max_wait_time": 0,
		  "num_to_spawn": 50,
		  "single_use": true,
		  "spawn_entity": "minecraft:xp_orb"
		}
	  ],
        "minecraft:scale": {
          "value": 0
        }
        }
        },
    "components": {
    "minecraft:is_shaking": {
        },
        "minecraft:behavior.knockback_roar": {
          "priority": 1,
          "duration": 0.1,
          "attack_time": 0.1,
          "knockback_damage": 6,
          "knockback_strength": -3.5,
          "knockback_range": 5,
          "knockback_filters": {
            "test": "is_family",
            "subject": "other",
            "operator": "!=",
            "value": "enderman"
          },
          "damage_filters": {
            "test": "is_family",
            "subject": "other",
            "operator": "!=",
            "value": "enderman"
          },
          "cooldown_time": 0.1
        },
      "minecraft:behavior.float": {
        "priority": 0
      },
      "minecraft:type_family": {
        "family": [ "inanimate", "rhexenderman", "enderman" ]
      },
      "minecraft:collision_box": {
        "width": 0.8,
        "height": 3.5
      },
    "minecraft:timer": {
          "looping": false,
          "time": 5.16,
          "time_down_event": {
            "event": "dead"
            }
          },
          "minecraft:loot": {
        "table": "loot_tables/mutant/renderman.json"
      },
        "minecraft:scale": {
          "value": 1.25
        },
        "minecraft:health": {
        "value": 1,
        "min": 1,
        "max": 1
      },
       "minecraft:knockback_resistance": {
         "value": 1.0
      },
      "minecraft:pushable": {
        "is_pushable": false,
        "is_pushable_by_piston": false
      },
      "minecraft:physics": {
      }
      },
    "events": {
      "dead": {
        "add": {
          "component_groups": [
            "dead"
          ]
        }
      }
    }
  }
}
