{
  "format_version": "1.10.0",
  "minecraft:client_entity": {
    "description": {
      "identifier": "rhex:mutant_enderman_dead",
      "materials": {
	    "default": "spider"
	  },
      "textures": {
        "default": "textures/entity/mutant/renderman"
      },
      "animations": {
        "move": "animation.Enderman_mutant.dead",
        "target": "animation.Enderman_mutant.has_target",
        "root": "controller.animation.endermandead.effect"
      },
      "scripts": {
        "pre_animation": [
          "variable.shake = query.shake_time - query.frame_alpha;",
          "variable.shake_power = variable.shake > 0.0 ? -Math.sin(variable.shake * 200.0) * variable.shake : 0.0;"
        ],
        "animate": [
          "move",
          "target",
          "root"
        ]
      },
      "particle_effects": {
        "effect": "rhex:enderman_dead_particle"
      },
      "geometry": {
        "default": "geometry.Enderman_mutant"
      },
      "render_controllers": [ "controller.render.iron_golem" ]
    }
  }
}