{
  "format_version": "1.10.0",
  "minecraft:client_entity": {
    "description": {
      "identifier": "rhex:mutant_enderman",
      "materials": { "default": "spider", "roar": "charged_creeper", "hurt": "iron_golem", "armor": "charged_creeper" }, 
      "textures": {
        "default": "textures/entity/mutant/renderman",
        "roar": "textures/entity/mutant/endersoul",
        "block": "textures/entity/stonegrass",
        "armor": "textures/entity/mutant/endersoul"
      },
      "geometry": {
        "default": "geometry.Enderman_mutant",
        "roar": "geometry.Enderman_mutant_soul",
        "block": "geometry.Enderman_mutant_block",
        "armor": "geometry.meclone"
      },
      "animations": {
      //controler_animation
        "root": "controller.animation.all.root",
        "root2": "controller.animation.mutant.has_target",
        "root3": "controller.animation.mutant.general",
        "root4": "controller.animation.mutant.hurt",
        "root5": "controller.animation.mutant.cast",
        "effect": "controller.animation.endermandead.effect",
        //animation
        "cast": "animation.Enderman_mutant.roar",
        "hurt": "animation.Enderman_mutant_soul.range_attack",
        "general": "animation.Enderman_mutant.general",
        "target": "animation.Enderman_mutant.has_target",
        "move": "animation.Enderman_mutant.walk",
        "attack": "animation.Enderman_mutant.attack2",
        "look_at_target": "animation.mutant.look_at_target",
        "roar": "animation.Enderman_mutant.roar",
        "roar_move": "animation.Enderman_mutant.roar"
      },
      "particle_effects": {
        "effect": "rhex:endermanidle"
      },
      "scripts": {
        "animate": [
          "root",
          "root2",
          "root3",
          "root4",
          "root5",
          "effect"
        ]
      }, 
      "render_controllers": [ 
{ "controller.render.iron_golem": "!query.is_sheared" },
 { "controller.render.meroar": "query.is_roaring" },
 { "controller.render.meblock": "query.is_powered" },
 { "controller.render.mearmor": "query.is_sheared" }
 ],
    "spawn_egg": {
        "texture": "mutantspawneggs",
        "texture_index": 2
      }
    }
  }
}

