{
	"format_version" : "1.10.0",
	"animation_controllers" : {
	  "controller.animation.evoker.castingmmm" : {
			"initial_state" : "default",
			"states" : {
				"casting" : {
					"animations" : [ "nani", "nina" ],
					"particle_effects" : [
						{
							"effect" : "spell",
							"locator" : "hand"
						},
						{
							"effect" : "spell",
							"locator" : "hand2"
						}
					],
					"transitions" : [
						{
							"default" : "!query.is_casting"
						}
					]
				},
				"default" : {
					"animations" : [ "nani", "nina" ],
					"transitions" : [
						{
							"casting" : "query.is_casting"
						}
					]
				}
			}
		}
  }
}
