{
  "format_version": "1.13.0",
  "minecraft:entity": {
    "description": {
      "identifier": "golem:stone_colossus",
      "is_spawnable": true,
      "is_summonable": true,
      "is_experimental": false
    },

    "component_groups": {
    "attack": {
    "minecraft:behavior.delayed_attack": {
          "priority": 1,
          "reach_multiplier": 2,
          "attack_duration": 1.04,
          "hit_delay_pct": 0.52,
          "track_target": true,
          "sound_event": "attack.strong"
        },
      "minecraft:behavior.melee_attack": {
        "priority": 1,
        "target_dist": 1.0,
        "track_target": true
        }
        },
          "start_roar": {
          "minecraft:timer": {
          "looping": true,
			"time": [10, 15],
          "time_down_event": {
          "event": "roar"
          }
          }
          },
        "roar": {
        "minecraft:target_nearby_sensor": {
        "inside_range": 5,
        "outside_range": 6,
        "on_inside_range": {
          "event": "x",
          "target": "self"
        },
        "on_outside_range": {
          "event": "hard_attack_escape",
          "target": "self"
        }
        },
        "minecraft:behavior.knockback_roar": {
          "priority": 1,
          "duration": 1.04,
          "attack_time": 0.52,
          "knockback_damage": 23,
          "knockback_strength": 6,
          "knockback_range": 5,
          "knockback_filters": {
            "test": "is_family",
            "subject": "other",
            "operator": "!=",
            "value": "irongolem"
          },
          "damage_filters": {
            "test": "is_family",
            "subject": "other",
            "operator": "!=",
            "value": "irongolem"
          },
          
          "cooldown_time": 99999
        
        },
        "minecraft:timer": {
          "looping": true,
			"time": [1.04, 1.04],
          "time_down_event": {
          "event": "attack"
          }
          }
          },
      "minecraft:player_created": {
        "minecraft:behavior.hurt_by_target": {
          "priority": 2,
          "entity_types": {
            "filters": { 
                "all_of": [
                  { "test" :  "is_family", "subject" : "other", "operator": "!=", "value" :  "player"},
                  { "test" :  "is_family", "subject" : "other", "operator": "!=", "value" :  "creeper"}
                ] 
            }
          }
        }
      },
      "minecraft:village_created": {
        "minecraft:behavior.defend_village_target": {
          "priority": 1
        },
        "minecraft:dweller": {
          "dwelling_type": "village",
          "dweller_role": "defender",
          "update_interval_base": 60,
          "update_interval_variant": 40,
          "can_find_poi": false,
          "can_migrate": true,
          "first_founding_reward": 0
        }
      }
    },

    "components": {
      "minecraft:type_family": {
        "family": [ "irongolem", "mob" ]
      },
      "minecraft:on_target_acquired": {
        "event": "attack",
        "target": "self"
      },
      "minecraft:on_target_escape": {
        "event": "remove_attack",
        "target": "self"
      },
      "minecraft:spell_effects": {
          "add_effects": [
            {
              "effect": "resistance",
              "amplifier": 1,
              "visible": false,
              "ambient": false,
              "duration": 999999
            }
          ]
          },
      "minecraft:nameable": {
      },
      "minecraft:collision_box": {
        "width": 1.4,
        "height": 2.9
      },
      "minecraft:loot": {
        "table": "loot_tables/entities/iron_golem.json"
      },
      "minecraft:health": {
        "value": 350,
        "max": 350
      },
      "minecraft:scale": {
        "value": 1.5
      },
      "minecraft:hurt_on_condition": {
        "damage_conditions": [
          {
            "filters": { "test": "in_lava", "subject": "self", "operator": "==", "value": true },
            "cause": "lava",
            "damage_per_tick": 4
          }
        ]
      },
      "minecraft:movement": {
        "value": 0.25
      },
      "minecraft:navigation.walk": {
        "can_path_over_water": false,
        "avoid_water": true,
        "avoid_damage_blocks": true
      },
      "minecraft:movement.basic": {
        
      },
      "minecraft:jump.static": {
      },
      "minecraft:can_climb": {
      },
      "minecraft:attack": {
        "damage": {
          "range_min": 9,
          "range_max": 23
        }
      },
      "minecraft:damage_sensor": {
        "triggers": {
          "cause": "fall",
          "deals_damage": false
        }
      },
      "minecraft:knockback_resistance": {
        "value": 1.0
      },
      "minecraft:leashable": {
        "soft_distance": 4.0,
        "hard_distance": 6.0,
        "max_distance": 10.0
      },
      "minecraft:balloonable": {
      },
      "minecraft:preferred_path" : {
        "max_fall_blocks" : 1,
        "jump_cost" : 5,
        "default_block_cost" : 1.5,
        "preferred_path_blocks" : [
          { 
            "cost" : 0,
            "blocks" : [ 
              "grass_path"
            ]
          },
          { 
            "cost" : 1,
            "blocks" : [ 
              "cobblestone", 
              "stone",
              "stonebrick",
              "sandstone",
              "mossy_cobblestone",
              "stone_slab",
              "stone_slab2",
              "stone_slab3",
              "stone_slab4",
              "double_stone_slab",
              "double_stone_slab2",
              "double_stone_slab3",
              "double_stone_slab4",
              "wooden_slab",
              "double_wooden_slab",
              "planks",
              "brick_block",
              "nether_brick",
              "red_nether_brick",
              "end_bricks",
              "red_sandstone",
              "stained_glass",
              "glass",
              "glowstone",
              "prismarine",
              "emerald_block",
              "diamond_block",
              "lapis_block",
              "gold_block",
              "redstone_block",
              "purple_glazed_terracotta",
              "white_glazed_terracotta",
              "orange_glazed_terracotta",
              "magenta_glazed_terracotta",
              "light_blue_glazed_terracotta",
              "yellow_glazed_terracotta",
              "lime_glazed_terracotta",
              "pink_glazed_terracotta",
              "gray_glazed_terracotta",
              "silver_glazed_terracotta",
              "cyan_glazed_terracotta",
              "blue_glazed_terracotta",
              "brown_glazed_terracotta",
              "green_glazed_terracotta",
              "red_glazed_terracotta",
              "black_glazed_terracotta"
             ]
          },
          { 
            "cost" : 50,
            "blocks" : [ 
              "bed",
              "lectern",
              "composter",
              "grindstone",
              "blast_furnace",
              "smoker",
              "fletching_table",
              "cartography_table",
              "brewing_stand",
              "smithing_table",
              "cauldron",
              "barrel",
              "loom",
              "stonecutter"
            ]
          }
        ]
      },
      "minecraft:behavior.target_when_pushed": {
        "priority": 1,
        "percent_chance": 5.0,
        "entity_types": [
          {
            "filters": { 
              "all_of": [
                { "test" :  "is_family", "subject" : "other", "value" :  "monster" },
                { "test" :  "is_family", "subject" : "other", "operator": "!=", "value" :  "creeper" }
              ] 
            }
          }
        ]
      },
      
      "minecraft:behavior.move_towards_target": {
        "priority": 2,
        "speed_multiplier": 0.9,
        "within_radius": 32
      },
      "minecraft:behavior.move_through_village": {
        "priority": 3,
        "speed_multiplier": 0.6,
        "only_at_night": true
      },
      "minecraft:behavior.move_towards_restriction": {
        "priority": 4,
        "speed_multiplier": 1
      },
      "minecraft:behavior.offer_flower": {
        "priority": 5
      },
      "minecraft:behavior.random_stroll": {
        "priority": 6,
        "speed_multiplier": 1,
        "xz_dist": 16
      },
      "minecraft:behavior.look_at_player": {
        "priority": 7,
        "look_distance": 6.0,
        "probability": 0.02
      },
      "minecraft:behavior.random_look_around": {
        "priority": 8
      },
      "minecraft:behavior.nearest_attackable_target": {
        "priority": 3,
        "entity_types": [
          {
            "filters": { 
                "all_of": [
                  { "test" :  "is_family", "subject" : "other", "value" :  "monster"},
                  { "test" :  "is_family", "subject" : "other", "operator": "!=", "value" :  "creeper"}
                ] 
            },
            "max_dist": 32,
            "within_default": 32
          }
        ],
        "must_see": true,
        "must_reach": true
      },
      "minecraft:behavior.hurt_by_target": {
        "priority": 2,
        "entity_types": {
          "filters": { "test": "is_family", "subject": "other", "operator": "!=", "value": "creeper" }
        }
      },
      "minecraft:persistent": {
      },
      "minecraft:physics": {
      },
      "minecraft:pushable": {
        "is_pushable": true,
        "is_pushable_by_piston": true
      },
      "minecraft:follow_range": {
        "value": 64,
        "max": 64
      }
    },

    "events": {
      "attack": {
        "remove": {
          "component_groups": [
            "roar"
          ]
        },
        "add": {
          "component_groups": [
            "attack",
            "start_roar"
          ]
        }
      },
      "roar": {
        "add": {
          "component_groups": [
            "roar"
          ]
        },
        "remove": {
          "component_groups": [
            "attack"
          ]
        }
      },
      "remove_attack": {
        "remove": {
          "component_groups": [
            "attack",
            "roar",
            "start_roar"
          ]
        }
      },
      "hard_attack_escape": {
        "remove": {
          "component_groups": [
            "hard_attack"
          ]
        },
        "add": {
          "component_groups": [
            "normal_attack"
          ]
        }
      },
      "minecraft:from_player": {
        "add": {
          "component_groups": [
            "minecraft:player_created"
          ]
        }
      },
      "minecraft:from_village": {
        "add": {
          "component_groups": [
            "minecraft:village_created"
          ]
        }
      }
    }
  }
}
