{
	"format_version": "1.8.0",
	"animations": {
		"animation.Colossus_java.attack": {
			"animation_length": 1.04,
			"bones": {
				"Arm2": {
					"rotation": {
						"0.0": [0, 0, 0],
						"0.32": [0, 0, 0],
						"0.52": [40, 0, 0],
						"1.04": [0, 0, 0]
					}
				},
				"Arm": {
					"rotation": {
						"0.0": [0, 0, 0],
						"0.32": [60, 0, 0],
						"0.52": [-60, 0, 0],
						"1.04": [0, 0, 0]
					}
				},
				"Arm3": {
					"rotation": {
						"0.0": [0, 0, 0],
						"0.32": [60, 0, 0],
						"0.52": [-60, 0, 0],
						"1.04": [0, 0, 0]
					}
				},
				"Arm4": {
					"rotation": {
						"0.0": [0, 0, 0],
						"0.32": [0, 0, 0],
						"0.52": [40, 0, 0],
						"1.04": [0, 0, 0]
					}
				}
			}
		}
	}
}