{
	"format_version": "1.8.0",
	"animations": {
		"animation.Creeper_mutant.move": {
			"loop": true,
			"anim_time_update": "query.modified_distance_moved",
			"bones": {
			    "All" : {
					"rotation" : [ 0.0, 0.0, "2.0 * (math.abs(math.mod(query.modified_distance_moved + 6, 13.0) - 6.5) - 3.25)" ]
				},
				"Body": {
					"rotation": [0, 0, "Math.cos(query.anim_time * 25 + 50) *5.0"],
					"position": ["Math.sin(query.life_time * 500) * 0.5", "Math.sin(query.life_time * 500) * 0.75", 0]
				},
				"Leg5": {
					"rotation": ["Math.cos(query.anim_time * 50 + 20) *-20.0", -15, -5],
					"position": ["Math.sin(query.life_time * 500) * 0.5", "Math.sin(query.life_time * 500) * 0.75", 0]
				},
				"Leg7": {
					"rotation": ["Math.cos(query.anim_time * 50 + 20) *20.0", 15, 5],
					"position": ["Math.sin(query.life_time * 500) * 0.5", "Math.sin(query.life_time * 500) * 0.75", 0]
				},
				"Leg8": {
					"rotation": ["Math.cos(query.anim_time * 50 + 50) *40.0", 0, 0]
				},
				"Leg6": {
					"rotation": ["Math.cos(query.anim_time * 50 + 50) *-40.0", 0, 0]
				},
				"Leg": {
					"rotation": ["Math.cos(query.anim_time * 50 + 20) *25.0", 15, 5],
					"position": ["Math.sin(query.life_time * 500) * 0.5", "Math.sin(query.life_time * 500) * 0.75", 0]
				},
				"Leg3": {
					"rotation": ["Math.cos(query.anim_time * 50 + 20) *-25.0", -15, -5],
					"position": ["Math.sin(query.life_time * 500) * 0.5", "Math.sin(query.life_time * 500) * 0.75", 0]
				},
				"Leg2": {
					"rotation": ["Math.cos(query.anim_time * 50 + 50) *-50.0", 0, 0]
				},
				"Leg4": {
					"rotation": ["Math.cos(query.anim_time * 50 + 50) *50.0", 0, 0]
				}
			}
		},
		"animation.Creeper_mutant.move2": {
			"loop": true,
			"animation_length": 0.9667,
			"anim_time_update": "query.modified_distance_moved * 0.1",
			"bones": {
				"Body": {
					"rotation": {
						"0.0": [5, 0, 0],
						"0.48": [15, 0, 0],
						"0.96": [5, 0, 0]
					},
					"position": {
						"0.0": [0, 0, 0],
						"0.48": [0, -1, 0],
						"0.96": [0, 0, 0]
					}
				},
				"All": {
					"rotation": {
						"0.0": [0, 0, 0],
						"0.24": [0, 0, -5],
						"0.72": [0, 0, 5],
						"0.96": [0, 0, 0]
					},
					"position": {
						"0.0": [0, 0, 0],
						"0.48": [0, 0, 0],
						"0.96": [0, 0, 0]
					}
				},
				"Head": {
					"rotation": {
						"0.0": [5, 0, 0],
						"0.96": [5, 0, 0]
					}
				},
				"Leg": {
					"rotation": {
						"0.0": [5, 0, 0],
						"0.24": [-10, 0, 0],
						"0.48": [10, 0, 0],
						"0.72": [-45, 0, 0],
						"0.96": [5, 0, 0]
					}
				},
				"Leg2": {
					"rotation": {
						"0.0": [-50, 0, 0],
						"0.24": [25, 0, 0],
						"0.48": [30, 0, 0],
						"0.72": [55, 0, 0],
						"0.96": [-50, 0, 0]
					}
				},
				"Leg3": {
					"rotation": {
						"0.0": [10, 0, 0],
						"0.24": [-55, 0, 0],
						"0.48": [0, 0, 0],
						"0.72": [-10, 0, 0],
						"0.96": [10, 0, 0]
					}
				},
				"Leg4": {
					"rotation": {
						"0.0": [30, 0, 0],
						"0.24": [12.5, 0, 0],
						"0.48": [-40, 0, 0],
						"0.72": [25, 0, 0],
						"0.96": [30, 0, 0]
					}
				},
				"Leg5": {
					"rotation": {
						"0.0": [-5, 0, 0],
						"0.24": [10, 0, 0],
						"0.48": [-10, 0, 0],
						"0.72": [45, 0, 0],
						"0.96": [-5, 0, 0]
					}
				},
				"Leg6": {
					"rotation": {
						"0.0": [50, 0, 0],
						"0.24": [-25, 0, 0],
						"0.48": [-30, 0, 0],
						"0.72": [-55, 0, 0],
						"0.96": [50, 0, 0]
					}
				},
				"Leg7": {
					"rotation": {
						"0.0": [-10, 0, 0],
						"0.24": [55, 0, 0],
						"0.48": [0, 0, 0],
						"0.72": [10, 0, 0],
						"0.96": [-10, 0, 0]
					}
				},
				"Leg8": {
					"rotation": {
						"0.0": [-30, 0, 0],
						"0.24": [-12.5, 0, 0],
						"0.48": [40, 0, 0],
						"0.72": [-25, 0, 0],
						"0.96": [-30, 0, 0]
					}
				}
			}
		},
		"animation.rmcreeper.look_at_target": {
			"loop": true,
			"bones": {
				"Head": {
					"rotation" : [ "query.target_x_rotation - this", "query.target_y_rotation - this", 0.0 ]
				},
				"body": {
					
					"rotation": ["0 + math.clamp(query.target_x_rotation, -3, 3)", "0 + math.clamp(query.target_y_rotation, -5, 5)", 0]
				},
				"body2": {
					"rotation": ["0 + math.clamp(query.target_x_rotation, -5, 5)", "0 + math.clamp(query.target_y_rotation, -25, 25)", 0]
				},
				"body3": {
					"rotation": ["0 + math.clamp(query.target_x_rotation, -8, 8)", "0 + math.clamp(query.target_y_rotation, -5, 5)", 0]
				}
			}
		},
		"animation.creeper_minion.big_head" : {
			"loop" : true,
			"bones" : {
				"head" : {
					"scale" : 1.2
				}
			}
		},
		"animation.Creeper_mutant.death": {
      
      "loop": true,
  
      "bones": {

        "leg5": {
          "rotation": ["Math.cos(query.anim_time * 300 + 20) *-25.0", 1, 1],
      "position": [ "Math.sin(query.life_time * 50) * 0.5", "Math.sin(query.life_time * 50) * 0.75", 0 ] },
      
        "leg7": {
          "rotation": ["Math.cos(query.anim_time * 300 + 20) *25.0", -1, -1],
      "position": [ "Math.sin(query.life_time * 50) * 0.5", "Math.sin(query.life_time * 50) * 0.75", 0 ] },
      
        "leg8": {
          "rotation": ["Math.cos(query.anim_time * 300 + 50) *55.0", 0, 0]
        },
        "leg6": {
          "rotation": ["Math.cos(query.anim_time * 300 + 50) *-70.0", 0, 0]
        
        },


        "leg": {
          "rotation": ["Math.cos(query.anim_time * 300 + 20) *-25.0", -1, -1],
      "position": [ "Math.sin(query.life_time * 50) * 0.5", "Math.sin(query.life_time * 50) * 0.75", 0 ] },
      
        "leg3": {
          "rotation": ["Math.cos(query.anim_time * 300 + 20) *25.0", 1, 1],
      "position": [ "Math.sin(query.life_time * 50) * 0.5", "Math.sin(query.life_time * 50) * 0.75", 0 ] },
      
        "leg4": {
          "rotation": ["Math.cos(query.anim_time * 300 + 50) *80.0", 0, 0]
        },
        "leg2": {
          "rotation": ["Math.cos(query.anim_time * 300 + 50) *-65.0", 0, 0]
        
        },
    "body": {
          "rotation": ["Math.cos(query.life_time * 210) * -16", 0, "Math.cos(query.life_time * 235) * 20"]
        },
    "body3": {
          "rotation": ["Math.cos(query.life_time * 108) * -14", 0, "Math.cos(query.life_time * 95) * -16"]
        },
        
    "head": {
          "rotation": [75,"Math.cos(query.life_time * 116) * 25", "Math.cos(query.life_time * 102) * 35"]
        },
        "body2": {
          "rotation": ["Math.cos(query.life_time * 135) * -14", 0, "Math.cos(query.life_time * 99) * -18" ]
        }
      }
    },
		"animation.Creeper_mutant.attack": {
			"animation_length": 0.76,
			"bones": {
				"Body": {
					"rotation": {
						"0.0": [0, 0, 0],
						"0.2": [-15, 0, 0],
						"0.32": [25, 0, 0],
						"0.76": [0, 0, 0]
					}
				},
				"Body2": {
					"rotation": {
						"0.0": [0, 0, 0],
						"0.2": [-15, 0, 0],
						"0.32": [15, 0, 0],
						"0.76": [0, 0, 0]
					}
				},
				"Body3": {
					"rotation": {
						"0.0": [0, 0, 0],
						"0.2": [-15, 0, 0],
						"0.32": [0, 0, 0],
						"0.76": [0, 0, 0]
					}
				}
			}
		},
		"animation.Creeper_mutant.roar": {
			"animation_length": 5.04,
			"bones": {
				"Body": {
					"rotation": {
						"0.0": [0, 0, 0],
						"0.52": [100, 0, 0],
						"1.04": [95, 0, 0],
						"1.52": [100, 0, 0],
						"2.04": [95, 0, 0],
						"2.52": [100, 0, 0],
						"3.04": [95, 0, 0],
						"3.52": [100, 0, 0],
						"4.04": [95, 0, 0],
						"4.52": [100, 0, 0],
						"5.04": [0, 0, 0]
					},
					"position": {
						"0.0": [0, 0, 0],
						"0.52": [0, 0, 4],
						"4.52": [0, 0, 4],
						"5.04": [0, 0, 0]
					}
				},
				"Body2": {
					"rotation": {
						"0.0": [0, 0, 0],
						"0.52": [-30, 0, 0],
						"4.52": [-30, 0, 0],
						"5.04": [0, 0, 0]
					}
				},
				"Body3": {
					"rotation": {
						"0.0": [0, 0, 0],
						"0.52": [-60, 0, 0],
						"4.52": [-60, 0, 0],
						"5.04": [0, 0, 0]
					}
				},
				"Leg": {
					"rotation": {
						"0.0": [0, 0, 0],
						"0.52": [25, 0, 0],
						"4.52": [25, 0, 0],
						"5.04": [0, 0, 0]
					}
				},
				"Leg2": {
					"rotation": {
						"0.0": [0, 0, 0],
						"0.52": [-45, 0, -40],
						"4.52": [-45, 0, -40],
						"5.04": [0, 0, 0]
					}
				},
				"Leg3": {
					"rotation": {
						"0.0": [0, 0, 0],
						"0.52": [25, 0, 0],
						"4.52": [25, 0, 0],
						"5.04": [0, 0, 0]
					}
				},
				"Leg4": {
					"rotation": {
						"0.0": [0, 0, 0],
						"0.52": [-45, 0, 40],
						"4.52": [-45, 0, 40],
						"5.04": [0, 0, 0]
					}
				},
				"Leg5": {
					"rotation": {
						"0.0": [0, 0, 0],
						"0.52": [-25, 0, 0],
						"4.52": [-25, 0, 0],
						"5.04": [0, 0, 0]
					}
				},
				"Leg6": {
					"rotation": {
						"0.0": [0, 0, 0],
						"0.52": [45, 0, -40],
						"4.52": [45, 0, -40],
						"5.04": [0, 0, 0]
					}
				},
				"Leg7": {
					"rotation": {
						"0.0": [0, 0, 0],
						"0.52": [-25, 0, 0],
						"4.52": [-25, 0, 0],
						"5.04": [0, 0, 0]
					}
				},
				"Leg8": {
					"rotation": {
						"0.0": [0, 0, 0],
						"0.52": [45, 0, 40],
						"4.52": [45, 0, 40],
						"5.04": [0, 0, 0]
					}
				},
				"All": {
					"position": {
						"0.0": [0, 0, 0],
						"0.52": [0, -5, 0],
						"4.52": [0, -5, 0],
						"5.04": [0, 0, 0]
					}
				}
			}
		},
		"animation.Creeper_mutant_dead.explode": {
			"animation_length": 2.08,
			"bones": {
				"All": {
					"rotation": {
						"0.0": [0, 0, 0],
						"0.52": [0, 0, 0],
						"0.8": [-25, 0, 0],
						"1.04": [-30, 0, 0],
						"1.16": [0, 0, 0],
						"1.56": [0, 0, 0],
						"2.08": [0, 0, 0]
					},
					"position": {
						"0.0": [0, 0, 0],
						"0.52": [0, -5, 0],
						"0.8": [0, 8, 0],
						"1.04": [0, 10, 0],
						"1.16": [0, -5, 0],
						"1.56": [0, -5, 0],
						"2.08": [0, 0, 0]
					}
				},
				"Leg7": {
					"rotation": {
						"0.0": [0, 0, 0],
						"0.52": [0, 0, 0],
						"0.8": [0, 0, 0],
						"1.04": [0, 0, 0],
						"1.16": [0, 0, 0],
						"1.56": [0, 0, 0],
						"2.08": [0, 0, 0]
					}
				},
				"Leg8": {
					"rotation": {
						"0.0": [0, 0, 0],
						"0.52": [30, 0, 0],
						"0.8": [30, 0, 0],
						"1.04": [30, 0, 0],
						"1.16": [30, 0, 0],
						"1.56": [30, 0, 0],
						"2.08": [0, 0, 0]
					}
				},
				"Leg5": {
					"rotation": {
						"0.0": [0, 0, 0],
						"0.52": [0, 0, 0],
						"0.8": [0, 0, 0],
						"1.04": [0, 0, 0],
						"1.16": [0, 0, 0],
						"1.56": [0, 0, 0],
						"2.08": [0, 0, 0]
					}
				},
				"Leg6": {
					"rotation": {
						"0.0": [0, 0, 0],
						"0.52": [30, 0, 0],
						"0.8": [30, 0, 0],
						"1.04": [30, 0, 0],
						"1.16": [30, 0, 0],
						"1.56": [30, 0, 0],
						"2.08": [0, 0, 0]
					}
				},
				"Leg3": {
					"rotation": {
						"0.0": [0, 0, 0],
						"0.52": [0, 0, 0],
						"0.8": [-15, 0, 0],
						"1.04": [-20, 0, 0],
						"1.16": [0, 0, 0],
						"1.56": [0, 0, 0],
						"2.08": [0, 0, 0]
					}
				},
				"Leg4": {
					"rotation": {
						"0.0": [0, 0, 0],
						"0.52": [-30, 0, 0],
						"0.8": [-40, 0, 0],
						"1.04": [-50, 0, 0],
						"1.16": [-30, 0, 0],
						"1.56": [-30, 0, 0],
						"2.08": [0, 0, 0]
					}
				},
				"Leg": {
					"rotation": {
						"0.0": [0, 0, 0],
						"0.52": [0, 0, 0],
						"0.8": [-15, 0, 0],
						"1.04": [-20, 0, 0],
						"1.16": [0, 0, 0],
						"1.56": [0, 0, 0],
						"2.08": [0, 0, 0]
					}
				},
				"Leg2": {
					"rotation": {
						"0.0": [0, 0, 0],
						"0.52": [-30, 0, 0],
						"0.8": [-40, 0, 0],
						"1.04": [-50, 0, 0],
						"1.16": [-30, 0, 0],
						"1.56": [-30, 0, 0],
						"2.08": [0, 0, 0]
					}
				},
				"Body": {
					"rotation": {
						"0.0": [0, 0, 0],
						"0.52": [70, 0, 0],
						"0.76": [0, 0, 0],
						"1.04": [0, 0, 0],
						"1.16": [70, 0, 0],
						"1.56": [70, 0, 0],
						"2.08": [0, 0, 0]
					}
				},
				"Body2": {
					"rotation": {
						"0.0": [0, 0, 0],
						"0.52": [0, 0, 0],
						"0.8": [-15, 0, 0],
						"1.04": [-15, 0, 0],
						"1.16": [0, 0, 0],
						"1.56": [0, 0, 0],
						"2.08": [0, 0, 0]
					}
				},
				"Body3": {
					"rotation": {
						"0.0": [0, 0, 0],
						"0.52": [-60, 0, 0],
						"0.8": [-40, 0, 0],
						"1.04": [-50, 0, 0],
						"1.16": [-60, 0, 0],
						"1.56": [-60, 0, 0],
						"2.08": [0, 0, 0]
					}
				}
			}
		}
	}
}