{
	"format_version": "1.8.0",
	"animations": {
		"animation.PigZombie_mutant.smash": {
			"animation_length": 1.56,
			"bones": {
				"Body": {
					"rotation": {
						"0.0": [0, 0, 0],
						"0.32": [15, 0, 0],
						"0.52": [-15, 0, 0],
						"0.68": [-10, 0, 0],
						"0.88": [50, 0, 0],
						"1.04": [50, 0, 0],
						"1.56": [0, 0, 0]
					}
				},
				"Body2": {
					"rotation": {
						"0.0": [0, 0, 0],
						"0.32": [30, 0, 0],
						"0.52": [-30, 0, 0],
						"0.68": [-35, 0, 0],
						"0.88": [30, 0, 0],
						"1.04": [30, 0, 0],
						"1.56": [0, 0, 0]
					}
				},
				"Arm": {
					"rotation": {
						"0.0": [0, 0, 0],
						"0.32": [0, 0, 0],
						"0.52": [-90, 0, -30],
						"0.68": [-95, 0, -35],
						"0.88": [-160, 0, -10],
						"1.04": [-160, 0, -10],
						"1.56": [0, 0, 0]
					}
				},
				"Arm2": {
					"rotation": {
						"0.0": [0, 0, 0],
						"0.32": [0, 0, 0],
						"0.52": [-30, 0, 0],
						"0.68": [-35, 0, 0],
						"0.88": [60, 0, 0],
						"1.04": [60, 0, 0],
						"1.56": [0, 0, 0]
					}
				},
				"Arm3": {
					"rotation": [0, 0, 0]
				},
				"Weapon": {
					"rotation": {
						"0.0": [0, 0, 0],
						"0.32": [0, 0, 0],
						"0.52": [0, 0, 0],
						"0.68": [0, 0, 0],
						"0.88": [50, 0, 0],
						"1.04": [50, 0, 0],
						"1.56": [0, 0, 0]
					}
				}
			}
		},
		"animation.PigZombie_mutant.roar": {
			"animation_length": 6.76,
			"bones": {
				"Body": {
					"rotation": {
						"0.0": [0, 0, 0],
						"0.52": [10, 0, 0],
						"0.84": [-15, 0, 0],
						"3.04": [-15, 0, 0],
						"3.56": [40, 0, 0],
						"6.04": [40, 0, 0],
						"6.76": [0, 0, 0]
					}
				},
				"Body2": {
					"rotation": {
						"0.0": [0, 0, 0],
						"0.52": [10, 0, 0],
						"0.84": [-30, 0, 0],
						"1.04": [-30, 5, 0],
						"1.24": [-30, -5, 0],
						"1.44": [-30, 5, 0],
						"1.64": [-30, -5, 0],
						"1.84": [-30, 5, 0],
						"2.04": [-30, -5, 0],
						"2.24": [-30, 5, 0],
						"2.44": [-30, -5, 0],
						"2.64": [-30, 5, 0],
						"2.84": [-30, -5, 0],
						"3.04": [0, 0, 0],
						"3.56": [5, 0, 0],
						"4.04": [0, 0, 0],
						"4.56": [5, 0, 0],
						"5.04": [0, 0, 0],
						"5.56": [5, 0, 0],
						"6.04": [0, 0, 0],
						"6.76": [0, 0, 0]
					}
				},
				"Head": {
					"rotation": {
						"0.0": [0, 0, 0],
						"0.84": [0, 0, 0],
						"1.04": [0, 30, 0],
						"1.24": [0, -30, 0],
						"1.44": [0, 30, 0],
						"1.64": [0, -30, 0],
						"1.84": [0, 30, 0],
						"2.04": [0, -30, 0],
						"2.24": [0, 30, 0],
						"2.44": [0, -30, 0],
						"2.64": [0, 30, 0],
						"2.84": [0, -30, 0],
						"3.04": [0, 0, 0],
						"5.04": [0, 0, 0],
						"6.52": [0, 0, 0]
					}
				},
				"Arm": {
					"rotation": {
						"0.0": [0, 0, 0],
						"0.52": [-50, -20, 0],
						"0.84": [10, 0, 60],
						"1.04": [15, 0, 60],
						"1.24": [10, 0, 60],
						"1.44": [15, 0, 60],
						"1.64": [10, 0, 60],
						"1.84": [15, 0, 60],
						"2.04": [10, 0, 60],
						"2.24": [15, 0, 60],
						"2.44": [10, 0, 60],
						"2.64": [15, 0, 60],
						"2.84": [10, 0, 60],
						"3.04": [0, 0, 0],
						"3.56": [-50, 0, 0],
						"6.04": [-50, 0, 0],
						"6.76": [0, 0, 0]
					}
				},
				"Arm2": {
					"rotation": {
						"0.0": [0, 0, 0],
						"0.52": [0, -30, 0],
						"0.84": [0, 42.5, 0],
						"2.84": [0, 46.14, 0],
						"3.04": [0, 2.5, 0],
						"3.56": [30, 0, 0],
						"6.04": [30, 0, 0],
						"6.76": [0, 0, 0]
					}
				},
				"Arm3": {
					"rotation": {
						"0.0": [0, 0, 0],
						"0.52": [-50, 20, 0],
						"0.84": [15, 0, -60],
						"1.04": [10, 0, -60],
						"1.24": [15, 0, -60],
						"1.44": [10, 0, -60],
						"1.64": [15, 0, -60],
						"1.84": [10, 0, -60],
						"2.04": [15, 0, -60],
						"2.24": [10, 0, -60],
						"2.44": [15, 0, -60],
						"2.64": [10, 0, -60],
						"2.84": [15, 0, -60],
						"3.04": [0, 0, 0],
						"3.56": [-50, 0, 0],
						"6.04": [-50, 0, 0],
						"6.76": [0, 0, 0]
					}
				},
				"Arm4": {
					"rotation": {
						"0.0": [0, 0, 0],
						"0.52": [0, 30, 0],
						"0.84": [0, -42.5, 0],
						"2.84": [0, -46.14, 0],
						"3.04": [0, -2.5, 0],
						"3.56": [30, 0, 0],
						"6.04": [30, 0, 0],
						"6.76": [0, 0, 0]
					}
				},
				"Leg3": {
					"rotation": {
						"3.04": [0, 0, 0],
						"3.56": [80, 0, 0],
						"6.04": [80, 0, 0],
						"6.76": [0, 0, 0]
					}
				},
				"Weapon": {
					"rotation": {
						"0.0": [0, 0, 0],
						"0.52": [0, 0, 0],
						"0.84": [0, 90, 0],
						"3.04": [0, 90, 0],
						"3.56": [0, 0, 0]
					}
				}
			}
		},
		"animation.PigZombie_mutant.charge": {
			"animation_length": 10.56,
			"bones": {
				"All": {
					"rotation": {
						"0.0": [0, 0, 0],
						"0.52": [0, 0, 0],
						"9.52": [0, -7200, 0]
					}
				},
				"Arm": {
					"rotation": {
						"0.0": [0, 0, 0],
						"0.52": [-50, -35, 0],
						"10.56": [0, 0, 0],
						"9.52": [-50, -35, 0]
					}
				},
				"Arm2": {
					"rotation": {
						"0.0": [0, 0, 0],
						"0.52": [0, 0, 0],
						"10.56": [0, 0, 0],
						"9.04": [0, 0, 0]
					}
				},
				"Weapon": {
					"rotation": {
						"0.0": [0, 0, 0],
						"0.52": [90, -95, 35],
						"10.56": [0, 0, 0],
						"9.04": [90, -95, 35]
					}
				},
				"Arm3": {
					"rotation": {
						"0.0": [0, 0, 0],
						"0.52": [-50, 35, 0],
						"10.56": [0, 0, 0],
						"9.04": [-50, 35, 0]
					}
				},
				"Arm4": {
					"rotation": {
						"0.0": [0, 0, 0],
						"0.52": [0, 0, 0],
						"10.56": [0, 0, 0],
						"9.04": [0, 0, 0]
					}
				}
			}
		},
		"animation.Piglin_mutant.smash": {
			"animation_length": 1.56,
			"bones": {
				"Body": {
					"rotation": {
						"0.0": [0, 0, 0],
						"0.32": [15, 0, 0],
						"0.52": [-15, 0, 0],
						"0.68": [-10, 0, 0],
						"0.88": [50, 0, 0],
						"1.04": [50, 0, 0],
						"1.56": [0, 0, 0]
					}
				},
				"Body2": {
					"rotation": {
						"0.0": [0, 0, 0],
						"0.32": [30, 0, 0],
						"0.52": [-30, 0, 0],
						"0.68": [-35, 0, 0],
						"0.88": [30, 0, 0],
						"1.04": [30, 0, 0],
						"1.56": [0, 0, 0]
					}
				},
				"Arm": {
					"rotation": {
						"0.0": [0, 0, 0],
						"0.32": [0, 0, 0],
						"0.52": [-90, 0, -30],
						"0.68": [-95, 0, -35],
						"0.88": [-160, 0, -10],
						"1.04": [-160, 0, -10],
						"1.56": [0, 0, 0]
					}
				},
				"Arm2": {
					"rotation": {
						"0.0": [0, 0, 0],
						"0.32": [0, 0, 0],
						"0.52": [-30, 0, 0],
						"0.68": [-35, 0, 0],
						"0.88": [60, 0, 0],
						"1.04": [60, 0, 0],
						"1.56": [0, 0, 0]
					}
				},
				"Weapon": {
					"rotation": {
						"0.0": [0, 0, 0],
						"0.32": [0, 0, 0],
						"0.52": [0, 0, 0],
						"0.68": [0, 0, 0],
						"0.88": [50, 0, 0],
						"1.04": [50, 0, 0],
						"1.56": [0, 0, 0]
					}
				},
				"Arm3": {
					"rotation": {
						"0.0": [0, 0, 0],
						"0.32": [0, 0, 0],
						"0.52": [-90, 0, 30],
						"0.68": [-95, 0, 35],
						"0.88": [-160, 0, 10],
						"1.04": [-160, 0, 10],
						"1.56": [0, 0, 0]
					}
				},
				"Arm4": {
					"rotation": {
						"0.0": [0, 0, 0],
						"0.32": [0, 0, 0],
						"0.52": [-30, 0, 0],
						"0.68": [-35, 0, 0],
						"0.88": [60, 0, 0],
						"1.04": [60, 0, 0],
						"1.56": [0, 0, 0]
					}
				},
				"Weapon2": {
					"rotation": {
						"0.0": [0, 0, 0],
						"0.32": [0, 0, 0],
						"0.52": [0, 0, 0],
						"0.68": [0, 0, 0],
						"0.88": [50, 0, 0],
						"1.04": [50, 0, 0],
						"1.56": [0, 0, 0]
					}
				}
			}
		},
		"animation.Piglin_mutant.roar": {
			"animation_length": 6.76,
			"bones": {
				"Body": {
					"rotation": {
						"0.0": [0, 0, 0],
						"0.52": [10, 0, 0],
						"0.84": [-15, 0, 0],
						"3.04": [-15, 0, 0],
						"3.56": [40, 0, 0],
						"6.04": [40, 0, 0],
						"6.76": [0, 0, 0]
					}
				},
				"Body2": {
					"rotation": {
						"0.0": [0, 0, 0],
						"0.52": [10, 0, 0],
						"0.84": [-30, 0, 0],
						"1.04": [-30, 5, 0],
						"1.24": [-30, -5, 0],
						"1.44": [-30, 5, 0],
						"1.64": [-30, -5, 0],
						"1.84": [-30, 5, 0],
						"2.04": [-30, -5, 0],
						"2.24": [-30, 5, 0],
						"2.44": [-30, -5, 0],
						"2.64": [-30, 5, 0],
						"2.84": [-30, -5, 0],
						"3.04": [0, 0, 0],
						"3.56": [5, 0, 0],
						"4.04": [0, 0, 0],
						"4.56": [5, 0, 0],
						"5.04": [0, 0, 0],
						"5.56": [5, 0, 0],
						"6.04": [0, 0, 0],
						"6.76": [0, 0, 0]
					}
				},
				"Head": {
					"rotation": {
						"0.0": [0, 0, 0],
						"0.84": [0, 0, 0],
						"1.04": [0, 30, 0],
						"1.24": [0, -30, 0],
						"1.44": [0, 30, 0],
						"1.64": [0, -30, 0],
						"1.84": [0, 30, 0],
						"2.04": [0, -30, 0],
						"2.24": [0, 30, 0],
						"2.44": [0, -30, 0],
						"2.64": [0, 30, 0],
						"2.84": [0, -30, 0],
						"3.04": [0, 0, 0],
						"5.04": [0, 0, 0],
						"6.52": [0, 0, 0]
					}
				},
				"Arm": {
					"rotation": {
						"0.0": [0, 0, 0],
						"0.52": [-50, -20, 0],
						"0.84": [10, 0, 60],
						"1.04": [15, 0, 60],
						"1.24": [10, 0, 60],
						"1.44": [15, 0, 60],
						"1.64": [10, 0, 60],
						"1.84": [15, 0, 60],
						"2.04": [10, 0, 60],
						"2.24": [15, 0, 60],
						"2.44": [10, 0, 60],
						"2.64": [15, 0, 60],
						"2.84": [10, 0, 60],
						"3.04": [0, 0, 0],
						"3.56": [-50, 0, 0],
						"6.04": [-50, 0, 0],
						"6.76": [0, 0, 0]
					}
				},
				"Arm2": {
					"rotation": {
						"0.0": [0, 0, 0],
						"0.52": [0, -30, 0],
						"0.84": [0, 42.5, 0],
						"2.84": [0, 46.14, 0],
						"3.04": [0, 2.5, 0],
						"3.56": [30, 0, 0],
						"6.04": [30, 0, 0],
						"6.76": [0, 0, 0]
					}
				},
				"Arm3": {
					"rotation": {
						"0.0": [0, 0, 0],
						"0.52": [-50, 20, 0],
						"0.84": [15, 0, -60],
						"1.04": [10, 0, -60],
						"1.24": [15, 0, -60],
						"1.44": [10, 0, -60],
						"1.64": [15, 0, -60],
						"1.84": [10, 0, -60],
						"2.04": [15, 0, -60],
						"2.24": [10, 0, -60],
						"2.44": [15, 0, -60],
						"2.64": [10, 0, -60],
						"2.84": [15, 0, -60],
						"3.04": [0, 0, 0],
						"3.56": [-50, 0, 0],
						"6.04": [-50, 0, 0],
						"6.76": [0, 0, 0]
					}
				},
				"Arm4": {
					"rotation": {
						"0.0": [0, 0, 0],
						"0.52": [0, 30, 0],
						"0.84": [0, -42.5, 0],
						"2.84": [0, -46.14, 0],
						"3.04": [0, -2.5, 0],
						"3.56": [30, 0, 0],
						"6.04": [30, 0, 0],
						"6.76": [0, 0, 0]
					}
				},
				"Leg3": {
					"rotation": {
						"3.04": [0, 0, 0],
						"3.56": [80, 0, 0],
						"6.04": [80, 0, 0],
						"6.76": [0, 0, 0]
					}
				},
				"Weapon": {
					"rotation": {
						"0.0": [0, 0, 0],
						"0.52": [0, 0, 0],
						"0.84": [0, 90, 0],
						"3.04": [0, 90, 0],
						"3.56": [0, 0, 0]
					}
				},
				"Weapon2": {
					"rotation": {
						"0.0": [0, 0, 0],
						"0.52": [0, 0, 0],
						"0.84": [0, -90, 0],
						"3.04": [0, -90, 0],
						"3.56": [0, 0, 0]
					}
				}
			}
		},
		"animation.Piglin_brute_mutant.charge": {
			"animation_length": 11.08,
			"bones": {
				"All": {
					"rotation": {
						"0.0": [0, 0, 0],
						"0.32": [0, 0, 0],
						"10.72": [0, -7200, 0]
					}
				},
				"Body": {
					"rotation": {
						"0.0": [0, 0, 0],
						"0.32": [-15, 0, 0],
						"10.72": [-15, 0, 0],
						"11.08": [0, 0, 0]
					}
				},
				"Body2": {
					"rotation": {
						"0.0": [0, 0, 0],
						"0.32": [-30, 0, 0],
						"10.72": [-30, 0, 0],
						"11.08": [0, 0, 0]
					}
				},
				"Arm": {
					"rotation": {
						"0.0": [0, 0, 0],
						"0.32": [20, 0, 70],
						"10.72": [20, 0, 70],
						"11.04": [0, 0, 0]
					}
				},
				"Arm2": {
					"rotation": {
						"0.0": [0, 0, 0],
						"0.32": [60, 0, 0],
						"10.72": [60, 0, 0],
						"11.04": [0, 0, 0]
					}
				},
				"Weapon": {
					"rotation": {
						"0.0": [0, 0, 0],
						"0.32": [90, 0, 0],
						"10.72": [90, 0, 0],
						"11.04": [0, 0, 0]
					}
				},
				"Arm3": {
					"rotation": {
						"0.0": [0, 0, 0],
						"0.32": [20, 0, -70],
						"10.72": [20, 0, -70],
						"11.04": [0, 0, 0]
					}
				},
				"Arm4": {
					"rotation": {
						"0.0": [0, 0, 0],
						"0.32": [60, 0, 0],
						"10.72": [60, 0, 0],
						"11.04": [0, 0, 0]
					}
				},
				"Weapon2": {
					"rotation": {
						"0.0": [0, 0, 0],
						"0.32": [90, 0, 0],
						"10.72": [90, 0, 0],
						"11.04": [0, 0, 0]
					}
				}
			}
		},
		
		"animation.DrownedZombie_mutant.charge": {
			"loop": true,
			"animation_length": 1.52,
			"bones": {
				"Arm": {
					"rotation": {
						"0.0": [0, 0, 0],
						"0.52": [-120, 0, -15],
						"0.72": [-130, 0, -20],
						"0.92": [-110, 0, 0],
						"1.12": [-100, 0, 0],
						"1.52": [0, 0, 0]
					}
				},
				"Arm2": {
					"rotation": {
						"0.0": [0, 0, 0],
						"0.52": [-50, 0, 0],
						"0.72": [-60, 0, 0],
						"0.92": [60, 0, 0],
						"1.12": [60, 0, 0],
						"1.52": [0, 0, 0]
					}
				},
				"Weapon": {
					"rotation": {
						"0.0": [0, 0, 0],
						"0.52": [180, 0, 0],
						"0.72": [180, 0, 0],
						"0.92": [110, 0, 0],
						"1.12": [110, 0, 0],
						"1.52": [0, 0, 0]
					},
					"scale": {
						"0.8": [1, 1, 1],
						"0.84": [0, 0, 0]
					}
				},
				"Body": {
					"rotation": {
						"0.0": [0, 0, 0],
						"0.52": [-10, 0, 0],
						"0.72": [-15, 0, 0],
						"0.92": [10, 0, 0],
						"1.12": [15, 0, 0],
						"1.52": [0, 0, 0]
					}
				},
				"Body2": {
					"rotation": {
						"0.0": [0, 0, 0],
						"0.52": [-25, 0, 0],
						"0.72": [-30, 0, 0],
						"0.92": [25, 0, 0],
						"1.12": [30, 0, 0],
						"1.52": [0, 0, 0]
					}
				}
			}
		}
	}
}