{
	"format_version": "1.8.0",
	"animations": {
		"animation.Enderman_mutant.has_target": {
			"loop": true,
			"bones": {
				"Arm5": {
					"rotation": [0, 0, 30]
				},
				"Arm6": {
					"rotation": [0, 0, -15]
				},
				"Arm7": {
					"rotation": [0, 0, -30]
				},
				"Arm8": {
					"rotation": [0, 0, 15]
				}
			}
		},
		"animation.Enderman_mutant_ex.cast": {
			"loop": true,
			"animation_length": 2.08,
			"bones": {
				"All": {
					"position": {
						"0.0": [0, 0, 0],
						"1.04": [0, 8, 0],
						"2.08": [0, 0, 0]
					}
				},
				"Leg4": {
					"rotation": [60, 0, 0]
				},
				"Leg2": {
					"rotation": [60, 0, 0]
				},
				"Head": {
					"position": [0, 3, 0]
				},
				"Mouth": {
					"rotation": [50, 0, 0]
				},
				"Arm": {
					"rotation": [-15, 40, 0]
				},
				"Arm5": {
					"rotation": [-25, 60, -25]
				},
				"Arm3": {
					"rotation": [-15, -40, 0]
				},
				"Arm7": {
					"rotation": [-25, -60, 25]
				}
			}
		},
		"animation.Enderman_mutant.attack": {
			"animation_length": 1.04,
			"bones": {
				"Arm": {
					"rotation": {
						"0.0": [0, 0, 0],
						"0.32": [0, 0, 35],
						"0.52": [0, 0, -25],
						"1.04": [0, 0, 0]
					}
				},
				"Arm2": {
					"rotation": {
						"0.0": [0, 0, 0],
						"0.32": [0, 0, -30],
						"0.52": [0, 0, 0],
						"1.04": [0, 0, 0]
					}
				},
				"Arm3": {
					"rotation": {
						"0.0": [0, 0, 0],
						"0.32": [0, 0, -35],
						"0.52": [0, 0, 25],
						"1.04": [0, 0, 0]
					}
				},
				"Arm4": {
					"rotation": {
						"0.0": [0, 0, 0],
						"0.32": [0, 0, 30],
						"0.52": [0, 0, 0],
						"1.04": [0, 0, 0]
					}
				},
				"Arm5": {
					"rotation": {
						"0.0": [0, 0, 0],
						"0.32": [0, 0, 25],
						"0.52": [-15, 5, -25],
						"1.04": [0, 0, 0]
					}
				},
				"Arm6": {
					"rotation": {
						"0.0": [0, 0, 0],
						"0.32": [0, 0, 0],
						"0.52": [0, 0, -20],
						"1.04": [0, 0, 0]
					}
				},
				"Arm7": {
					"rotation": {
						"0.0": [0, 0, 0],
						"0.32": [0, 0, -25],
						"0.52": [-15, -5, 25],
						"1.04": [0, 0, 0]
					}
				},
				"Arm8": {
					"rotation": {
						"0.0": [0, 0, 0],
						"0.32": [0, 0, 0],
						"0.52": [0, 0, 20],
						"1.04": [0, 0, 0]
					}
				}
			}
		},
		"animation.Enderman_mutant.attack2": {
			"animation_length": 1.04,
			"bones": {
				"Arm": {
					"rotation": {
						"0.0": [0, 0, 0],
						"0.32": [60, 0, 0],
						"0.52": [-70, 60, 0],
						"1.04": [0, 0, 0]
					}
				},
				"Arm2": {
					"rotation": {
						"0.0": [0, 0, 0],
						"0.32": [-60, 0, 0],
						"0.52": [30, 0, 0],
						"1.04": [0, 0, 0]
					}
				},
				"Allhand": {
					"rotation": {
						"0.0": [0, 0, 0],
						"0.32": [0, 0, 0]
					}
				},
				"Hand": {
					"rotation": {
						"0.0": [0, 0, 0],
						"0.32": [0, 0, -90],
						"1.04": [0, 0, 0]
					}
				},
				"Hand2": {
					"rotation": {
						"0.0": [0, 0, 0],
						"0.32": [0, 0, -90],
						"1.04": [0, 0, 0]
					}
				},
				"Hand3": {
					"rotation": {
						"0.0": [0, 0, 0],
						"0.32": [0, 0, -90],
						"1.04": [0, 0, 0]
					}
				},
				"Hand4": {
					"rotation": {
						"0.0": [0, 0, 0],
						"0.32": [0, 0, -90]
					}
				},
				"Hand5": {
					"rotation": {
						"0.0": [0, 0, 0],
						"0.32": [0, 0, -90],
						"1.04": [0, 0, 0]
					}
				},
				"Hand6": {
					"rotation": {
						"0.0": [0, 0, 0],
						"0.32": [0, 0, -90],
						"1.04": [0, 0, 0]
					}
				},
				"Hand7": {
					"rotation": {
						"0.0": [0, 0, 0],
						"0.32": [0, 0, -90],
						"1.04": [0, 0, 0]
					}
				},
				"Hand8": {
					"rotation": {
						"0.0": [0, 0, 0],
						"0.32": [0, 0, -90],
						"1.04": [0, 0, 0]
					}
				},
				"Arm5": {
					"rotation": {
						"0.0": [0, 0, 0],
						"0.32": [60, 0, 0],
						"0.52": [-40, 30, 0],
						"1.04": [0, 0, 0]
					}
				},
				"Arm6": {
					"rotation": {
						"0.0": [0, 0, 0],
						"0.32": [-60, 0, 0],
						"0.52": [30, 0, 0],
						"1.04": [0, 0, 0]
					}
				},
				"Allhand3": {
					"rotation": {
						"0.0": [0, 0, 0],
						"0.32": [0, 0, 0],
						"1.04": [0, 0, 0]
					}
				},
				"Hand17": {
					"rotation": {
						"0.0": [0, 0, 0],
						"0.32": [0, 0, -90],
						"1.04": [0, 0, 0]
					}
				},
				"Hand18": {
					"rotation": {
						"0.0": [0, 0, 0],
						"0.32": [0, 0, -90],
						"1.04": [0, 0, 0]
					}
				},
				"Hand19": {
					"rotation": {
						"0.0": [0, 0, 0],
						"0.32": [0, 0, -90],
						"1.04": [0, 0, 0]
					}
				},
				"Hand20": {
					"rotation": {
						"0.0": [0, 0, 0],
						"0.32": [0, 0, -90],
						"1.04": [0, 0, 0]
					}
				},
				"Hand21": {
					"rotation": {
						"0.0": [0, 0, 0],
						"0.32": [0, 0, -90],
						"1.04": [0, 0, 0]
					}
				},
				"Hand22": {
					"rotation": {
						"0.0": [0, 0, 0],
						"0.32": [0, 0, -90],
						"1.04": [0, 0, 0]
					}
				},
				"Hand23": {
					"rotation": {
						"0.0": [0, 0, 0],
						"0.32": [0, 0, -90],
						"1.04": [0, 0, 0]
					}
				},
				"Hand24": {
					"rotation": {
						"0.0": [0, 0, 0],
						"0.32": [0, 0, -90],
						"1.04": [0, 0, 0]
					}
				},
				"Arm3": {
					"rotation": {
						"0.0": [0, 0, 0],
						"0.32": [60, 0, 0],
						"0.52": [-70, -60, 0],
						"1.04": [0, 0, 0]
					}
				},
				"Arm4": {
					"rotation": {
						"0.0": [0, 0, 0],
						"0.32": [-60, 0, 0],
						"0.52": [30, 0, 0],
						"1.04": [0, 0, 0]
					}
				},
				"Hand9": {
					"rotation": {
						"0.0": [0, 0, 0],
						"0.32": [0, 0, 90],
						"1.04": [0, 0, 0]
					}
				},
				"Hand10": {
					"rotation": {
						"0.0": [0, 0, 0],
						"0.32": [0, 0, 90],
						"1.04": [0, 0, 0]
					}
				},
				"Hand11": {
					"rotation": {
						"0.0": [0, 0, 0],
						"0.32": [0, 0, 90],
						"1.04": [0, 0, 0]
					}
				},
				"Hand12": {
					"rotation": {
						"0.0": [0, 0, 0],
						"0.32": [0, 0, 90],
						"1.04": [0, 0, 0]
					}
				},
				"Hand13": {
					"rotation": {
						"0.0": [0, 0, 0],
						"0.32": [0, 0, 90],
						"1.04": [0, 0, 0]
					}
				},
				"Hand14": {
					"rotation": {
						"0.0": [0, 0, 0],
						"0.32": [0, 0, 90],
						"1.04": [0, 0, 0]
					}
				},
				"Hand15": {
					"rotation": {
						"0.0": [0, 0, 0],
						"0.32": [0, 0, 90],
						"1.04": [0, 0, 0]
					}
				},
				"Hand16": {
					"rotation": {
						"0.0": [0, 0, 0],
						"0.32": [0, 0, 90],
						"1.04": [0, 0, 0]
					}
				},
				"Arm7": {
					"rotation": {
						"0.0": [0, 0, 0],
						"0.32": [60, 0, 0],
						"0.52": [-40, -30, 0],
						"1.04": [0, 0, 0]
					}
				},
				"Arm8": {
					"rotation": {
						"0.0": [0, 0, 0],
						"0.32": [-60, 0, 0],
						"0.52": [30, 0, 0],
						"1.04": [0, 0, 0]
					}
				},
				"Hand25": {
					"rotation": {
						"0.0": [0, 0, 0],
						"0.32": [0, 0, 90],
						"1.04": [0, 0, 0]
					}
				},
				"Hand26": {
					"rotation": {
						"0.0": [0, 0, 0],
						"0.32": [0, 0, 90],
						"1.04": [0, 0, 0]
					}
				},
				"Hand27": {
					"rotation": {
						"0.0": [0, 0, 0],
						"0.32": [0, 0, 90],
						"1.04": [0, 0, 0]
					}
				},
				"Hand28": {
					"rotation": {
						"0.0": [0, 0, 0],
						"0.32": [0, 0, 90],
						"1.04": [0, 0, 0]
					}
				},
				"Hand29": {
					"rotation": {
						"0.0": [0, 0, 0],
						"0.32": [0, 0, 90],
						"1.04": [0, 0, 0]
					}
				},
				"Hand30": {
					"rotation": {
						"0.0": [0, 0, 0],
						"0.32": [0, 0, 90],
						"1.04": [0, 0, 0]
					}
				},
				"Hand31": {
					"rotation": {
						"0.0": [0, 0, 0],
						"0.32": [0, 0, 90],
						"1.04": [0, 0, 0]
					}
				},
				"Hand32": {
					"rotation": {
						"0.0": [0, 0, 0],
						"0.32": [0, 0, 90],
						"1.04": [0, 0, 0]
					}
				}
			}
		},
		"animation.Enderman_mutant.walk": {
			"loop": true,
			"animation_length": 1.4,
			"anim_time_update": "query.modified_distance_moved * 0.1",
			"bones": {
				"Body": {
					"rotation": {
						"0.0": [5, 0, 0],
						"0.7": [15, 0, 0],
						"1.4": [5, 0, 0]
					},
					"position": {
						"0.0": [0, 0, 0],
						"0.7": [0, -1, 0],
						"1.4": [0, 0, 0]
					}
				},
				"Arm": {
					"rotation": {
						"0.0": [-30, 0, 0],
						"0.7": [30, 0, 0],
						"1.4": [-30, 0, 0]
					}
				},
				"Arm2": {
					"rotation": {
						"0.0": [-15, 0, 0],
						"0.7": [0, 0, 0],
						"1.4": [-15, 0, 0]
					}
				},
				"Arm3": {
					"rotation": {
						"0.0": [30, 0, 0],
						"0.7": [-30, 0, 0],
						"1.4": [30, 0, 0]
					}
				},
				"Arm4": {
					"rotation": {
						"0.0": [0, 0, 0],
						"0.7": [-15, 0, 0],
						"1.4": [0, 0, 0]
					}
				},
				"Arm5": {
					"rotation": {
						"0.0": [-30, 0, 0],
						"0.7": [30, 0, 0],
						"1.4": [-30, 0, 0]
					}
				},
				"Arm6": {
					"rotation": {
						"0.0": [-15, 0, 0],
						"0.7": [0, 0, 0],
						"1.4": [-15, 0, 0]
					}
				},
				"Arm7": {
					"rotation": {
						"0.0": [30, 0, 0],
						"0.7": [-30, 0, 0],
						"1.4": [30, 0, 0]
					}
				},
				"Arm8": {
					"rotation": {
						"0.0": [0, 0, 0],
						"0.7": [-15, 0, 0],
						"1.4": [0, 0, 0]
					}
				},
				"Head": {
					"rotation": {
						"0.0": [5, 0, 0],
						"1.4": [5, 0, 0]
					}
				},
				"Leg": {
					"rotation": {
						"0.0": [-25, 0, 0],
						"0.35": [-10, 0, 0],
						"0.7": [10, 0, 0],
						"1.15": [-30, 0, 0],
						"1.4": [-25, 0, 0]
					}
				},
				"Leg2": {
					"rotation": {
						"0.0": [10, 0, 0],
						"0.35": [25, 0, 0],
						"0.7": [30, 0, 0],
						"1.15": [65, 0, 0],
						"1.4": [10, 0, 0]
					}
				},
				"Leg3": {
					"rotation": {
						"0.0": [10, 0, 0],
						"0.35": [-40, 0, 0],
						"0.7": [-30, 0, 0],
						"1.15": [-10, 0, 0],
						"1.4": [10, 0, 0]
					}
				},
				"Leg4": {
					"rotation": {
						"0.0": [30, 0, 0],
						"0.35": [70, 0, 0],
						"0.7": [20, 0, 0],
						"1.15": [25, 0, 0],
						"1.4": [30, 0, 0]
					}
				},
				"All": {
					"rotation": {
						"0.0": [0, 0, 0],
						"0.35": [0, 0, -5],
						"1.15": [0, 0, 5],
						"1.4": [0, 0, 0]
					},
					"position": {
						"0.0": [0, -3, 0],
						"0.7": [0, -2, 0],
						"1.4": [0, -3, 0]
					}
				}
			}
		},
		"animation.Enderman_mutant.roar": {
			"animation_length": 5.88,
			"bones": {
				"Body": {
					"rotation": {
						"0.0": [0, 0, 0],
						"0.92": [25, 0, 0],
						"1.04": [15, 0, 0],
						"1.56": [15, 0, 0],
						"3.12": [15, -25, 0],
						"4.68": [15, 25, 0],
						"5.16": [15, 0, 0],
						"5.88": [0, 0, 0]
					}
				},
				"Body2": {
					"rotation": {
						"0.0": [0, 0, 0],
						"0.92": [25, 0, 0],
						"1.04": [15, 0, 0],
						"1.52": [15, 5, 0],
						"2.04": [15, -5, 0],
						"2.52": [15, 5, 0],
						"3.04": [15, -5, 0],
						"3.52": [15, 5, 0],
						"4.04": [15, -5, 0],
						"4.52": [15, 5, 0],
						"5.16": [15, 0, 0],
						"5.88": [0, 0, 0]
					}
				},
				"Head": {
					"rotation": {
						"0.0": [0, 0, 0],
						"0.92": [-55, 0, 0],
						"1.04": [-45, 0, 0],
						"5.16": [-45, 0, 0],
						"5.88": [0, 0, 0]
					},
					"position": {
						"0.0": [0, 0, 0],
						"0.92": [0, 0, 0],
						"1.04": [0, 3, 2],
						"5.16": [0, 3, 2],
						"5.88": [0, 0, 0]
					}
				},
				"Mouth": {
					"rotation": {
						"0.0": [0, 0, 0],
						"0.92": [0, 0, 0],
						"1.04": [45, 0, 0],
						"5.16": [45, 0, 0],
						"5.88": [0, 0, 0]
					}
				},
				"Arm": {
					"rotation": {
						"0.0": [0, 0, 0],
						"0.92": [-45, 50, 0],
						"1.04": [70, 0, 15],
						"5.16": [70, 0, 15],
						"5.88": [0, 0, 0]
					}
				},
				"Arm2": {
					"rotation": {
						"0.0": [0, 0, 0],
						"0.92": [0, -25, -85],
						"1.04": [15, 0, 0],
						"5.16": [15, 0, 0],
						"5.88": [0, 0, 0]
					}
				},
				"Arm5": {
					"rotation": {
						"0.0": [0, 0, 0],
						"0.92": [-40, 50, 0],
						"1.04": [70, 0, 10],
						"5.16": [70, 0, 10],
						"5.88": [0, 0, 0]
					}
				},
				"Arm6": {
					"rotation": {
						"0.0": [0, 0, 0],
						"0.92": [0, 0, -70],
						"1.04": [15, 0, 0],
						"5.16": [15, 0, 0],
						"5.88": [0, 0, 0]
					}
				},
				"Arm7": {
					"rotation": {
						"0.0": [0, 0, 0],
						"0.92": [-40, -50, 0],
						"1.04": [70, 0, -10],
						"5.16": [70, 0, -10],
						"5.88": [0, 0, 0]
					}
				},
				"Arm8": {
					"rotation": {
						"0.0": [0, 0, 0],
						"0.92": [0, 0, 70],
						"1.04": [15, 0, 0],
						"5.16": [15, 0, 0],
						"5.88": [0, 0, 0]
					}
				},
				"Arm3": {
					"rotation": {
						"0.0": [0, 0, 0],
						"0.92": [-45, -50, 0],
						"1.04": [70, 0, -15],
						"5.16": [70, 0, -15],
						"5.88": [0, 0, 0]
					}
				},
				"Arm4": {
					"rotation": {
						"0.0": [0, 0, 0],
						"0.92": [0, 25, 85],
						"1.04": [15, 0, 0],
						"5.16": [15, 0, 0],
						"5.88": [0, 0, 0]
					}
				},
				"All": {
					"position": {
						"0.0": [0, 0, 0],
						"0.92": [0, -8, 8],
						"1.04": [0, -8, -27],
						"5.2": [0, -8, -27],
						"5.88": [0, 0, 0]
					}
				},
				"Leg3": {
					"rotation": {
						"0.0": [0, 0, 0],
						"0.92": [40, 0, 0],
						"1.04": [-30, 0, 0],
						"5.2": [-30, 0, 0],
						"5.88": [0, 0, 0]
					}
				},
				"Leg4": {
					"rotation": {
						"0.0": [0, 0, 0],
						"0.92": [20, 0, 0],
						"1.04": [30, 0, 0],
						"5.2": [30, 0, 0],
						"5.88": [0, 0, 0]
					}
				},
				"Leg": {
					"rotation": {
						"0.0": [0, 0, 0],
						"0.92": [-30, 0, 0],
						"1.04": [40, 0, 0],
						"5.2": [40, 0, 0],
						"5.88": [0, 0, 0]
					}
				},
				"Leg2": {
					"rotation": {
						"0.0": [0, 0, 0],
						"0.92": [30, 0, 0],
						"1.04": [17.5, 0, 0],
						"5.2": [17.5, 0, 0],
						"5.88": [0, 0, 0]
					}
				},
				"Soul": {
					"position": {
						"0.0": [0, 8, 10],
						"0.92": [0, 0, 2],
						"1.04": [0, 0, 37],
						"5.2": [0, 0, 37],
						"5.88": [0, 8, 10]
					},
					"scale": 2
				}
			}
		},
		"animation.Enderman_mutant.dead": {
			"loop": "hold_on_last_frame",
			"animation_length": 5.16,
			"bones": {
				"Body": {
					"rotation": {
						"0.0": [0, 0, 0],
						"1.56": [25, 0, 0],
						"1.68": [-15, 0, 0],
						"5.16": [-15, 0, 0]
					}
				},
				"Body2": {
					"rotation": {
						"0.0": [0, 0, 0],
						"1.56": [25, 0, 0],
						"1.68": [-15, 0, 0],
						"5.16": [-15, 0, 0]
					}
				},
				"Head": {
					"rotation": {
						"0.0": [0, 0, 0],
						"0.52": [-55, 0, 0],
						"1.04": [-45, 0, 0],
						"5.16": [-45, 0, 0],
						"5.88": [0, 0, 0]
					},
					"position": {
						"0.0": [0, 0, 0],
						"0.52": [0, 0, 0],
						"1.04": [0, 3, 2],
						"5.16": [0, 3, 2],
						"5.88": [0, 0, 0]
					}
				},
				"Mouth": {
					"rotation": {
						"0.0": [0, 0, 0],
						"0.52": [0, 0, 0],
						"1.04": [45, 0, 0],
						"5.16": [45, 0, 0],
						"5.88": [0, 0, 0]
					}
				},
				"Arm": {
					"rotation": {
						"0.0": [0, 0, 0],
						"1.56": [-45, 50, 0],
						"1.68": [70, 0, 15],
						"5.16": [70, 0, 15]
					}
				},
				"Arm2": {
					"rotation": {
						"0.0": [0, 0, 0],
						"1.56": [0, -25, -85],
						"1.68": [15, 0, 0],
						"5.16": [15, 0, 0]
					}
				},
				"Arm5": {
					"rotation": {
						"0.0": [0, 0, 0],
						"1.56": [-40, 50, 0],
						"1.68": [70, 0, 10],
						"5.16": [70, 0, 10]
					}
				},
				"Arm6": {
					"rotation": {
						"0.0": [0, 0, 0],
						"1.56": [0, 0, -70],
						"1.68": [15, 0, 0],
						"5.16": [15, 0, 0]
					}
				},
				"Arm7": {
					"rotation": {
						"0.0": [0, 0, 0],
						"1.56": [-40, -50, 0],
						"1.68": [70, 0, -10],
						"5.16": [70, 0, -10]
					}
				},
				"Arm8": {
					"rotation": {
						"0.0": [0, 0, 0],
						"1.56": [0, 0, 70],
						"1.68": [15, 0, 0],
						"5.16": [15, 0, 0]
					}
				},
				"Arm3": {
					"rotation": {
						"0.0": [0, 0, 0],
						"1.56": [-45, -50, 0],
						"1.68": [70, 0, -15],
						"5.16": [70, 0, -15]
					}
				},
				"Arm4": {
					"rotation": {
						"0.0": [0, 0, 0],
						"1.56": [0, 25, 85],
						"1.68": [15, 0, 0],
						"5.16": [15, 0, 0]
					}
				},
				"Soul": {
					"position": [0, 0, 10],
					"scale": 2
				},
				"All": {
					"position": {
						"0.0": [0, 0, 0],
						"1.56": [0, 30, 0],
						"2.08": [-2, 32, -2],
						"2.6": [2, 30, 2],
						"3.12": [-2, 32, -2],
						"3.64": [2, 30, 2],
						"4.16": [-2, 32, -2],
						"4.68": [2, 30, 2],
						"5.16": [-2, 32, -2]
					}
				},
				"Leg3": {
					"rotation": {
						"0.0": [0, 0, 0],
						"1.56": [-30, 0, 0],
						"1.68": [25, 0, 0],
						"5.16": [25, 0, 0]
					}
				},
				"Leg4": {
					"rotation": {
						"0.0": [0, 0, 0],
						"1.56": [60, 0, 0],
						"1.68": [0, 0, 0],
						"5.16": [0, 0, 0]
					},
					"position": {
						"0.0": [0, 0, 0],
						"0.52": [0, 0, 0]
					}
				},
				"Leg": {
					"rotation": {
						"0.0": [0, 0, 0],
						"1.56": [-30, 0, 0],
						"1.68": [25, 0, 0],
						"5.16": [25, 0, 0]
					}
				},
				"Leg2": {
					"rotation": {
						"0.0": [0, 0, 0],
						"1.56": [60, 0, 0],
						"1.68": [0, 0, 0],
						"5.16": [0, 0, 0]
					}
				}
			}
		},
		"animation.Enderman_mutant.hurt": {
			"loop": true,
			"bones": {
				"Soul": {
					"scale": 1.5
				}
			}
		},
		"animation.Enderman_mutant.general": {
			"loop": true,
			"animation_length": 3.0,
			"bones": {
				"Body2": {
					"rotation": {
						"0.0": [0, 0, 0],
						"1.5": [5, 0, 0],
						"3.0": [0, 0, 0]
					}
				},
				
				"Arm5": {
					"rotation": {
						"0.0": [0, 0, 0],
						"1.5": [0, 0, 5],
						"3.0": [0, 0, 0]
					}
				},
				"Arm7": {
					"rotation": {
						"0.0": [0, 0, 0],
						"1.5": [0, 0, -5],
						"3.0": [0, 0, 0]
					}
				},
				"Arm3": {
					"rotation": {
						"0.0": [0, 0, 0],
						"1.5": [0, 0, -5],
						"3.0": [0, 0, 0]
					}
				},
				"Arm": {
					"rotation": {
						"0.0": [0, 0, 0],
						"1.5": [0, 0, 5],
						"3.0": [0, 0, 0]
					}
				}
			}
		},
		"animation.Enderman_mutant_soul.range_attack": {
		"loop": "hold_on_last_frame",
			"animation_length": 8.0,
			"bones": {
				"Arm": {
					"rotation": {
						"0.0": [0, 0, 0],
						"0.52": [0, 0, 30],
						"7.32": [0, 0, 30],
						"8.0": [0, 0, 0]
					}
				},
				"Arm2": {
					"rotation": {
						"0.0": [0, 0, 0],
						"0.52": [25, 0, 0],
						"7.32": [25, 0, 0],
						"8.0": [0, 0, 0]
					}
				},
				"Allhand": {
					"rotation": {
						"0.0": [0, 0, 0],
						"0.52": [0, 0, 60],
						"7.32": [0, 0, 60],
						"8.0": [0, 0, 0]
					}
				},
				"Arm5": {
					"rotation": {
						"0.0": [0, 0, 0],
						"0.52": [0, 0, 50],
						"7.32": [0, 0, 50],
						"8.0": [0, 0, 0]
					}
				},
				"Arm6": {
					"rotation": {
						"0.0": [0, 0, 0],
						"0.52": [20, 0, 0],
						"7.32": [20, 0, 0],
						"8.0": [0, 0, 0]
					}
				},
				"Block2": {
					"rotation": {
						"0.0": [0, 0, 0],
						"8.0": [3600, 3600, 3600]
					},
					"scale": {
						"7.31": [1, 1, 1],
						"7.32": [0, 0, 0]
					},
					"position": {
						"0.0": [0, -40, 0],
						"0.52": [4, -4, 8]
					}
				},
				"Block": {
					"rotation": {
						"0.0": [0, 0, 0],
						"8.0": [3600, 3600, 3600]
					},
					"scale": {
						"7.31": [1, 1, 1],
						"7.32": [0, 0, 0]
					},
					"position": {
						"0.0": [0, -40, 0],
						"0.52": [4, -4, 8]
					}
				},
				"Allhand3": {
					"rotation": {
						"0.0": [0, 0, 0],
						"0.52": [0, 0, 60],
						"7.32": [0, 0, 60],
						"8.0": [0, 0, 0]
					}
				}
			}
		}
	}
}