{
	"format_version": "1.8.0",
	"animations": {
		"animation.all.walk": {
			"loop": true,
			"animation_length": 0.9667,
			"anim_time_update": "query.modified_distance_moved * 0.1",
			"bones": {
				"Body": {
					"rotation": {
						"0.0": [5, 0, 0],
						"0.96": [5, 0, 0]
					},
					"position": {
						"0.0": [0, 0, 0],
						"0.48": [0, -1, 0],
						"0.96": [0, 0, 0]
					}
				},
				"Arm": {
					"rotation": {
						"0.0": [-15, 0, 0],
						"0.48": [20, -5, 0],
						"0.96": [-15, 0, 0]
					}
				},
				"Arm2": {
					"rotation": {
						"0.0": [-15, 0, 0],
						"0.48": [-15, 0, 0],
						"0.96": [-15, 0, 0]
					}
				},
				"Arm3": {
					"rotation": {
						"0.0": [30, 0, -5],
						"0.48": [-20, 0, 5],
						"0.96": [30, 0, -5]
					}
				},
				"Arm4": {
					"rotation": {
						"0.0": [-30, 0, 0],
						"0.24": [-20, 0, 0],
						"0.48": [-10, 0, 0],
						"0.72": [-20, 0, 0],
						"0.96": [-30, 0, 0]
					}
				},
				"Head": {
					"rotation": {
						"0.0": [5, 0, 0],
						"0.96": [5, 0, 0]
					}
				},
				"Leg": {
					"rotation": {
						"0.0": [-25, 0, 0],
						"0.24": [-10, 0, 0],
						"0.48": [10, 0, 0],
						"0.72": [-45, 0, 0],
						"0.96": [-25, 0, 0]
					}
				},
				"Leg2": {
					"rotation": {
						"0.0": [10, 0, 0],
						"0.24": [25, 0, 0],
						"0.48": [30, 0, 0],
						"0.72": [115, 0, 0],
						"0.96": [10, 0, 0]
					}
				},
				"Leg3": {
					"rotation": {
						"0.0": [10, 0, 0],
						"0.24": [-55, 0, 0],
						"0.48": [-30, 0, 0],
						"0.72": [-10, 0, 0],
						"0.96": [10, 0, 0]
					}
				},
				"Leg4": {
					"rotation": {
						"0.0": [30, 0, 0],
						"0.24": [120, 0, 0],
						"0.48": [20, 0, 0],
						"0.72": [25, 0, 0],
						"0.96": [30, 0, 0]
					}
				}
			}
		},
		"animation.golem_colossus.hard.attack": {
			"animation_length": 1.04,
			"bones": {
				"Body": {
					"rotation": {
						"0.0": [0, 0, 0],
						"0.32": [-10, 0, 0],
						"0.52": [65, 0, 0],
						"1.04": [0, 0, 0]
					}
				},
				"Body2": {
					"rotation": {
						"0.0": [0, 0, 0],
						"0.32": [-30, 0, 0],
						"0.52": [0, 0, 0],
						"1.04": [0, 0, 0]
					}
				},
				"Arm": {
					"rotation": {
						"0.0": [0, 0, 0],
						"0.32": [-60, 0, 0],
						"0.52": [-70, 0, 0],
						"1.04": [0, 0, 0]
					}
				},
				"Arm2": {
					"rotation": {
						"0.0": [0, 0, 0],
						"0.32": [-30, 0, 0],
						"0.52": [0, 0, 0],
						"1.04": [0, 0, 0]
					}
				},
				"Arm3": {
					"rotation": {
						"0.0": [0, 0, 0],
						"0.32": [-60, 0, 0],
						"0.52": [-70, 0, 0],
						"1.04": [0, 0, 0]
					}
				},
				"Arm4": {
					"rotation": {
						"0.0": [0, 0, 0],
						"0.32": [-30, 0, 0],
						"0.52": [0, 0, 0],
						"1.04": [0, 0, 0]
					}
				}
			}
		},
		"animation.golem_colossus.attack": {
			"animation_length": 1.04,
			"bones": {
				"Body": {
					"rotation": {
						"0.0": [0, 0, 0],
						"0.32": [-10, -30, 0],
						"0.52": [10, 15, 0],
						"1.04": [0, 0, 0]
					}
				},
				"Body2": {
					"rotation": {
						"0.0": [0, 0, 0],
						"0.32": [0, 0, 0],
						"0.52": [0, 0, 0],
						"1.04": [0, 0, 0]
					}
				},
				"Arm3": {
					"rotation": {
						"0.0": [0, 0, 0],
						"0.32": [40, 0, -40],
						"0.52": [-40, 20, -40],
						"1.04": [0, 0, 0]
					}
				}
			}
		}
	}
}