{
	"format_version": "1.8.0",
	"animations": {
	    "animation.evoker.casting" : {
			"loop" : true,
			"bones" : {
				"arms" : {
					"scale" : 0.0
				},
				"arm" : {
					"rotation" : [ "- this", "math.cos(query.life_time * 763.4) * 14.3239 -this", "- this" ],
					"scale" : 1.0
				},
				"arm3" : {
					"rotation" : [ "- this", "math.cos(query.life_time * 763.4) * 14.3239 -this", "- this" ],
					"scale" : 1.0
				}
			}
		},
		"animation.Snow_mutant.walk": {
			"loop": true,
			"animation_length": 0.9667,
			"anim_time_update": "query.modified_distance_moved * 0.1",
			"bones": {
				"Arm": {
					"rotation": {
						"0.0": [0, 60, 0],
						"0.48": [0, -60, 0],
						"0.96": [0, 60, 0]
					}
				},
				"Arm3": {
					"rotation": {
						"0.0": [0, 60, 0],
						"0.48": [0, -60, 0],
						"0.96": [0, 60, 0]
					}
				},
				"Leg": {
					"rotation": {
						"0.0": [-25, 0, 0],
						"0.24": [-10, 0, 0],
						"0.48": [10, 0, 0],
						"0.72": [-45, 0, 0],
						"0.96": [-25, 0, 0]
					}
				},
				"Leg2": {
					"rotation": {
						"0.0": [10, 0, 0],
						"0.24": [25, 0, 0],
						"0.48": [30, 0, 0],
						"0.72": [115, 0, 0],
						"0.96": [10, 0, 0]
					}
				},
				"Leg3": {
					"rotation": {
						"0.0": [10, 0, 0],
						"0.24": [-55, 0, 0],
						"0.48": [-30, 0, 0],
						"0.72": [-10, 0, 0],
						"0.96": [10, 0, 0]
					}
				},
				"Leg4": {
					"rotation": {
						"0.0": [30, 0, 0],
						"0.24": [120, 0, 0],
						"0.48": [20, 0, 0],
						"0.72": [25, 0, 0],
						"0.96": [30, 0, 0]
					}
				}
			}
		},
		"animation.Snow_mutant.attack": {
			"animation_length": 100,
			"bones": {
				"Body2": {
					"rotation": {
						"0.0": [0, 0, 0],
						"0.52": [-10, 0, 0],
						"0.72": [-10, 0, 0],
						"0.92": [10, 0, 0],
						"1.04": [10, 0, 0],
						"1.36": [0, 0, 0]
					}
				},
				"Arm": {
					"rotation": {
						"0.0": [0, 0, 0],
						"0.52": [0, -150, -30],
						"0.72": [0, -150, -30],
						"0.92": [0, -50, 0],
						"1.04": [0, -50, 0],
						"1.36": [0, 0, 0]
					}
				},
				"Arm2": {
					"rotation": {
						"0.0": [0, 0, 0],
						"0.52": [0, 0, 0],
						"0.72": [0, 0, 0],
						"0.92": [0, 0, 0],
						"1.04": [0, 0, 0],
						"1.36": [0, 0, 0]
					}
				},
				"Arm3": {
					"rotation": {
						"0.0": [0, 0, 0],
						"0.52": [0, 150, 30],
						"0.72": [0, 150, 30],
						"0.92": [0, 50, 0],
						"1.04": [0, 50, 0],
						"1.36": [0, 0, 0]
					}
				},
				"Arm4": {
					"rotation": {
						"0.0": [0, 0, 0],
						"0.52": [0, 0, 0],
						"0.72": [0, 0, 0],
						"0.92": [0, 0, 0],
						"1.04": [0, 0, 0],
						"1.36": [0, 0, 0]
					}
				},
				"Block": {
					"rotation": [45, 45, 45],
					"position": {
						"0.0": [0, 0, 0],
						"0.52": [0, 34, 2],
						"0.72": [0, 34, 2],
						"0.76": [0, 33, -4.6],
						"0.8": [0, 28, -11.2],
						"0.92": [0, 8, -16]
					},
					"scale": {
						"0.48": [0, 0, 0],
						"0.52": [0.6, 0.6, 0.6],
						"0.72": [0.6, 0.6, 0.6],
						"0.8": [0.6, 0.6, 0.6],
						"0.92": [0, 0, 0]
					}
				},
				"Body": {
					"rotation": {
						"0.0": [0, 0, 0],
						"0.52": [-5, 0, 0],
						"0.76": [-5, 0, 0],
						"0.92": [5, 0, 0],
						"1.04": [5, 0, 0],
						"1.36": [0, 0, 0]
					}
				}
			}
		},
		"animation.Snow_mutant.sit": {
			"loop": true,
			"bones": {
				"All": {
					"position": [0, -6, 0]
				},
				"Arm2": {
					"rotation": [-25, 0, 0]
				},
				"Arm4": {
					"rotation": [-25, 0, 0]
				},
				"Leg3": {
					"rotation": [-40, -20, 0]
				},
				"Leg4": {
					"rotation": [-40, 0, 0]
				},
				"Leg": {
					"rotation": [-40, 20, 0]
				},
				"Leg2": {
					"rotation": [-40, 0, 0]
				}
			}
		}
	}
}