{
	"format_version": "1.8.0",
	"animations": {
		"animation.mutant.look_at_target": {
			"loop": true,
			"bones": {
				"Head": {
					"rotation": ["query.target_x_rotation", "query.target_y_rotation", 0]
				},
				"Body2": {
					"rotation": ["query.target_x_rotation * 0.09", "query.target_y_rotation * 0.2", 0]
				},
				"Body": {
					"rotation": ["query.target_x_rotation * 0.06", "query.target_y_rotation * 0.1", 0]
				},
				"Leg": {
					"rotation": ["query.target_x_rotation * -0.06", "query.target_y_rotation * -0.1", 0]
				},
				"Leg3": {
					"rotation": ["query.target_x_rotation * -0.06", "query.target_y_rotation * -0.1", 0]
				}
			}
		},
		"animation.Zombie_mutant.smash": {
			"animation_length": 1.56,
			"bones": {
				"Body": {
					"rotation": {
						"0.0": [0, 0, 0],
						"0.32": [15, 0, 0],
						"0.52": [-15, 0, 0],
						"0.68": [-10, 0, 0],
						"0.88": [50, 0, 0],
						"1.04": [50, 0, 0],
						"1.56": [0, 0, 0]
					}
				},
				"Body2": {
					"rotation": {
						"0.0": [0, 0, 0],
						"0.32": [30, 0, 0],
						"0.52": [-30, 0, 0],
						"0.68": [-35, 0, 0],
						"0.88": [30, 0, 0],
						"1.04": [30, 0, 0],
						"1.56": [0, 0, 0]
					}
				},
				"Arm": {
					"rotation": {
						"0.0": [0, 0, 0],
						"0.32": [0, 0, 0],
						"0.52": [-90, 0, 0],
						"0.68": [-95, 0, 0],
						"0.88": [-110, 0, -5],
						"1.04": [-110, 0, -10],
						"1.56": [0, 0, 0]
					}
				},
				"Arm2": {
					"rotation": {
						"0.0": [0, 0, 0],
						"0.32": [0, 0, 0],
						"0.52": [-30, 0, 0],
						"0.68": [-35, 0, 0],
						"0.88": [0, 0, -10],
						"1.04": [0, 0, -10],
						"1.56": [0, 0, 0]
					}
				},
				"Arm3": {
					"rotation": {
						"0.0": [0, 0, 0],
						"0.32": [0, 0, 0],
						"0.52": [-90, 0, 0],
						"0.68": [-95, 0, 0],
						"0.88": [-110, 0, 5],
						"1.04": [-110, 0, 10],
						"1.56": [0, 0, 0]
					}
				},
				"Arm4": {
					"rotation": {
						"0.0": [0, 0, 0],
						"0.32": [0, 0, 0],
						"0.52": [-30, 0, 0],
						"0.68": [-35, 0, 0],
						"0.88": [0, 0, 10],
						"1.04": [0, 0, 10],
						"1.56": [0, 0, 0]
					}
				}
			}
		},
		"animation.Zombie_mutant.walk": {
			"loop": true,
			"animation_length": 0.9667,
			"anim_time_update": "query.modified_distance_moved * 0.1",
			"bones": {
				"Body": {
					"rotation": {
						"0.0": [5, 0, 0],
						"0.48": [15, 0, 0],
						"0.96": [5, 0, 0]
					},
					"position": {
						"0.0": [0, 0, 0],
						"0.48": [0, -1, 0],
						"0.96": [0, 0, 0]
					}
				},
				"All": {
					"rotation": {
						"0.0": [0, 0, 0],
						"0.24": [0, 0, -5],
						"0.72": [0, 0, 5],
						"0.96": [0, 0, 0]
					},
					"position": {
						"0.0": [0, 0, 0],
						"0.48": [0, 0, 0],
						"0.96": [0, 0, 0]
					}
				},
				"Arm": {
					"rotation": {
						"0.0": [-50, 0, 0],
						"0.48": [50, 0, 0],
						"0.96": [-50, 0, 0]
					}
				},
				"Arm2": {
					"rotation": {
						"0.0": [-20, 0, 0],
						"0.48": [0, 0, 0],
						"0.96": [-20, 0, 0]
					}
				},
				"Arm3": {
					"rotation": {
						"0.0": [50, 0, 0],
						"0.48": [-50, 0, 0],
						"0.96": [50, 0, 0]
					}
				},
				"Arm4": {
					"rotation": {
						"0.0": [0, 0, 0],
						"0.48": [-20, 0, 0],
						"0.96": [0, 0, 0]
					}
				},
				"Head": {
					"rotation": {
						"0.0": [5, 0, 0],
						"0.96": [5, 0, 0]
					}
				},
				"Leg": {
					"rotation": {
						"0.0": [5, 0, 0],
						"0.24": [-10, 0, 0],
						"0.48": [10, 0, 0],
						"0.72": [-45, 0, 0],
						"0.96": [5, 0, 0]
					}
				},
				"Leg2": {
					"rotation": {
						"0.0": [-50, 0, 0],
						"0.24": [25, 0, 0],
						"0.48": [30, 0, 0],
						"0.72": [55, 0, 0],
						"0.96": [-50, 0, 0]
					}
				},
				"Leg3": {
					"rotation": {
						"0.0": [10, 0, 0],
						"0.24": [-55, 0, 0],
						"0.48": [0, 0, 0],
						"0.72": [-10, 0, 0],
						"0.96": [10, 0, 0]
					}
				},
				"Leg4": {
					"rotation": {
						"0.0": [30, 0, 0],
						"0.24": [12.5, 0, 0],
						"0.48": [-40, 0, 0],
						"0.72": [25, 0, 0],
						"0.96": [30, 0, 0]
					}
				}
			}
		},
		"animation.Zombie_mutant.dead": {
			"animation_length": 7.24,
			"bones": {
				"All": {
					"rotation": {
						"0.0": [0, 0, 0],
						"0.52": [90, 0, 0],
						"5.52": [90, 0, 0],
						"7.24": [0, 0, 0]
					}
				},
				"Body": {
					"rotation": {
						"0.0": [0, 0, 0],
						"0.52": [-15, 0, 0],
						"5.52": [-15, 0, 0],
						"7.24": [0, 0, 0]
					}
				},
				"Body2": {
					"rotation": {
						"0.0": [0, 0, 0],
						"0.52": [-30, 0, 0],
						"5.52": [-30, 0, 0],
						"7.24": [0, 0, 0]
					}
				},
				"Head": {
					"rotation": {
						"0.0": [0, 0, 0],
						"0.52": [45, 60, 0],
						"5.52": [45, 60, 0],
						"7.24": [0, 0, 0]
					}
				},
				"Arm": {
					"rotation": {
						"0.0": [0, 0, 0],
						"0.52": [-135, 0, -75],
						"5.52": [-135, 0, -75],
						"7.24": [0, 0, 0]
					}
				},
				"Leg": {
					"rotation": {
						"0.0": [0, 0, 0],
						"0.52": [15, 0, 0],
						"5.52": [15, 0, 0],
						"7.24": [0, 0, 0]
					}
				},
				"Leg3": {
					"rotation": {
						"0.0": [0, 0, 0],
						"0.52": [15, 0, 0],
						"5.52": [15, 0, 0],
						"7.24": [0, 0, 0]
					}
				},
				"Arm2": {
					"rotation": {
						"0.0": [0, 0, 0],
						"0.52": [0, -40, 0],
						"5.52": [0, -40, 0],
						"7.24": [0, 0, 0]
					}
				},
				"Arm3": {
					"rotation": {
						"0.0": [0, 0, 0],
						"0.52": [-135, 0, 75],
						"5.52": [-135, 0, 75],
						"7.24": [0, 0, 0]
					}
				},
				"Arm4": {
					"rotation": {
						"0.0": [0, 0, 0],
						"0.52": [0, 40, 0],
						"5.52": [0, 40, 0],
						"7.24": [0, 0, 0]
					}
				}
			}
		},
		"animation.Zombie_mutant.summon": {
			"animation_length": 1.52,
			"bones": {
				"Body": {
					"rotation": {
						"0.0": [0, 0, 0],
						"0.52": [-5, 0, 0],
						"0.8": [5, 0, 0],
						"1.52": [0, 0, 0]
					}
				},
				"Body2": {
					"rotation": {
						"0.0": [0, 0, 0],
						"0.52": [-30, 0, 0],
						"0.8": [30, 0, 0],
						"1.52": [0, 0, 0]
					}
				},
				"Arm": {
					"rotation": {
						"0.0": [0, 0, 0],
						"0.52": [30, 0, 0],
						"0.8": [0, 0, 0],
						"1.52": [0, 0, 0]
					}
				},
				"Arm2": {
					"rotation": {
						"0.0": [0, 0, 0],
						"0.52": [0, 0, 0],
						"0.8": [0, 0, 0],
						"1.52": [0, 0, 0]
					}
				},
				"Arm3": {
					"rotation": {
						"0.0": [0, 0, 0],
						"0.52": [30, 0, 0],
						"0.8": [0, 0, 0],
						"1.52": [0, 0, 0]
					}
				},
				"Arm4": {
					"rotation": {
						"0.0": [0, 0, 0],
						"0.52": [0, 0, 0],
						"0.8": [0, 0, 0],
						"1.52": [0, 0, 0]
					}
				},
				"Leg": {
					"rotation": {
						"0.0": [0, 0, 0],
						"0.52": [0, 0, 0],
						"0.8": [75, 0, 0],
						"1.52": [0, 0, 0]
					}
				},
				"Leg2": {
					"rotation": {
						"0.0": [0, 0, 0],
						"0.52": [0, 0, 0],
						"0.8": [5, 0, 0],
						"1.52": [0, 0, 0]
					}
				},
				"Leg3": {
					"rotation": {
						"0.0": [0, 0, 0],
						"0.52": [-45, 0, 0],
						"0.8": [-45, 0, 0],
						"1.52": [0, 0, 0]
					}
				},
				"Leg4": {
					"rotation": {
						"0.0": [0, 0, 0],
						"0.52": [45, 0, 0],
						"0.8": [45, 0, 0],
						"1.52": [0, 0, 0]
					}
				},
				"All": {
					"position": {
						"0.0": [0, 0, 0],
						"0.52": [0, 0, 0],
						"0.56": [0, 0.8, -4],
						"0.6": [0, 0.1, -8],
						"0.64": [0, -0.93, -12],
						"0.8": [0, -6, -20],
						"0.84": [0, -4.51, -18.69],
						"0.88": [0, -4.35, -18.38],
						"0.92": [0, -2.78, -16.92],
						"1.52": [0, 0, 0]
					}
				}
			}
		},
		"animation.Zombie_mutant.roar": {
			"animation_length": 6.76,
			"bones": {
				"Body": {
					"rotation": {
						"0.0": [0, 0, 0],
						"0.52": [10, 0, 0],
						"0.84": [-15, 0, 0],
						"3.04": [-15, 0, 0],
						"3.56": [40, 0, 0],
						"6.04": [40, 0, 0],
						"6.76": [0, 0, 0]
					}
				},
				"Body2": {
					"rotation": {
						"0.0": [0, 0, 0],
						"0.52": [10, 0, 0],
						"0.84": [-30, 0, 0],
						"1.04": [-30, 5, 0],
						"1.24": [-30, -5, 0],
						"1.44": [-30, 5, 0],
						"1.64": [-30, -5, 0],
						"1.84": [-30, 5, 0],
						"2.04": [-30, -5, 0],
						"2.24": [-30, 5, 0],
						"2.44": [-30, -5, 0],
						"2.64": [-30, 5, 0],
						"2.84": [-30, -5, 0],
						"3.04": [0, 0, 0],
						"3.56": [5, 0, 0],
						"4.04": [0, 0, 0],
						"4.56": [5, 0, 0],
						"5.04": [0, 0, 0],
						"5.56": [5, 0, 0],
						"6.04": [0, 0, 0],
						"6.76": [0, 0, 0]
					}
				},
				"Head": {
					"rotation": {
						"0.0": [0, 0, 0],
						"0.84": [0, 0, 0],
						"1.04": [0, 30, 0],
						"1.24": [0, -30, 0],
						"1.44": [0, 30, 0],
						"1.64": [0, -30, 0],
						"1.84": [0, 30, 0],
						"2.04": [0, -30, 0],
						"2.24": [0, 30, 0],
						"2.44": [0, -30, 0],
						"2.64": [0, 30, 0],
						"2.84": [0, -30, 0],
						"3.04": [0, 0, 0],
						"5.04": [0, 0, 0],
						"6.52": [0, 0, 0]
					}
				},
				"Arm": {
					"rotation": {
						"0.0": [0, 0, 0],
						"0.52": [-50, -20, 0],
						"0.84": [10, 0, 60],
						"1.04": [15, 0, 60],
						"1.24": [10, 0, 60],
						"1.44": [15, 0, 60],
						"1.64": [10, 0, 60],
						"1.84": [15, 0, 60],
						"2.04": [10, 0, 60],
						"2.24": [15, 0, 60],
						"2.44": [10, 0, 60],
						"2.64": [15, 0, 60],
						"2.84": [10, 0, 60],
						"3.04": [0, 0, 0],
						"3.56": [-50, 0, 0],
						"6.04": [-50, 0, 0],
						"6.76": [0, 0, 0]
					}
				},
				"Arm2": {
					"rotation": {
						"0.0": [0, 0, 0],
						"0.52": [0, -30, 0],
						"0.84": [0, 42.5, 0],
						"2.84": [0, 46.14, 0],
						"3.04": [0, 2.5, 0],
						"3.56": [30, 0, 0],
						"6.04": [30, 0, 0],
						"6.76": [0, 0, 0]
					}
				},
				"Arm3": {
					"rotation": {
						"0.0": [0, 0, 0],
						"0.52": [-50, 20, 0],
						"0.84": [15, 0, -60],
						"1.04": [10, 0, -60],
						"1.24": [15, 0, -60],
						"1.44": [10, 0, -60],
						"1.64": [15, 0, -60],
						"1.84": [10, 0, -60],
						"2.04": [15, 0, -60],
						"2.24": [10, 0, -60],
						"2.44": [15, 0, -60],
						"2.64": [10, 0, -60],
						"2.84": [15, 0, -60],
						"3.04": [0, 0, 0],
						"3.56": [-50, 0, 0],
						"6.04": [-50, 0, 0],
						"6.76": [0, 0, 0]
					}
				},
				"Arm4": {
					"rotation": {
						"0.0": [0, 0, 0],
						"0.52": [0, 30, 0],
						"0.84": [0, -42.5, 0],
						"2.84": [0, -46.14, 0],
						"3.04": [0, -2.5, 0],
						"3.56": [30, 0, 0],
						"6.04": [30, 0, 0],
						"6.76": [0, 0, 0]
					}
				},
				"Leg3": {
					"rotation": {
						"3.04": [0, 0, 0],
						"3.56": [80, 0, 0],
						"6.04": [80, 0, 0],
						"6.76": [0, 0, 0]
					}
				}
			}
		},
		"animation.mz.first_person.empty_hand" : {
			"loop" : true,
			"bones" : {
				"All" : {
					"position": ["variable.is_first_person?0:0", "variable.is_first_person?-50:0", "variable.is_first_person?-27:0"],
					"rotation": ["variable.is_first_person?0:0", "variable.is_first_person?180:0", "variable.is_first_person?0:0"]
				},
				"Arm" : {
					"position": ["variable.is_first_person?-9:0", "variable.is_first_person?50:0", "variable.is_first_person?0:0"],
					"rotation": ["variable.is_first_person?-45:0", "variable.is_first_person?0:0", "variable.is_first_person?0:0"]
				},
				"Arm3" : {
					"position": ["variable.is_first_person?9:0", "variable.is_first_person?50:0", "variable.is_first_person?0:0"],
					"rotation": ["variable.is_first_person?-45:0", "variable.is_first_person?0:0", "variable.is_first_person?0:0"]
				}
			}
		},
		"animation.wskeleton_mutant.roar": {
			"animation_length": 3.56,
			"bones": {
				"Body": {
					"rotation": {
						"0.0": [0, 0, 0],
						"0.52": [20, 0, 0],
						"0.84": [0, 0, 0],
						"3.04": [0, 0, 0],
						"3.56": [0, 0, 0]
					}
				},
				"Body2": {
					"rotation": {
						"0.0": [0, 0, 0],
						"0.52": [20, 0, 0],
						"0.84": [0, 0, 0],
						"1.04": [0, 5, 0],
						"1.24": [0, -5, 0],
						"1.44": [0, 5, 0],
						"1.64": [0, -5, 0],
						"1.84": [0, 5, 0],
						"2.04": [0, -5, 0],
						"2.24": [0, 5, 0],
						"2.44": [0, -5, 0],
						"2.64": [0, 5, 0],
						"2.84": [0, -5, 0],
						"3.04": [0, 0, 0],
						"3.56": [0, 0, 0]
					}
				},
				"Head": {
					"rotation": {
						"0.0": [0, 0, 0],
						"0.84": [22.5, 0, 0],
						"1.04": [-45, 30, 0],
						"1.24": [-45, -30, 0],
						"1.44": [-45, 30, 0],
						"1.64": [-45, -30, 0],
						"1.84": [-45, 30, 0],
						"2.04": [-45, -30, 0],
						"2.24": [-45, 30, 0],
						"2.44": [-45, -30, 0],
						"2.64": [-45, 30, 0],
						"2.84": [-45, -30, 0],
						"3.04": [0, 0, 0]
					}
				},
				"Arm": {
					"rotation": {
						"0.0": [0, 0, 0],
						"0.52": [-50, -20, 0],
						"0.84": [10, 0, 60],
						"1.04": [15, 0, 60],
						"1.24": [10, 0, 60],
						"1.44": [15, 0, 60],
						"1.64": [10, 0, 60],
						"1.84": [15, 0, 60],
						"2.04": [10, 0, 60],
						"2.24": [15, 0, 60],
						"2.44": [10, 0, 60],
						"2.64": [15, 0, 60],
						"2.84": [10, 0, 60],
						"3.04": [0, 0, 0],
						"3.56": [0, 0, 0]
					}
				},
				"Arm2": {
					"rotation": {
						"0.0": [0, 0, 0],
						"0.52": [0, -30, 0],
						"0.84": [0, 42.5, 0],
						"2.84": [0, 46.14, 0],
						"3.04": [0, 2.5, 0],
						"3.56": [0, 0, 0]
					}
				},
				"Arm3": {
					"rotation": {
						"0.0": [0, 0, 0],
						"0.52": [-50, 20, 0],
						"0.84": [15, 0, -60],
						"1.04": [10, 0, -60],
						"1.24": [15, 0, -60],
						"1.44": [10, 0, -60],
						"1.64": [15, 0, -60],
						"1.84": [10, 0, -60],
						"2.04": [15, 0, -60],
						"2.24": [10, 0, -60],
						"2.44": [15, 0, -60],
						"2.64": [10, 0, -60],
						"2.84": [15, 0, -60],
						"3.04": [0, 0, 0],
						"3.56": [0, 0, 0]
					}
				},
				"Arm4": {
					"rotation": {
						"0.0": [0, 0, 0],
						"0.52": [0, 30, 0],
						"0.84": [0, -42.5, 0],
						"2.84": [0, -46.14, 0],
						"3.04": [0, -2.5, 0],
						"3.56": [0, 0, 0]
					}
				},
				"Leg3": {
					"rotation": {
						"3.04": [0, 0, 0],
						"3.56": [0, 0, 0]
					}
				}
			}
		}
	}
}