{
	"format_version": "1.12.0",
	"minecraft:geometry": [
		{
			"description": {
				"identifier": "geometry.Ex_laser",
				"texture_width": 16,
				"texture_height": 16,
				"visible_bounds_width": 2,
				"visible_bounds_height": 1.5,
				"visible_bounds_offset": [0, 0.25, 0]
			},
			"bones": [
				{
					"name": "Body",
					"pivot": [0, 0, 0],
					"cubes": [
						{"origin": [-8, 0, 0], "size": [16, 1000, 0], "uv": [0, 0]},
						{"origin": [-8, 0, 0], "size": [16, 1000, 0], "pivot": [0, 0.5, 0], "rotation": [0, 90, 0], "uv": [0, 0]}
					]
				}
			]
		}
	]
}