{
	"format_version": "1.12.0",
	"minecraft:geometry": [
		{
			"description": {
				"identifier": "geometry.Laser_enderman_mutant_ex",
				"texture_width": 256,
				"texture_height": 256,
				"visible_bounds_width": 124,
				"visible_bounds_height": 13,
				"visible_bounds_offset": [0, -0.5, 0]
			},
			"bones": [
				{
					"name": "All",
					"pivot": [0, 0, 0]
				},
				{
					"name": "Leg3",
					"parent": "All",
					"pivot": [2.5, 35, 8],
					"rotation": [-35.48914, 3.84097, -14.51082]
				},
				{
					"name": "Leg4",
					"parent": "Leg3",
					"pivot": [2.5, 14, 8],
					"rotation": [42.5, 0, 0]
				},
				{
					"name": "Leg",
					"parent": "All",
					"pivot": [-2.5, 35, 8],
					"rotation": [-35.48918, -3.84097, 14.51082]
				},
				{
					"name": "Leg2",
					"parent": "Leg",
					"pivot": [-2.5, 14, 8],
					"rotation": [42.5, 0, 0]
				},
				{
					"name": "Body",
					"parent": "All",
					"pivot": [0, 35, 8],
					"rotation": [20, 0, 0]
				},
				{
					"name": "Body2",
					"parent": "Body",
					"pivot": [0, 45, 8],
					"rotation": [20, 0, 0]
				},
				{
					"name": "Neck",
					"parent": "Body2",
					"pivot": [0, 61, 8],
					"rotation": [15, 0, 0]
				},
				{
					"name": "Head",
					"parent": "Neck",
					"pivot": [0, 64.5, 7.13397],
					"rotation": [-45, 0, 0],
					"cubes": [
						{"origin": [-4, 68.5, -997], "size": [3, 1, 1000], "uv": [0, 0]},
						{"origin": [1, 68.5, -997], "size": [3, 1, 1000], "uv": [0, 0], "mirror": true}
					]
				},
				{
					"name": "Mouth",
					"parent": "Head",
					"pivot": [0, 67.5, 11.13397]
				},
				{
					"name": "Arm",
					"parent": "Body2",
					"pivot": [-5.5, 58, 7.5],
					"rotation": [-30.039, -0.87694, 19.92401]
				},
				{
					"name": "Arm2",
					"parent": "Arm",
					"pivot": [-6.5, 37, 7.5],
					"rotation": [-45, 0, 0]
				},
				{
					"name": "Allhand",
					"parent": "Arm2",
					"pivot": [-6.5, 14, 7.5],
					"rotation": [0, -30, 0]
				},
				{
					"name": "Hand",
					"parent": "Allhand",
					"pivot": [-6.5, 14, 8.5],
					"rotation": [15, 25, 10]
				},
				{
					"name": "Hand2",
					"parent": "Hand",
					"pivot": [-6.5, 10, 8.5],
					"rotation": [0, 0, -10]
				},
				{
					"name": "Hand5",
					"parent": "Allhand",
					"pivot": [-6.5, 14, 6.5],
					"rotation": [-15, -15, 10]
				},
				{
					"name": "Hand6",
					"parent": "Hand5",
					"pivot": [-6.5, 10, 6.5],
					"rotation": [0, 0, -10]
				},
				{
					"name": "Hand7",
					"parent": "Allhand",
					"pivot": [-7.5, 15, 5.5],
					"rotation": [-40, 15, -25]
				},
				{
					"name": "Hand3",
					"parent": "Allhand",
					"pivot": [-6.5, 14, 7.5],
					"rotation": [0, 0, 10]
				},
				{
					"name": "Hand4",
					"parent": "Hand3",
					"pivot": [-6.5, 10, 7.5],
					"rotation": [0, 0, -10]
				},
				{
					"name": "Block",
					"parent": "Allhand",
					"pivot": [1.60527, 16.73444, -1.66923]
				},
				{
					"name": "Arm5",
					"parent": "Body2",
					"pivot": [-5.5, 58, 7.5],
					"rotation": [-30.039, -0.87694, 19.92401]
				},
				{
					"name": "Arm6",
					"parent": "Arm5",
					"pivot": [-6.5, 37, 7.5],
					"rotation": [-45, 0, 0]
				},
				{
					"name": "Allhand3",
					"parent": "Arm6",
					"pivot": [-6.5, 14, 7.5],
					"rotation": [0, -30, 0]
				},
				{
					"name": "Hand15",
					"parent": "Allhand3",
					"pivot": [-6.5, 14, 8.5],
					"rotation": [15, 25, 10]
				},
				{
					"name": "Hand16",
					"parent": "Hand15",
					"pivot": [-6.5, 10, 8.5],
					"rotation": [0, 0, -10]
				},
				{
					"name": "Hand17",
					"parent": "Allhand3",
					"pivot": [-6.5, 14, 6.5],
					"rotation": [-15, -15, 10]
				},
				{
					"name": "Hand18",
					"parent": "Hand17",
					"pivot": [-6.5, 10, 6.5],
					"rotation": [0, 0, -10]
				},
				{
					"name": "Hand19",
					"parent": "Allhand3",
					"pivot": [-7.5, 15, 5.5],
					"rotation": [-40, 15, -25]
				},
				{
					"name": "Hand20",
					"parent": "Allhand3",
					"pivot": [-6.5, 14, 7.5],
					"rotation": [0, 0, 10]
				},
				{
					"name": "Hand21",
					"parent": "Hand20",
					"pivot": [-6.5, 10, 7.5],
					"rotation": [0, 0, -10]
				},
				{
					"name": "Block2",
					"parent": "Allhand3",
					"pivot": [1.60527, 16.73444, -1.66923]
				},
				{
					"name": "Arm3",
					"parent": "Body2",
					"pivot": [5.5, 58, 7.5],
					"rotation": [-30.039, 0.87694, -19.92401]
				},
				{
					"name": "Arm4",
					"parent": "Arm3",
					"pivot": [6.5, 37, 7.5],
					"rotation": [-45, 0, 0]
				},
				{
					"name": "Allhand2",
					"parent": "Arm4",
					"pivot": [6.5, 14, 7.5],
					"rotation": [0, 30, 0]
				},
				{
					"name": "Hand8",
					"parent": "Allhand2",
					"pivot": [6.5, 14, 8.5],
					"rotation": [15, -25, -10]
				},
				{
					"name": "Hand9",
					"parent": "Hand8",
					"pivot": [6.5, 10, 8.5],
					"rotation": [0, 0, 10]
				},
				{
					"name": "Hand10",
					"parent": "Allhand2",
					"pivot": [6.5, 14, 6.5],
					"rotation": [-15, 15, -10]
				},
				{
					"name": "Hand11",
					"parent": "Hand10",
					"pivot": [6.5, 10, 6.5],
					"rotation": [0, 0, 10]
				},
				{
					"name": "Hand12",
					"parent": "Allhand2",
					"pivot": [7.5, 15, 5.5],
					"rotation": [-40, -15, 25]
				},
				{
					"name": "Hand13",
					"parent": "Allhand2",
					"pivot": [6.5, 14, 7.5],
					"rotation": [0, 0, -10]
				},
				{
					"name": "Hand14",
					"parent": "Hand13",
					"pivot": [6.5, 10, 7.5],
					"rotation": [0, 0, 10]
				},
				{
					"name": "Arm7",
					"parent": "Body2",
					"pivot": [5.5, 58, 7.5],
					"rotation": [-30.039, 0.87694, -19.92401]
				},
				{
					"name": "Arm8",
					"parent": "Arm7",
					"pivot": [6.5, 37, 7.5],
					"rotation": [-45, 0, 0]
				},
				{
					"name": "Allhand4",
					"parent": "Arm8",
					"pivot": [6.5, 14, 7.5],
					"rotation": [0, 30, 0]
				},
				{
					"name": "Hand22",
					"parent": "Allhand4",
					"pivot": [6.5, 14, 8.5],
					"rotation": [15, -25, -10]
				},
				{
					"name": "Hand23",
					"parent": "Hand22",
					"pivot": [6.5, 10, 8.5],
					"rotation": [0, 0, 10]
				},
				{
					"name": "Hand24",
					"parent": "Allhand4",
					"pivot": [6.5, 14, 6.5],
					"rotation": [-15, 15, -10]
				},
				{
					"name": "Hand25",
					"parent": "Hand24",
					"pivot": [6.5, 10, 6.5],
					"rotation": [0, 0, 10]
				},
				{
					"name": "Hand26",
					"parent": "Allhand4",
					"pivot": [7.5, 15, 5.5],
					"rotation": [-40, -15, 25]
				},
				{
					"name": "Hand27",
					"parent": "Allhand4",
					"pivot": [6.5, 14, 7.5],
					"rotation": [0, 0, -10]
				},
				{
					"name": "Hand28",
					"parent": "Hand27",
					"pivot": [6.5, 10, 7.5],
					"rotation": [0, 0, 10]
				}
			]
		}
	]
}