{
  "format_version": "1.12.0",
  "minecraft:geometry": [
    {
      "description": {
        "identifier": "geometry.vex_head",
        "texture_width": 128,
        "texture_height": 128,
        "visible_bounds_width": 1,
        "visible_bounds_height": 1
      },
      "bones": [
        {
          "name": "head",
          "cubes": [
            {
              "origin": [ -4.0, 0.0, -4.0 ],
              "size": [ 8, 8, 8 ],
              "uv": [ 0, 0 ]
            }
          ]
        }
      ]
    }
  ]
}
