{
	"format_version": "1.12.0",
	"minecraft:geometry": [
		{
			"description": {
				"identifier": "geometry.PigZombie_mutant",
				"texture_width": 176,
				"texture_height": 176,
				"visible_bounds_width": 7,
				"visible_bounds_height": 5,
				"visible_bounds_offset": [0, 1.5, 0]
			},
			"bones": [
				{
					"name": "All",
					"pivot": [0, 0, 0]
				},
				{
					"name": "Leg3",
					"parent": "All",
					"pivot": [5, 14, 8],
					"rotation": [-49.91643, -2.11089, -4.53359],
					"cubes": [
						{"origin": [2, 3, 5], "size": [6, 11, 6], "uv": [72, 92]},
						{"origin": [4, 14, 8], "size": [1, 1, 1], "uv": [32, 148]}
					]
				},
				{
					"name": "Leg4",
					"parent": "Leg3",
					"pivot": [5, 3, 8],
					"rotation": [50, 0, 5],
					"cubes": [
						{"origin": [2, -4, 5], "size": [6, 7, 6], "uv": [0, 131]}
					]
				},
				{
					"name": "Leg",
					"parent": "All",
					"pivot": [-5, 14, 8],
					"rotation": [-49.91643, 2.11089, 4.53359],
					"cubes": [
						{"origin": [-8, 3, 5], "size": [6, 11, 6], "uv": [48, 92]}
					]
				},
				{
					"name": "Leg2",
					"parent": "Leg",
					"pivot": [-5, 3, 8],
					"rotation": [50, 0, -5],
					"cubes": [
						{"origin": [-8, -4, 5], "size": [6, 7, 6], "uv": [88, 114]}
					]
				},
				{
					"name": "Body",
					"parent": "All",
					"pivot": [0.125, 14, 8],
					"rotation": [15, 0, 0],
					"cubes": [
						{"origin": [-6.75, 13.00381, 1.91284], "size": [14, 16, 12], "uv": [0, 42]}
					]
				},
				{
					"name": "Body2",
					"parent": "Body",
					"pivot": [0, 29.00381, 7.91284],
					"rotation": [30, 0, 0],
					"cubes": [
						{"origin": [-12, 28.18465, -0.66073], "size": [24, 12, 16], "uv": [84, 0]}
					]
				},
				{
					"name": "Head",
					"parent": "Body2",
					"pivot": [0, 39.935, 4.52447],
					"rotation": [-45, 0, 0],
					"cubes": [
						{"origin": [-4, 39.935, 0.52447], "size": [8, 8, 8], "uv": [32, 70]},
						{"origin": [-4, 39.935, 0.52447], "size": [8, 8, 8], "inflate": 0.5, "uv": [0, 70]}
					]
				},
				{
					"name": "Arm",
					"parent": "Body2",
					"pivot": [-13, 34.44244, 8.13694],
					"rotation": [-21.80633, 5.68422, 20],
					"cubes": [
						{"origin": [-15.75, 21.83502, 4.88714], "size": [6, 16, 6], "uv": [24, 92]}
					]
				},
				{
					"name": "Arm2",
					"parent": "Arm",
					"pivot": [-16, 22.44244, 8.13694],
					"rotation": [-60, 0, 0],
					"cubes": [
						{"origin": [-15.75, 5.92241, 5.53808], "size": [6, 16, 6], "uv": [0, 92]}
					]
				},
				{
					"name": "Weapon",
					"parent": "Arm2",
					"pivot": [-13, 10, 10],
					"cubes": [
						{"origin": [-14, 9, -11], "size": [2, 2, 40], "uv": [0, 0]},
						{"origin": [-15, 8, -19], "size": [4, 4, 8], "uv": [24, 131]},
						{"origin": [-13.5, 12, -18], "size": [1, 11, 6], "uv": [62, 131]},
						{"origin": [-13.5, -3, -18], "size": [1, 11, 6], "uv": [48, 131]},
						{"origin": [-13.5, 12, -12], "size": [1, 7, 10], "pivot": [-13, 12.5, -12], "rotation": [30, 0, 0], "uv": [66, 114]},
						{"origin": [-13.5, -1.67949, -22], "size": [1, 7, 10], "pivot": [-13, -12.5, -12], "rotation": [-30, 0, 0], "uv": [44, 114]},
						{"origin": [-13.5, -15, -20.76537], "size": [1, 7, 10], "pivot": [-13, 12.5, 36], "rotation": [-30, 0, 0], "uv": [22, 114]},
						{"origin": [-13.5, 25.32051, -10.76537], "size": [1, 7, 10], "pivot": [-13, -12.5, 36], "rotation": [30, 0, 0], "uv": [0, 114]},
						{"origin": [-14, 17, -3.33975], "size": [2, 3, 6], "pivot": [-13, 17.5, -3.33975], "rotation": [120, 0, 0], "uv": [16, 148]},
						{"origin": [-14, -30, -20.66025], "size": [2, 3, 6], "pivot": [-13, -17.5, -3.33975], "rotation": [-120, 0, 0], "uv": [0, 148]},
						{"origin": [-14, -29.76537, 48.33975], "size": [2, 3, 6], "pivot": [-13, 17.5, 27.33975], "rotation": [-120, 0, 0], "uv": [92, 131]},
						{"origin": [-14, 16.76537, 65.66025], "size": [2, 3, 6], "pivot": [-13, -17.5, 27.33975], "rotation": [120, 0, 0], "uv": [76, 131]},
						{"origin": [-14, 20.19615, -23.5], "size": [2, 3, 17], "pivot": [-13, 21.69615, -15], "rotation": [-180, 0, 0], "uv": [90, 42]},
						{"origin": [-14, -43.19615, -23.5], "size": [2, 3, 17], "pivot": [-13, -21.69615, -15], "rotation": [180, 0, 0], "uv": [52, 42]}
					]
				},
				{
					"name": "Arm3",
					"parent": "Body2",
					"pivot": [13, 34.44244, 8.13694],
					"rotation": [-21.80633, -5.68422, -20],
					"cubes": [
						{"origin": [9.75, 21.83502, 4.88714], "size": [6, 16, 6], "uv": [88, 70]}
					]
				},
				{
					"name": "Arm4",
					"parent": "Arm3",
					"pivot": [16, 22.44244, 8.13694],
					"rotation": [-60, 0, 0],
					"cubes": [
						{"origin": [9.75, 5.92241, 5.53808], "size": [6, 16, 6], "uv": [64, 70]}
					]
				}
			]
		}
	]
}