{
  "format_version": "1.10.0",
  "minecraft:client_entity": {
    "description": {
      "identifier": "rhex:mutant_gold_block",
      "materials": {
        "default": "snowball"
      },
      "textures": {
        "default": "textures/entity/gold"
      },
      "geometry": {
        "default": "geometry.Snow_mutant_block"
      },
      "render_controllers": [ "controller.render.item_sprite" ],
      "animations": {
        "flying": "animation.rblock.move"
      },
      "scripts": {
        "animate": [
          "flying"
        ]
      }
    }
  }
} 