{
  "resource_pack_name": "vanilla",
  "texture_name": "atlas.items",
  "texture_data": {
    "mutantspawneggs": {
      "textures": [
    "textures/items/megg/zombie",
        "textures/items/megg/creeper",
        "textures/items/megg/enderman",
        "textures/items/megg/skeleton",
        "textures/items/megg/snowgolem",
        "textures/items/megg/spiderpig",
        "textures/items/megg/MutantSpawnEgg",
        "textures/items/megg/MutantSpawnEggOverLay",
        "textures/items/megg/creeper_minion",
        "textures/items/megg/pigzombie",
        "textures/items/megg/drowned",
        "textures/items/megg/brutepiglin",
        "textures/items/megg/vex",
        "textures/items/megg/villager",
        "textures/items/megg/zombievillager",
        "textures/items/megg/evoker",
        "textures/items/megg/vindicator",
        "textures/items/megg/stray",
        "textures/items/megg/wither_skeleton"
      ]
    },
    "xxx": {
      "textures": "textures/items/xxx"
    },
    "snowgolemold": {
      "textures": "textures/items/megg/snowgolemold"
    },
    "rhexitem_hulk_hammer": {
      "textures": "textures/items/rhexitem_hulk_hammer"
    },
    "stick": {
      "textures": "textures/items/stick"
    }
  }
}