{
  "format_version": "1.10.0",
  "minecraft:client_entity": {
    "description": {
      "identifier": "rhex:mutant_villager",
      "materials": { "default": "iron_golem" }, 
      "textures": {
        "default": "textures/entity/mutant/villagerr"
      },
      "geometry": {
        "default": "geometry.Villager_mutant"     
      },
      "animations": {
        "root": "controller.animation.all.root",
        "root2": "controller.animation.mutant.general",
        "root3": "controller.animation.mutant.jump",
        "root4": "controller.animation.mutant.cast",
        "root5": "controller.animation.mutant.hurt",
        "root6": "controller.animation.mutant.block",
        //by rhex mcpe
        
        "block": "animation.Piglin_brute_mutant.cast",
        "cast": "animation.Zombie_mutant.smash",
        "hurt": "animation.Piglin_brute_mutant.charge",
        "general": "animation.Enderman_mutant.general",
        "move": "animation.Zombie_mutant.walk",
        "attack": "animation.Zombie_mutant.smash",
        "jump": "animation.Zombie_mutant.smash",
        "look_at_target": "animation.mutant.look_at_target",
        "roar": "animation.Piglin_mutant.roar",
        "roar_move": "animation.Zombie_mutant.roar"
      },
      "scripts": {
      "pre_animation": [
          "variable.tcos0 = (Math.cos(query.modified_distance_moved * 38.17) * query.modified_move_speed / variable.gliding_speed_value) * 57.3;"
          ],
        "animate": [
          "root",
          "root2",
          "root3",
          "root4",
          "root5",
          "root6"
        ]
      }, 
      "render_controllers": [ "controller.render.iron_golem" ],
    "spawn_egg": {
        "texture": "mutantspawneggs",
        "texture_index": 13
      }
    }
  }
}

