{
  "format_version": "1.10.0",
  "minecraft:client_entity": {
    "description": {
      "identifier": "rhex:mutant_vex",
      "materials": { "default": "vex" }, 
      "textures": {
        "default": "textures/entity/future/vex_mutant",
        "charging": "textures/entity/future/vex_mutant_charge"
      },
      "geometry": {
        "default": "geometry.Vex_mutant"
        
      },
      "animations": {
        "root": "controller.animation.all.root",
        "root2": "controller.animation.mutant.general",
        "root3": "controller.animation.vex_attack.effect",
        "root4": "controller.animation.mutant.chargiiing",
        //by rhex mcpe
        "chargiiing": "animation.Vex_mutant.charge",
        "general": "animation.vex2.move",
        "move": "animation.Zombie_mutant.walk",
        "attack": "animation.PigZombie_mutant.smash",
        "jump": "animation.Zombie_mutant.smash",
        "look_at_target": "animation.mutant.look_at_target",
        "roar": "animation.Zombie_mutant.roar",
        "roar_move": "animation.Zombie_mutant.roar"
      },
      "scripts": {
      "pre_animation": [
          "variable.tcos0 = (Math.cos(query.modified_distance_moved * 38.17) * query.modified_move_speed / variable.gliding_speed_value) * 57.3;"
          ],
        "animate": [
          "root",
          "root2",
          "root3",
          "root4"
        ]
      },
      "particle_effects": {
        "vex_effect": "rhex:vexattack"
      }, 
      "render_controllers": [ "controller.render.mvexm" ],
    "spawn_egg": {
        "texture": "mutantspawneggs",
        "texture_index": 12
      }
    }
  }
}

