{
  "format_version": "1.10.0",
  "minecraft:entity": {
    "description": {
      "identifier": "rhex:mutant_creeper",
      "is_spawnable": true,
      "is_summonable": true,
      "is_experimental": false,
    "scripts": {
        "animate": [
          "dead"
        ]
      },
      "animations": {
        "dead": "controller.animation.mdead"
      }
    },
    "component_groups": {
      "calm": {
        "minecraft:on_target_acquired": {
          "event": "angry",
          "target": "self"
        }
      },
      "angry": {
      "minecraft:on_target_escape": {
        "event": "calm",
        "target": "self"
        }
      },
      "explode": {
      "minecraft:is_charged": {
        },
        "minecraft:is_shaking": {
        },
        
      "minecraft:spawn_entity": [
	    {
		  "min_wait_time": 1.16,
		  "max_wait_time": 1.16,
		  "num_to_spawn": 1,
		  "single_use": true,
		  "spawn_entity": "rhex:mexplode"
		}
	  ],
	"minecraft:mob_effect": {
          "effect_range": 10,
          "mob_effect": "slowness",
          "effect_time": 3,
          "entity_filter": {
            "any_of": [
              { "test": "is_family", "subject": "other", "value": "player" },
              { "test": "is_family", "subject": "other", "value": "mob" },
              { "test": "is_family", "subject": "other", "value": "monster" }
            ] 
        }
      },
	"minecraft:spell_effects": {
          "add_effects": [
            {
              "effect": "resistance",
              "amplifier": 255,
              "visible": false,
              "ambient": false,
              "duration": 2
            }
          ]
          },
				"minecraft:timer": {
          "looping": false,
			"time": [2.08, 2.08],
          "time_down_event": {
          "event": "melee"
          }
          }
          },
          "target_movement": {
          "minecraft:movement": {
        "value": 0.45
        }
      },
      "heal": {
      "minecraft:is_sheared": {
          },
      "minecraft:spawn_entity": [
	    {
		  "min_wait_time": 2.0,
		  "max_wait_time": 2.5,
		  "num_to_spawn": 6,
		  "single_use": true,
		  "spawn_entity": "rhex:creeper_minion"
		}
	  ],
	
      "minecraft:spell_effects": {
          "add_effects": [
            {
              "effect": "resistance",
              "amplifier": 255,
              "visible": false,
              "ambient": false,
              "duration": 5
              },
            {
              "effect": "regeneration",
              "amplifier": 3,
              "visible": false,
              "ambient": false,
              "duration": 5
            }
          ]
          },
          "minecraft:mob_effect": {
          "effect_range": 10,
          "mob_effect": "weakness",
          "effect_time": 1,
          "entity_filter": {
            "any_of": [
              { "test": "is_family", "subject": "other", "value": "player" },
              { "test": "is_family", "subject": "other", "value": "mob" },
              { "test": "is_family", "subject": "other", "value": "monster" }
            ] 
        }
      },
      "minecraft:is_shaking": {
        },
      "minecraft:timer": {
          "looping": false,
			"time": [5.04, 5.04],
          "time_down_event": {
          "event": "melee"
          }
          }
          },
          "demove": {
          "minecraft:movement": {
        "value": 0.0
        }
      },
      "movement": {
          "minecraft:movement": {
        "value": 0.30
        }
      },
      "spell": {
      "minecraft:spell_effects": {
          "add_effects": [
            {
              "effect": "resistance",
              "amplifier": 1,
              "visible": false,
              "ambient": false,
              "duration": 999999
              },
            {
              "effect": "regeneration",
              "amplifier": 1,
              "visible": false,
              "ambient": false,
              "duration": 999999
            }
          ]
          }
          },
          "dead": {
          "minecraft:scale": {
        "value": 0.0
      },
"minecraft:transformation": {
          "into": "rhex:mutant_creeper_dead",
          "delay": 0
        }
        },
        "become_charged": {
        "minecraft:scale": {
        "value": 0.0
      },
"minecraft:transformation": {
          "into": "rhex:cmutant_creeper<calm>",
          "delay": 0
        }
        },
      "melee": {  
      "minecraft:behavior.melee_attack": {
        "priority": 2,
        "speed_multiplier": 1.25,
        "track_target": false
      },
      "minecraft:behavior.delayed_attack": {
          "priority": 1,
          "reach_multiplier": 3,
          "attack_duration": 0.76,
          "hit_delay_pct": 0.32,
          "track_target": true,
          "sound_event": "attack.strong"
        },
        "minecraft:timer": {
          "looping": false,
			"time": [12, 21],
          "time_down_event": {
          "event": "heal_or_explode"
          }
          }
          }
          },

    "components": {
      "minecraft:experience_reward": {
        "on_death": "query.last_hit_by_player ? 99 : 0"
      },
      "minecraft:type_family": {
        "family": [ "rhexcreeper", "creeper", "monster", "mob" ]
      },
      
      "minecraft:damage_sensor": {
        "triggers": [
          {
          "on_damage": {
            "filters": {
              "test": "is_family",
              "subject": "other",
              "value": "rhexcreeper"
            }
          },
          "deals_damage": false
        },
        {
        "on_damage": {
              "filters": { "test" :  "is_family", "subject" : "other", "value" :  "lightning" },
              "event": "become_charged"
            },
            "deals_damage": false
          }
          ]
          },
"minecraft:knockback_resistance": {
        "value": 1.0
      },
      "minecraft:breathable": {
        "total_supply": 15,
        "suffocate_time": 0
      },
      "minecraft:nameable": {
      },
      "minecraft:scale": {
          "value": 1.20
      
     },
      "minecraft:collision_box": {
        "width": 1.2,
        "height": 2.6
      },
      "minecraft:boss": {
        "name":"§4§LMUTANT CREEPER",
        "should_darken_sky": false,
        "hud_range": 14
      },
      "minecraft:follow_range": {
        "value": 45,
        "max": 45
      },
      "minecraft:navigation.walk": {
      "can_path_over_water": true
      },
      "minecraft:break_blocks": {
        "breakable_blocks": [

          "bamboo_sapling",
          "beetroot",
          "brown_mushroom",
          "carrots",
          "carved_pumpkin",
          "chorus_flower",
          "chorus_plant",
          "lit_pumpkin",
          "melon_stem",
          "potatoes",
          "pumpkin",
          "pumpkin_stem",
          "red_flower",
          "red_mushroom",
          "reeds",
          "sapling",
          "sweet_berry_bush",
          "vine",
          "waterlily",
          "yellow_flower",
          "bamboo",
          "wheat",
          "oak_stairs",
          "spruce_stairs",
          "dark_oak_stairs",
          "birch_stairs",
          "acacia_stairs",
          "carved_pumpkin",
          "leaves",
          "leaves2",
          "lit_pumpkin",
          "melon_block",
          "spruce_door",
          "oak_door",
          "birch_door",
          "acacia_door",
          "ice",
          "dark_oak_door",
          "turtle_egg",
          "wood_planks",
          "fence",
          "redstone_wire",
          "glass",
          "glass_pane",
          "slab",
          "wool",
          "bed",
          "planks",
          "ladder",
          "scaffolding",
          "trapdoor",
          "acacia_trapdoor",
          "planks_jungle",
          "cactus"
        ]
      },
      
      "minecraft:movement.basic": {

      },
      "minecraft:jump.static": {
      },
      "minecraft:can_climb": {
      },
      "minecraft:loot": {
        "table": "loot_tables/mutant/rcreeper.json"
      },
      "minecraft:health": {
        "value": 120,
        "max": 120
      },
      "minecraft:hurt_on_condition": {
        "damage_conditions": [
          {
            "filters": { "test": "in_lava", "subject": "self", "operator": "==", "value": true },
            "cause": "lava",
            "damage_per_tick": 4
          }
        ]
      },
      "minecraft:attack": {
        "damage": 12
      },
      "minecraft:behavior.float": {
        "priority": 0
      },
      "minecraft:behavior.swell": {
        "start_distance": 2.5,
        "stop_distance": 6.0,
        "priority": 2
      },
      "minecraft:behavior.avoid_mob_type": {
        "priority": 3,
        "entity_types": [
          {
            "filters": {
              "any_of": [
                { "test" :  "is_family", "subject" : "other", "value" :  "mocelot"},
                { "test" :  "is_family", "subject" : "other", "value" :  "mcat"}
              ]
            },
            "max_dist": 6,
            "sprint_speed_multiplier": 1.2
          }
        ]
      },
      "minecraft:behavior.random_stroll": {
        "priority": 5,
        "speed_multiplier": 1
      },
      "minecraft:behavior.look_at_player": {
        "priority": 6,
        "look_distance": 8
      },
      "minecraft:behavior.random_look_around": {
        "priority": 6
      },
      "minecraft:behavior.summon_entity": {
        "priority": 1,
        "summon_choices": [
          {
            "weight": 100,
            "cooldown_time": 999999,
            "cast_duration": 0,
            "sequence": [
              {
                "target": "target",
                "base_delay": 0,
                "num_entities_spawned": 1,
                "entity_type": "rhex:mctarget",
                "size": 0.0,
                "entity_lifespan": 0.1
              }
            ]
          }
        ]
      },
      "minecraft:behavior.nearest_attackable_target": {
          "priority": 4,
          "attack_interval": 1,
          "reselect_targets": true,
          "entity_types": [
            {
              "filters": {
                "any_of": [
                  { "test" :  "is_family", "subject" : "other", "value" :  "player"},
                  { "test" :  "has_tag", "subject" : "other", "value" :  "mctarget"},
                  { "test" :  "has_tag", "subject" : "other", "value" :  "target"},
                  { "test" :  "is_family", "subject" : "other", "value" :  "cat"},
                  { "test" :  "is_family", "subject" : "other", "value" :  "ocelot"}
                ] 
              },
              "max_dist": 35
            }
          ],
          "must_see": true
        },
      "minecraft:behavior.hurt_by_target": {
        "priority": 1,
        "entity_types": {
          "filters": { "test": "is_family", "subject": "other", "operator": "!=", "value": "rhexcreeper" }
        }
      },
      "minecraft:physics": {
      },
      "minecraft:pushable": {
        "is_pushable": true,
        "is_pushable_by_piston": true
      }
    },

    "events": {
    "minecraft:entity_spawned": {
        "add": {
          "component_groups": [
          "spell",
            "calm",
            "movement"
          ]
        }
      },
      "mutant": {
        "add": {
          "component_groups": [
          "spell",
            "calm",
            "movement"
          ]
        }
      },
      "dead": {
        "add": {
          "component_groups": [
            "dead"
          ]
        }
      },
      "become_charged": {
        "add": {
          "component_groups": [
            "become_charged"
          ]
        }
      },
      "calm": {
        "remove": {
          "component_groups": [
            "angry",
            "melee",
            "explode",
            "heal",
            "target_movement"
          ]
        },
        "add": {
          "component_groups": [
          "spell",
            "calm",
            "movement"
          ]
        }
      },
      "angry": {
        "remove": {
          "component_groups": [
            "calm",
            "movement"
          ]
        },
        "add": {
          "component_groups": [
          "spell",
            "angry",
            "melee",
            "target_movement"
          ]
        }
      },
      "heal_or_explode": {
      "randomize": [
          {
            "weight": 100,
            "remove": {
              "component_groups": [
              "spell",
              "melee",
                "heal"
                
              ]
            },
            "add": {
              "component_groups": [         
                "explode",
                "demove"
              ]
            }
          },
          {
            "weight": 100,
            "remove": {
              "component_groups": [
              "spell",
              "explode",
                "melee"
              ]
            },
            "add": {
              "component_groups": [
                "heal",               
                "demove"
              ]
            }
          }
        ]
      },
      "minecraft:start_exploding_forced": {
        "sequence": [
          {
            "filters": {
              "test": "has_component",
              "operator": "!=",
              "value": "minecraft:is_charged"
            },
            "add": {
              "component_groups": [
                "minecraft:forced_exploding"
              ]
            }
          },
          {
            "filters": {
              "test": "has_component",
              "value": "minecraft:is_charged"
            },
            "add": {
              "component_groups": [
                "minecraft:forced_charged_exploding"
              ]
            }
          }
        ]
      },
      "minecraft:start_exploding": {
        "sequence": [
          {
            "filters": {
              "test": "has_component",
              "operator": "!=",
              "value": "minecraft:is_charged"
            },
            "add": {
              "component_groups": [
                "minecraft:exploding"
              ]
            }
          },
          {
            "filters": {
              "test": "has_component",
              "value": "minecraft:is_charged"
            },
            "add": {
              "component_groups": [
                "minecraft:charged_exploding"
              ]
            }
          }
        ]
      },
      "minecraft:stop_exploding": {
        "remove": {
          "component_groups": [
            "minecraft:exploding"
          ]
        }
      },
      "melee": {
        "remove": {
          "component_groups": [
            "heal",
            "explode",
            "demove"
          ]
        },
        "add": {
          "component_groups": [
          "spell",
            "melee",
            "target_movement"
          ]
        }
      },   
      "minecraft:become_charged": {
        "remove": {
          "component_groups": [
            "minecraft:exploding"
          ]
        },
        "add": {
          "component_groups": [
            "minecraft:charged_creeper"
          ]
        }
      }
    }
  }
}