{
    "format_version": "1.10.0",
  "minecraft:entity": {
    "description": {
      "identifier": "rhex:mutant_creeper_dead",
      "is_spawnable": false,
      "is_summonable": true,
      "is_experimental": false,
      "runtime_identifier": "minecraft:creeper", 
    "scripts": {
        "animate": [
          "suck"
         
        ]
      },
      "animations": {
        "suck": "controller.animation.mcdr"
        
      }
    },
    "component_groups": 
    {
          
    "effect2": {
        "minecraft:scale_by_age": {
          "start_scale": 0.70,
          "end_scale": 1.70
        },
        "minecraft:ageable": {
          "duration": 1.0,
  
          "grow_up": {
            "event": "xxx",
            "target": "self"
          } 
        }
        },
    "effect": {
        "minecraft:scale_by_age": {
          "start_scale": 1.20,
          "end_scale": 0.70
        },
        "minecraft:ageable": {
          "duration": 4.0,
  
          "grow_up": {
            "event": "effect2",
            "target": "self"
          } 
        }
        }
        },
    "components": {
    "minecraft:is_shaking": {
        },
          "minecraft:explode": {
            "fuse_length": 5.0,
            "fuse_lit": true,
            "power": 16,
            "causes_fire": false,
            "destroy_affected_by_griefing": true
            
          
        },
"minecraft:is_charged": {
          },        
        "minecraft:behavior.swell": {
          "start_distance": 2.5,
          "stop_distance": 6.0,
          "priority": 2
        },
        "minecraft:spawn_entity": [
	    {
		  "min_wait_time": 0,
		  "max_wait_time": 0,
		  "num_to_spawn": 50,
		  "single_use": true,
		  "spawn_entity": "minecraft:xp_orb"
		}
	  ],
      "minecraft:behavior.float": {
        "priority": 0
      },
      "minecraft:type_family": {
        "family": [ "inanimate", "rhexcreeper", "creeper" ]
      },
      "minecraft:collision_box": {
        "width": 0.8,
        "height": 3.5
      },
    "minecraft:timer": {
          "looping": false,
          "time": 0,
          "time_down_event": {
            "event": "effect"
            }
          },
        "minecraft:scale": {
          "value": 1.20
        },
        "minecraft:health": {
        "value": 1,
        "min": 1,
        "max": 1
      },
       "minecraft:knockback_resistance": {
         "value": 1.0
      },
      "minecraft:pushable": {
        "is_pushable": false,
        "is_pushable_by_piston": false
      },
      "minecraft:physics": {
      }
      },
    "events": {
      "effect": {
        "add": {
          "component_groups": [
            "effect"
          ]
        }
      },
      "effect3": {
        "add": {
          "component_groups": [
            "effect3"
          ]
        }
      },
      "effect2": {
        "add": {
          "component_groups": [
            "effect2"
          ]
        }
      }
    }
  }
}
