{
  "format_version": "1.8.0",
  "minecraft:entity": {
    "description": {
      "identifier": "rhex:mexplode",
      "is_spawnable": false,
      "is_summonable": true,
      "is_experimental": false
    },

    "component_groups": {
    },
	
    "components": {
      "minecraft:type_family": {
        "family": [ "rhexcreeper", "inanimate" ]
      },
      "minecraft:collision_box": {
        "width": 0.98,
        "height": 0.98
      },
"minecraft:damage_sensor": {
        "triggers":[ {
          "on_damage": {
            "filters": {
              "test": "is_family",
              "subject": "other",
      "value": "rhexcreeper"
            }
          },
          "deals_damage": false
        }
]
},
      "minecraft:explode": {
        "fuseLength": 0,
        "fuseLit": true,
        "power": 8,
        "causesFire": false,
            "destroy_affected_by_griefing": true
      },
	    "minecraft:physics": {
      }
    },
    
    "events": {
      "from_explosion": {
        "add": {
          "component_groups": [
            "from_explosion"
          ]
        }
      }
    }
  }
}
