{
	"format_version": "1.12.0",
	"minecraft:geometry": [
		{
			"description": {
				"identifier": "geometry.Enderman_mutant_soul",
				"texture_width": 128,
				"texture_height": 64,
				"visible_bounds_width": 7,
				"visible_bounds_height": 7,
				"visible_bounds_offset": [0, 2.5, 0]
			},
			"bones": [
				{
					"name": "Soul",
					"pivot": [0, 0, 0]
				},
				{
					"name": "All",
					"parent": "Soul",
					"pivot": [0, 0, 0]
				},
				{
					"name": "Leg",
					"parent": "All",
					"pivot": [-2.5, 37, 8],
					"rotation": [-25.48918, -3.84097, 14.51082],
					"cubes": [
						{"origin": [-4, 16, 6.5], "size": [3, 15, 3], "uv": [92, 0]},
						{"origin": [-4, 31, 6.5], "size": [3, 6, 3], "inflate": 0.5, "uv": [92, 0]}
					]
				},
				{
					"name": "Leg2",
					"parent": "Leg",
					"pivot": [-2.5, 16, 8],
					"rotation": [32.5, 0, -7.5],
					"cubes": [
						{"origin": [-4, -2, 6.5], "size": [3, 12, 3], "inflate": 0.5, "uv": [104, 0]},
						{"origin": [-4, 10, 6.5], "size": [3, 6, 3], "inflate": 0.25, "uv": [104, 0]}
					]
				},
				{
					"name": "Leg3",
					"parent": "All",
					"pivot": [2.5, 37, 8],
					"rotation": [-25.48918, 3.84097, -14.51082],
					"cubes": [
						{"origin": [1, 16, 6.5], "size": [3, 15, 3], "uv": [92, 0], "mirror": true},
						{"origin": [1, 31, 6.5], "size": [3, 6, 3], "inflate": 0.5, "uv": [92, 0], "mirror": true}
					]
				},
				{
					"name": "Leg4",
					"parent": "Leg3",
					"pivot": [2.5, 16, 8],
					"rotation": [32.5, 0, 7.5],
					"cubes": [
						{"origin": [1, -2, 6.5], "size": [3, 12, 3], "inflate": 0.5, "uv": [104, 0], "mirror": true},
						{"origin": [1, 10, 6.5], "size": [3, 6, 3], "inflate": 0.25, "uv": [104, 0], "mirror": true}
					]
				},
				{
					"name": "Body",
					"parent": "All",
					"pivot": [0, 36, 8],
					"rotation": [15, 0, 0],
					"cubes": [
						{"origin": [-4, 36, 6], "size": [8, 10, 4], "uv": [32, 0]},
						{"origin": [-5, 36, 6], "size": [10, 10, 4], "inflate": -0.5, "uv": [32, 0]}
					],
					"locators": {
						"body": [0, 36, 8]
					}
				},
				{
					"name": "Body2",
					"parent": "Body",
					"pivot": [0, 46, 8],
					"rotation": [15, 0, 0],
					"cubes": [
						{"origin": [-5, 46, 5.5], "size": [10, 10, 5], "inflate": 0.5, "uv": [51, 9]},
						{"origin": [-6, 46, 5.5], "size": [12, 10, 5], "inflate": 0.25, "uv": [51, 9]}
					]
				},
				{
					"name": "Neck",
					"parent": "Body2",
					"pivot": [0, 55.59863, 7.85024],
					"rotation": [15, 0, 0],
					"cubes": [
						{"origin": [-1.5, 55.59863, 6.35024], "size": [3, 5, 3], "uv": [32, 13]}
					]
				},
				{
					"name": "Head",
					"parent": "Neck",
					"pivot": [0, 58.29289, 6.79289],
					"rotation": [-35, 0, 0],
					"cubes": [
						{"origin": [-4, 61.03171, -0.39959], "size": [8, 6, 8], "uv": [0, 0]},
						{"origin": [-4, 59.03171, -0.39959], "size": [8, 2, 8], "uv": [0, 14]}
					]
				},
				{
					"name": "Mouth",
					"parent": "Head",
					"pivot": [0, 61.03171, 7.60038],
					"cubes": [
						{"origin": [-4, 60.03171, -0.39962], "size": [8, 3, 8], "uv": [0, 13]},
						{"origin": [-4, 59.03171, -0.39962], "size": [8, 2, 8], "inflate": 0.1, "uv": [0, 24]},
						{"origin": [-4, 58.03171, -0.39962], "size": [8, 2, 8], "inflate": -0.25, "uv": [0, 24]}
					]
				},
				{
					"name": "Arm",
					"parent": "Body2",
					"pivot": [-6.5, 53.36467, 7.99303],
					"rotation": [-10.039, -0.87694, 24.92401],
					"cubes": [
						{"origin": [-7.57804, 37.56388, 7.07335], "size": [3, 12, 3], "uv": [0, 34]},
						{"origin": [-7.57804, 49.56388, 7.07335], "size": [3, 6, 3], "inflate": 0.5, "uv": [0, 34]},
						{"origin": [-7.57804, 31.56388, 7.07335], "size": [3, 6, 3], "inflate": 0.25, "uv": [0, 51]}
					]
				},
				{
					"name": "Arm2",
					"parent": "Arm",
					"pivot": [-7.5, 32.36467, 7.99303],
					"rotation": [-75, 0, 0],
					"cubes": [
						{"origin": [-7.57804, 10.20877, 7.46962], "size": [3, 22, 3], "inflate": 0.5, "uv": [12, 34]}
					]
				},
				{
					"name": "Allhand",
					"parent": "Arm2",
					"pivot": [-5.5, 10.36467, 8.99303],
					"rotation": [0, -15, -15],
					"cubes": [
						{"origin": [-7, 6.36467, 6.49303], "size": [2, 4, 5], "uv": [59, 12]}
					]
				},
				{
					"name": "Block3",
					"parent": "Allhand",
					"pivot": [1.60527, 12.09911, -1.1762]
				},
				{
					"name": "Hand",
					"parent": "Allhand",
					"pivot": [-6, 7.36467, 10.99303],
					"rotation": [10, 0, 10],
					"cubes": [
						{"origin": [-6.5, 3.36467, 10.49303], "size": [1, 4, 1], "inflate": 0.4, "uv": [76, 0]}
					]
				},
				{
					"name": "Hand2",
					"parent": "Hand",
					"pivot": [-6, 3.36467, 10.99303],
					"rotation": [12.5, 0, -25],
					"cubes": [
						{"origin": [-6.5, -0.63533, 10.49303], "size": [1, 4, 1], "inflate": 0.4, "uv": [76, 0]}
					]
				},
				{
					"name": "Hand3",
					"parent": "Allhand",
					"pivot": [-6, 7.36467, 6.99303],
					"rotation": [-10, 0, 10],
					"cubes": [
						{"origin": [-6.5, 3.36467, 6.49303], "size": [1, 4, 1], "inflate": 0.4, "uv": [76, 0]}
					]
				},
				{
					"name": "Hand4",
					"parent": "Hand3",
					"pivot": [-6, 3.36467, 6.99303],
					"rotation": [-10, 0, -25],
					"cubes": [
						{"origin": [-6.5, -0.63533, 6.49303], "size": [1, 4, 1], "inflate": 0.4, "uv": [76, 0]}
					]
				},
				{
					"name": "Hand5",
					"parent": "Allhand",
					"pivot": [-6, 9.36467, 6.99303],
					"rotation": [-35, 0, -5],
					"cubes": [
						{"origin": [-6.5, 6.36467, 6.49303], "size": [1, 3, 1], "inflate": 0.4, "uv": [76, 0]}
					]
				},
				{
					"name": "Hand6",
					"parent": "Hand5",
					"pivot": [-6, 6.36467, 6.99303],
					"rotation": [0, 0, -30],
					"cubes": [
						{"origin": [-6.5, 3.36467, 6.49303], "size": [1, 3, 1], "inflate": 0.4, "uv": [76, 0]}
					]
				},
				{
					"name": "Hand7",
					"parent": "Allhand",
					"pivot": [-6, 8.36467, 8.99303],
					"rotation": [0, 0, 15],
					"cubes": [
						{"origin": [-6.5, 3.36467, 8.49303], "size": [1, 5, 1], "inflate": 0.4, "uv": [76, 0]}
					]
				},
				{
					"name": "Hand8",
					"parent": "Hand7",
					"pivot": [-6, 3.36467, 8.99303],
					"rotation": [0, 0, -20],
					"cubes": [
						{"origin": [-6.5, -1.63533, 8.49303], "size": [1, 5, 1], "inflate": 0.4, "uv": [76, 0]}
					]
				},
				{
					"name": "Arm5",
					"parent": "Body2",
					"pivot": [-6.5, 53.36467, 7.99303],
					"rotation": [-10.039, -0.87694, 24.92401],
					"cubes": [
						{"origin": [-7.57804, 37.56388, 7.07335], "size": [3, 12, 3], "uv": [0, 34]},
						{"origin": [-7.57804, 49.56388, 7.07335], "size": [3, 6, 3], "inflate": 0.5, "uv": [0, 34]},
						{"origin": [-7.57804, 31.56388, 7.07335], "size": [3, 6, 3], "inflate": 0.25, "uv": [0, 51]}
					]
				},
				{
					"name": "Arm6",
					"parent": "Arm5",
					"pivot": [-7.5, 32.36467, 7.99303],
					"rotation": [-75, 0, 0],
					"cubes": [
						{"origin": [-7.57804, 10.20877, 7.46962], "size": [3, 22, 3], "inflate": 0.5, "uv": [12, 34]}
					]
				},
				{
					"name": "Allhand3",
					"parent": "Arm6",
					"pivot": [-5.5, 10.36467, 8.99303],
					"rotation": [0, -15, -15],
					"cubes": [
						{"origin": [-7, 6.36467, 6.49303], "size": [2, 4, 5], "uv": [59, 12]}
					]
				},
				{
					"name": "Block4",
					"parent": "Allhand3",
					"pivot": [1.60527, 12.09911, -1.1762]
				},
				{
					"name": "Hand17",
					"parent": "Allhand3",
					"pivot": [-6, 7.36467, 10.99303],
					"rotation": [10, 0, 10],
					"cubes": [
						{"origin": [-6.5, 3.36467, 10.49303], "size": [1, 4, 1], "inflate": 0.4, "uv": [76, 0]}
					]
				},
				{
					"name": "Hand18",
					"parent": "Hand17",
					"pivot": [-6, 3.36467, 10.99303],
					"rotation": [12.5, 0, -25],
					"cubes": [
						{"origin": [-6.5, -0.63533, 10.49303], "size": [1, 4, 1], "inflate": 0.4, "uv": [76, 0]}
					]
				},
				{
					"name": "Hand19",
					"parent": "Allhand3",
					"pivot": [-6, 7.36467, 6.99303],
					"rotation": [-10, 0, 10],
					"cubes": [
						{"origin": [-6.5, 3.36467, 6.49303], "size": [1, 4, 1], "inflate": 0.4, "uv": [76, 0]}
					]
				},
				{
					"name": "Hand20",
					"parent": "Hand19",
					"pivot": [-6, 3.36467, 6.99303],
					"rotation": [-10, 0, -25],
					"cubes": [
						{"origin": [-6.5, -0.63533, 6.49303], "size": [1, 4, 1], "inflate": 0.4, "uv": [76, 0]}
					]
				},
				{
					"name": "Hand21",
					"parent": "Allhand3",
					"pivot": [-6, 9.36467, 6.99303],
					"rotation": [-35, 0, -5],
					"cubes": [
						{"origin": [-6.5, 6.36467, 6.49303], "size": [1, 3, 1], "inflate": 0.4, "uv": [76, 0]}
					]
				},
				{
					"name": "Hand22",
					"parent": "Hand21",
					"pivot": [-6, 6.36467, 6.99303],
					"rotation": [0, 0, -30],
					"cubes": [
						{"origin": [-6.5, 3.36467, 6.49303], "size": [1, 3, 1], "inflate": 0.4, "uv": [76, 0]}
					]
				},
				{
					"name": "Hand23",
					"parent": "Allhand3",
					"pivot": [-6, 8.36467, 8.99303],
					"rotation": [0, 0, 15],
					"cubes": [
						{"origin": [-6.5, 3.36467, 8.49303], "size": [1, 5, 1], "inflate": 0.4, "uv": [76, 0]}
					]
				},
				{
					"name": "Hand24",
					"parent": "Hand23",
					"pivot": [-6, 3.36467, 8.99303],
					"rotation": [0, 0, -20],
					"cubes": [
						{"origin": [-6.5, -1.63533, 8.49303], "size": [1, 5, 1], "inflate": 0.4, "uv": [76, 0]}
					]
				},
				{
					"name": "Arm3",
					"parent": "Body2",
					"pivot": [6.5, 53.36467, 7.99303],
					"rotation": [-10.039, 0.87694, -24.92401],
					"cubes": [
						{"origin": [4.57804, 37.56388, 7.07335], "size": [3, 12, 3], "uv": [0, 34], "mirror": true},
						{"origin": [4.57804, 49.56388, 7.07335], "size": [3, 6, 3], "inflate": 0.5, "uv": [0, 34], "mirror": true},
						{"origin": [4.57804, 31.56388, 7.07335], "size": [3, 6, 3], "inflate": 0.25, "uv": [0, 51], "mirror": true}
					]
				},
				{
					"name": "Arm4",
					"parent": "Arm3",
					"pivot": [7.5, 32.36467, 7.99303],
					"rotation": [-75, 0, 0],
					"cubes": [
						{"origin": [4.57804, 10.20877, 7.46962], "size": [3, 22, 3], "inflate": 0.5, "uv": [12, 34], "mirror": true}
					]
				},
				{
					"name": "Allhand2",
					"parent": "Arm4",
					"pivot": [5.5, 10.36467, 8.99303],
					"rotation": [0, 15, 15],
					"cubes": [
						{"origin": [5, 6.36467, 6.49303], "size": [2, 4, 5], "uv": [59, 12], "mirror": true}
					]
				},
				{
					"name": "Block2",
					"parent": "Allhand2",
					"pivot": [-1.60527, 12.09911, -1.1762]
				},
				{
					"name": "Hand9",
					"parent": "Allhand2",
					"pivot": [6, 7.36467, 10.99303],
					"rotation": [10, 0, -10],
					"cubes": [
						{"origin": [5.5, 3.36467, 10.49303], "size": [1, 4, 1], "inflate": 0.4, "uv": [76, 0], "mirror": true}
					]
				},
				{
					"name": "Hand10",
					"parent": "Hand9",
					"pivot": [6, 3.36467, 10.99303],
					"rotation": [12.5, 0, 25],
					"cubes": [
						{"origin": [5.5, -0.63533, 10.49303], "size": [1, 4, 1], "inflate": 0.4, "uv": [76, 0], "mirror": true}
					]
				},
				{
					"name": "Hand11",
					"parent": "Allhand2",
					"pivot": [6, 7.36467, 6.99303],
					"rotation": [-10, 0, -10],
					"cubes": [
						{"origin": [5.5, 3.36467, 6.49303], "size": [1, 4, 1], "inflate": 0.4, "uv": [76, 0], "mirror": true}
					]
				},
				{
					"name": "Hand12",
					"parent": "Hand11",
					"pivot": [6, 3.36467, 6.99303],
					"rotation": [-10, 0, 25],
					"cubes": [
						{"origin": [5.5, -0.63533, 6.49303], "size": [1, 4, 1], "inflate": 0.4, "uv": [76, 0], "mirror": true}
					]
				},
				{
					"name": "Hand13",
					"parent": "Allhand2",
					"pivot": [6, 9.36467, 6.99303],
					"rotation": [-35, 0, 5],
					"cubes": [
						{"origin": [5.5, 6.36467, 6.49303], "size": [1, 3, 1], "inflate": 0.4, "uv": [76, 0], "mirror": true}
					]
				},
				{
					"name": "Hand14",
					"parent": "Hand13",
					"pivot": [6, 6.36467, 6.99303],
					"rotation": [0, 0, 30],
					"cubes": [
						{"origin": [5.5, 3.36467, 6.49303], "size": [1, 3, 1], "inflate": 0.4, "uv": [76, 0], "mirror": true}
					]
				},
				{
					"name": "Hand15",
					"parent": "Allhand2",
					"pivot": [6, 8.36467, 8.99303],
					"rotation": [0, 0, -15],
					"cubes": [
						{"origin": [5.5, 3.36467, 8.49303], "size": [1, 5, 1], "inflate": 0.4, "uv": [76, 0], "mirror": true}
					]
				},
				{
					"name": "Hand16",
					"parent": "Hand15",
					"pivot": [6, 3.36467, 8.99303],
					"rotation": [0, 0, 20],
					"cubes": [
						{"origin": [5.5, -1.63533, 8.49303], "size": [1, 5, 1], "inflate": 0.4, "uv": [76, 0], "mirror": true}
					]
				},
				{
					"name": "Arm7",
					"parent": "Body2",
					"pivot": [6.5, 53.36467, 7.99303],
					"rotation": [-10.039, 0.87694, -24.92401],
					"cubes": [
						{"origin": [4.57804, 37.56388, 7.07335], "size": [3, 12, 3], "uv": [0, 34], "mirror": true},
						{"origin": [4.57804, 49.56388, 7.07335], "size": [3, 6, 3], "inflate": 0.5, "uv": [0, 34], "mirror": true},
						{"origin": [4.57804, 31.56388, 7.07335], "size": [3, 6, 3], "inflate": 0.25, "uv": [0, 51], "mirror": true}
					]
				},
				{
					"name": "Arm8",
					"parent": "Arm7",
					"pivot": [7.5, 32.36467, 7.99303],
					"rotation": [-75, 0, 0],
					"cubes": [
						{"origin": [4.57804, 10.20877, 7.46962], "size": [3, 22, 3], "inflate": 0.5, "uv": [12, 34], "mirror": true}
					]
				},
				{
					"name": "Allhand4",
					"parent": "Arm8",
					"pivot": [5.5, 10.36467, 8.99303],
					"rotation": [0, 15, 15],
					"cubes": [
						{"origin": [5, 6.36467, 6.49303], "size": [2, 4, 5], "uv": [59, 12], "mirror": true}
					]
				},
				{
					"name": "Block5",
					"parent": "Allhand4",
					"pivot": [-1.60527, 12.09911, -1.1762]
				},
				{
					"name": "Hand25",
					"parent": "Allhand4",
					"pivot": [6, 7.36467, 10.99303],
					"rotation": [10, 0, -10],
					"cubes": [
						{"origin": [5.5, 3.36467, 10.49303], "size": [1, 4, 1], "inflate": 0.4, "uv": [76, 0], "mirror": true}
					]
				},
				{
					"name": "Hand26",
					"parent": "Hand25",
					"pivot": [6, 3.36467, 10.99303],
					"rotation": [12.5, 0, 25],
					"cubes": [
						{"origin": [5.5, -0.63533, 10.49303], "size": [1, 4, 1], "inflate": 0.4, "uv": [76, 0], "mirror": true}
					]
				},
				{
					"name": "Hand27",
					"parent": "Allhand4",
					"pivot": [6, 7.36467, 6.99303],
					"rotation": [-10, 0, -10],
					"cubes": [
						{"origin": [5.5, 3.36467, 6.49303], "size": [1, 4, 1], "inflate": 0.4, "uv": [76, 0], "mirror": true}
					]
				},
				{
					"name": "Hand28",
					"parent": "Hand27",
					"pivot": [6, 3.36467, 6.99303],
					"rotation": [-10, 0, 25],
					"cubes": [
						{"origin": [5.5, -0.63533, 6.49303], "size": [1, 4, 1], "inflate": 0.4, "uv": [76, 0], "mirror": true}
					]
				},
				{
					"name": "Hand29",
					"parent": "Allhand4",
					"pivot": [6, 9.36467, 6.99303],
					"rotation": [-35, 0, 5],
					"cubes": [
						{"origin": [5.5, 6.36467, 6.49303], "size": [1, 3, 1], "inflate": 0.4, "uv": [76, 0], "mirror": true}
					]
				},
				{
					"name": "Hand30",
					"parent": "Hand29",
					"pivot": [6, 6.36467, 6.99303],
					"rotation": [0, 0, 30],
					"cubes": [
						{"origin": [5.5, 3.36467, 6.49303], "size": [1, 3, 1], "inflate": 0.4, "uv": [76, 0], "mirror": true}
					]
				},
				{
					"name": "Hand31",
					"parent": "Allhand4",
					"pivot": [6, 8.36467, 8.99303],
					"rotation": [0, 0, -15],
					"cubes": [
						{"origin": [5.5, 3.36467, 8.49303], "size": [1, 5, 1], "inflate": 0.4, "uv": [76, 0], "mirror": true}
					]
				},
				{
					"name": "Hand32",
					"parent": "Hand31",
					"pivot": [6, 3.36467, 8.99303],
					"rotation": [0, 0, 20],
					"cubes": [
						{"origin": [5.5, -1.63533, 8.49303], "size": [1, 5, 1], "inflate": 0.4, "uv": [76, 0], "mirror": true}
					]
				}
			]
		}
	]
}