{
	"format_version": "1.12.0",
	"minecraft:geometry": [
		{
			"description": {
				"identifier": "geometry.Enderman_mutant_armor",
				"texture_width": 128,
				"texture_height": 64,
				"visible_bounds_width": 7,
				"visible_bounds_height": 7,
				"visible_bounds_offset": [0, 2.5, 0]
			},
			"bones": [
				{
					"name": "All",
					"pivot": [0, 0, 0]
				},
				{
					"name": "Leg3",
					"parent": "All",
					"pivot": [2.5, 35, 8],
					"rotation": [-30.62994, 5.07855, -14.13272],
					"cubes": [
						{"origin": [1, 14, 6.5], "size": [3, 21, 3], "inflate": 0.5, "uv": [92, 0], "mirror": true}
					]
				},
				{
					"name": "Leg4",
					"parent": "Leg3",
					"pivot": [2.5, 14, 8],
					"rotation": [37.5, 0, 0],
					"cubes": [
						{"origin": [1, -4, 6.5], "size": [3, 18, 3], "inflate": 0.5, "uv": [104, 0], "mirror": true}
					]
				},
				{
					"name": "Leg",
					"parent": "All",
					"pivot": [-2.5, 35, 8],
					"rotation": [-30.62994, -5.07855, 14.13272],
					"cubes": [
						{"origin": [-4, 14, 6.5], "size": [3, 21, 3], "inflate": 0.5, "uv": [92, 0]}
					]
				},
				{
					"name": "Leg2",
					"parent": "Leg",
					"pivot": [-2.5, 14, 8],
					"rotation": [37.5, 0, 0],
					"cubes": [
						{"origin": [-4, -4, 6.5], "size": [3, 18, 3], "inflate": 0.5, "uv": [104, 0]}
					]
				},
				{
					"name": "Body",
					"parent": "All",
					"pivot": [0, 35, 8],
					"rotation": [15, 0, 0],
					"cubes": [
						{"origin": [-4, 35, 6], "size": [8, 10, 4], "inflate": 0.5, "uv": [32, 0]}
					]
				},
				{
					"name": "Body2",
					"parent": "Body",
					"pivot": [0, 45, 8],
					"rotation": [15, 0, 0],
					"cubes": [
						{"origin": [-5, 45, 5.5], "size": [10, 16, 5], "inflate": 0.5, "uv": [51, 9]}
					]
				},
				{
					"name": "Neck",
					"parent": "Body2",
					"pivot": [0, 61, 8],
					"rotation": [15, 0, 0],
					"cubes": [
						{"origin": [-1.5, 61, 6.5], "size": [3, 5, 3], "inflate": 0.5, "uv": [32, 13]}
					]
				},
				{
					"name": "Head",
					"parent": "Neck",
					"pivot": [0, 65, 8],
					"rotation": [-40, 0, 0],
					"cubes": [
						{"origin": [-4, 68, 4], "size": [8, 6, 8], "inflate": 0.5, "uv": [0, 0]},
						{"origin": [-4, 66.00761, 3.82569], "size": [8, 2, 8], "inflate": 0.5, "uv": [0, 14]}
					]
				},
				{
					"name": "Mouth",
					"parent": "Head",
					"pivot": [0, 68, 12],
					"cubes": [
						{"origin": [-4, 65, 4], "size": [8, 3, 8], "inflate": 0.5, "uv": [0, 13]},
						{"origin": [-4, 66, 4], "size": [8, 2, 8], "inflate": 0.5, "uv": [0, 24]}
					]
				},
				{
					"name": "Arm",
					"parent": "Body2",
					"pivot": [-5.5, 58, 7.5],
					"rotation": [-35, 0, 15],
					"cubes": [
						{"origin": [-8, 37, 6], "size": [3, 24, 3], "inflate": 0.5, "uv": [0, 34]}
					]
				},
				{
					"name": "Arm2",
					"parent": "Arm",
					"pivot": [-6.5, 37, 7.5],
					"rotation": [-35, 0, 0],
					"cubes": [
						{"origin": [-8, 13, 6], "size": [3, 24, 3], "inflate": 0.5, "uv": [12, 34]}
					]
				},
				{
					"name": "Allhand",
					"parent": "Arm2",
					"pivot": [-6.5, 14, 7.5],
					"rotation": [0, -30, 0]
				},
				{
					"name": "Hand",
					"parent": "Allhand",
					"pivot": [-6.5, 14, 8.5],
					"rotation": [15, 25, 10],
					"cubes": [
						{"origin": [-7, 9, 8], "size": [1, 5, 1], "inflate": 1, "uv": [76, 0]}
					]
				},
				{
					"name": "Hand2",
					"parent": "Hand",
					"pivot": [-6.5, 10, 8.5],
					"rotation": [0, 0, -10],
					"cubes": [
						{"origin": [-7, 5, 8], "size": [1, 5, 1], "inflate": 1, "uv": [76, 0]}
					]
				},
				{
					"name": "Hand5",
					"parent": "Allhand",
					"pivot": [-6.5, 14, 6.5],
					"rotation": [-15, -15, 10],
					"cubes": [
						{"origin": [-7.5, 9, 6], "size": [1, 5, 1], "inflate": 1, "uv": [76, 0]}
					]
				},
				{
					"name": "Hand6",
					"parent": "Hand5",
					"pivot": [-6.5, 10, 6.5],
					"rotation": [0, 0, -10],
					"cubes": [
						{"origin": [-7.5, 5, 6], "size": [1, 5, 1], "inflate": 1, "uv": [76, 0]}
					]
				},
				{
					"name": "Hand7",
					"parent": "Allhand",
					"pivot": [-7.5, 15, 5.5],
					"rotation": [-40, 15, -25],
					"cubes": [
						{"origin": [-8, 8.5, 5.5], "size": [1, 6, 1], "inflate": 1, "uv": [76, 0], "mirror": true}
					]
				},
				{
					"name": "Hand3",
					"parent": "Allhand",
					"pivot": [-6.5, 14, 7.5],
					"rotation": [0, 0, 10],
					"cubes": [
						{"origin": [-8, 9, 7], "size": [1, 5, 1], "inflate": 1, "uv": [76, 0]}
					]
				},
				{
					"name": "Hand4",
					"parent": "Hand3",
					"pivot": [-6.5, 10, 7.5],
					"rotation": [0, 0, -10],
					"cubes": [
						{"origin": [-8, 5, 7], "size": [1, 5, 1], "inflate": 1, "uv": [76, 0]}
					]
				},
				{
					"name": "Arm5",
					"parent": "Body2",
					"pivot": [-5.5, 58, 7.5],
					"rotation": [-35, 0, 15],
					"cubes": [
						{"origin": [-8, 37, 6], "size": [3, 24, 3], "inflate": 0.5, "uv": [0, 34]}
					]
				},
				{
					"name": "Arm6",
					"parent": "Arm5",
					"pivot": [-6.5, 37, 7.5],
					"rotation": [-35, 0, 0],
					"cubes": [
						{"origin": [-8, 13, 6], "size": [3, 24, 3], "inflate": 0.5, "uv": [12, 34]}
					]
				},
				{
					"name": "Allhand3",
					"parent": "Arm6",
					"pivot": [-6.5, 14, 7.5],
					"rotation": [0, -30, 0]
				},
				{
					"name": "Hand15",
					"parent": "Allhand3",
					"pivot": [-6.5, 14, 8.5],
					"rotation": [15, 25, 10],
					"cubes": [
						{"origin": [-7, 9, 8], "size": [1, 5, 1], "inflate": 1, "uv": [76, 0]}
					]
				},
				{
					"name": "Hand16",
					"parent": "Hand15",
					"pivot": [-6.5, 10, 8.5],
					"rotation": [0, 0, -10],
					"cubes": [
						{"origin": [-7, 5, 8], "size": [1, 5, 1], "inflate": 1, "uv": [76, 0]}
					]
				},
				{
					"name": "Hand17",
					"parent": "Allhand3",
					"pivot": [-6.5, 14, 6.5],
					"rotation": [-15, -15, 10],
					"cubes": [
						{"origin": [-7.5, 9, 6], "size": [1, 5, 1], "inflate": 1, "uv": [76, 0]}
					]
				},
				{
					"name": "Hand18",
					"parent": "Hand17",
					"pivot": [-6.5, 10, 6.5],
					"rotation": [0, 0, -10],
					"cubes": [
						{"origin": [-7.5, 5, 6], "size": [1, 5, 1], "inflate": 1, "uv": [76, 0]}
					]
				},
				{
					"name": "Hand19",
					"parent": "Allhand3",
					"pivot": [-7.5, 15, 5.5],
					"rotation": [-40, 15, -25],
					"cubes": [
						{"origin": [-8, 8.5, 5.5], "size": [1, 6, 1], "inflate": 1, "uv": [76, 0], "mirror": true}
					]
				},
				{
					"name": "Hand20",
					"parent": "Allhand3",
					"pivot": [-6.5, 14, 7.5],
					"rotation": [0, 0, 10],
					"cubes": [
						{"origin": [-8, 9, 7], "size": [1, 5, 1], "inflate": 1, "uv": [76, 0]}
					]
				},
				{
					"name": "Hand21",
					"parent": "Hand20",
					"pivot": [-6.5, 10, 7.5],
					"rotation": [0, 0, -10],
					"cubes": [
						{"origin": [-8, 5, 7], "size": [1, 5, 1], "inflate": 1, "uv": [76, 0]}
					]
				},
				{
					"name": "Arm3",
					"parent": "Body2",
					"pivot": [5.5, 58, 7.5],
					"rotation": [-35, 0, -15],
					"cubes": [
						{"origin": [5, 37, 6], "size": [3, 24, 3], "inflate": 0.5, "uv": [0, 34], "mirror": true}
					]
				},
				{
					"name": "Arm4",
					"parent": "Arm3",
					"pivot": [6.5, 37, 7.5],
					"rotation": [-35, 0, 0],
					"cubes": [
						{"origin": [5, 13, 6], "size": [3, 24, 3], "inflate": 0.5, "uv": [12, 34], "mirror": true}
					]
				},
				{
					"name": "Allhand2",
					"parent": "Arm4",
					"pivot": [6.5, 14, 7.5],
					"rotation": [0, 30, 0]
				},
				{
					"name": "Hand8",
					"parent": "Allhand2",
					"pivot": [6.5, 14, 8.5],
					"rotation": [15, -25, -10],
					"cubes": [
						{"origin": [6, 9, 8], "size": [1, 5, 1], "inflate": 1, "uv": [76, 0], "mirror": true}
					]
				},
				{
					"name": "Hand9",
					"parent": "Hand8",
					"pivot": [6.5, 10, 8.5],
					"rotation": [0, 0, 10],
					"cubes": [
						{"origin": [6, 5, 8], "size": [1, 5, 1], "inflate": 1, "uv": [76, 0], "mirror": true}
					]
				},
				{
					"name": "Hand10",
					"parent": "Allhand2",
					"pivot": [6.5, 14, 6.5],
					"rotation": [-15, 15, -10],
					"cubes": [
						{"origin": [6.5, 9, 6], "size": [1, 5, 1], "inflate": 1, "uv": [76, 0], "mirror": true}
					]
				},
				{
					"name": "Hand11",
					"parent": "Hand10",
					"pivot": [6.5, 10, 6.5],
					"rotation": [0, 0, 10],
					"cubes": [
						{"origin": [6.5, 5, 6], "size": [1, 5, 1], "inflate": 1, "uv": [76, 0], "mirror": true}
					]
				},
				{
					"name": "Hand12",
					"parent": "Allhand2",
					"pivot": [7.5, 15, 5.5],
					"rotation": [-40, -15, 25],
					"cubes": [
						{"origin": [7, 8.5, 5.5], "size": [1, 6, 1], "inflate": 1, "uv": [76, 0]}
					]
				},
				{
					"name": "Hand13",
					"parent": "Allhand2",
					"pivot": [6.5, 14, 7.5],
					"rotation": [0, 0, -10],
					"cubes": [
						{"origin": [7, 9, 7], "size": [1, 5, 1], "inflate": 1, "uv": [76, 0], "mirror": true}
					]
				},
				{
					"name": "Hand14",
					"parent": "Hand13",
					"pivot": [6.5, 10, 7.5],
					"rotation": [0, 0, 10],
					"cubes": [
						{"origin": [7, 5, 7], "size": [1, 5, 1], "inflate": 1, "uv": [76, 0], "mirror": true}
					]
				},
				{
					"name": "Arm7",
					"parent": "Body2",
					"pivot": [5.5, 58, 7.5],
					"rotation": [-35, 0, -15],
					"cubes": [
						{"origin": [5, 37, 6], "size": [3, 24, 3], "inflate": 0.5, "uv": [0, 34], "mirror": true}
					]
				},
				{
					"name": "Arm8",
					"parent": "Arm7",
					"pivot": [6.5, 37, 7.5],
					"rotation": [-35, 0, 0],
					"cubes": [
						{"origin": [5, 13, 6], "size": [3, 24, 3], "inflate": 0.5, "uv": [12, 34], "mirror": true}
					]
				},
				{
					"name": "Allhand4",
					"parent": "Arm8",
					"pivot": [6.5, 14, 7.5],
					"rotation": [0, 30, 0]
				},
				{
					"name": "Hand22",
					"parent": "Allhand4",
					"pivot": [6.5, 14, 8.5],
					"rotation": [15, -25, -10],
					"cubes": [
						{"origin": [6, 9, 8], "size": [1, 5, 1], "inflate": 1, "uv": [76, 0], "mirror": true}
					]
				},
				{
					"name": "Hand23",
					"parent": "Hand22",
					"pivot": [6.5, 10, 8.5],
					"rotation": [0, 0, 10],
					"cubes": [
						{"origin": [6, 5, 8], "size": [1, 5, 1], "inflate": 1, "uv": [76, 0], "mirror": true}
					]
				},
				{
					"name": "Hand24",
					"parent": "Allhand4",
					"pivot": [6.5, 14, 6.5],
					"rotation": [-15, 15, -10],
					"cubes": [
						{"origin": [6.5, 9, 6], "size": [1, 5, 1], "inflate": 1, "uv": [76, 0], "mirror": true}
					]
				},
				{
					"name": "Hand25",
					"parent": "Hand24",
					"pivot": [6.5, 10, 6.5],
					"rotation": [0, 0, 10],
					"cubes": [
						{"origin": [6.5, 5, 6], "size": [1, 5, 1], "inflate": 1, "uv": [76, 0], "mirror": true}
					]
				},
				{
					"name": "Hand26",
					"parent": "Allhand4",
					"pivot": [7.5, 15, 5.5],
					"rotation": [-40, -15, 25],
					"cubes": [
						{"origin": [7, 8.5, 5.5], "size": [1, 6, 1], "inflate": 1, "uv": [76, 0]}
					]
				},
				{
					"name": "Hand27",
					"parent": "Allhand4",
					"pivot": [6.5, 14, 7.5],
					"rotation": [0, 0, -10],
					"cubes": [
						{"origin": [7, 9, 7], "size": [1, 5, 1], "inflate": 1, "uv": [76, 0], "mirror": true}
					]
				},
				{
					"name": "Hand28",
					"parent": "Hand27",
					"pivot": [6.5, 10, 7.5],
					"rotation": [0, 0, 10],
					"cubes": [
						{"origin": [7, 5, 7], "size": [1, 5, 1], "inflate": 1, "uv": [76, 0], "mirror": true}
					]
				}
			]
		}
	]
}