{
  "format_version": "1.8.0",
  "minecraft:client_entity": {
    "description": {
      "identifier": "rhex:mutant_creeper_dead",
      "min_engine_version": "1.8.0",
      "materials": {
        "default": "creeper",
        "charged": "charged_creeper"
      },
      "textures": {
        "default": "textures/entity/mutant/rcreeper",
        "charged": "textures/entity/mutant/creeper_ex"
      },
      "geometry": {
        "default": "geometry.Creeper_mutant",
        "charged": "geometry.Creeper_mutant_dead"
      },
      "spawn_egg": {
        "texture": "spawn_egg",
        "texture_index": 6
      },
      "scripts": {
        "pre_animation": [
        "variable.wobble = Math.sin(query.swell_amount * 5730) * query.swell_amount * 0.01 + 1.0;",
          "variable.swelling_scale1 = (Math.pow(Math.clamp(query.swell_amount, 0.0, 1.0), 4.0) * 0.4 + 1.0) * variable.wobble;",
          "variable.swelling_scale2 = (Math.pow(Math.clamp(query.swell_amount, 0.0, 1.0), 4.0) * 0.1 + 1.0) / variable.wobble;",
          "variable.leg_rot = Math.cos(query.modified_distance_moved * 38.17326) * 80.22 * query.modified_move_speed;",
          "variable.flash = Math.mod(Math.Round(query.swell_amount * 10.0), 2.0);",
          "variable.tcos0 = (Math.cos(query.modified_distance_moved * 38.17) * query.modified_move_speed / variable.gliding_speed_value) * 57.3;",
          "variable.tcos1 = -variable.tcos0;",
          "variable.attack_body_rot_y = Math.sin(Math.sqrt(variable.attack_time) * 360.0) * 11.46;",
          "variable.cos_attack_body_rot_y = Math.cos(variable.attack_body_rot_y);",
          "variable.sin_attack_body_rot_y = Math.sin(variable.attack_body_rot_y);",
          "variable.internal_swim_pos = Math.mod(query.modified_distance_moved, 26.0);",
          "variable.attack = Math.sin((1.0 - (1.0 - variable.attack_time) * (1.0 - variable.attack_time)) * 180.0) * 57.3;",
          "variable.attack2 = Math.sin(variable.attack_time * 180.0) * 57.3;",
          "variable.z_bob = Math.cos(query.life_time * 103.13244) * 2.865 + 2.865;",
          "variable.x_bob = Math.sin(query.life_time * 76.776372) * 2.865;"
        ]
      },
      "animations": {
        "creeper_head": "animation.common.look_at_target",
        "creeper_legs": "animation.creeper.legs",
        "creeper_swelling": "animation.Creeper_mutant.death"
      },
      "animation_controllers": [
        { "creeper_head": "controller.animation.creeper.head" },
        { "creeper_legs": "controller.animation.creeper.legs" },
        { "creeper_swelling": "controller.animation.creeper.swelling" }
      ],
      "render_controllers": [ 
"controller.render.creeper",
"controller.render.creeper_armor"
 ]
    }
  }
}