{
  "format_version": "1.10.0",
  "animation_controllers": {
    "controller.animation.mcjump": {
      "states": {
        "default": {
          "transitions": [
            {
              "walking": "(1.0)"
            }
          ],
          "on_entry": [
            "/tp @s @e[type=rhex:mcjump] ~~2~"
          ]
        },
        "walking": {
          "transitions": [
            {
              "default": "(1.0)"
            }
          ],
          "on_entry": [
            "/tp @s @e[type=rhex:mcjump] ~~2~"
          ]
        }
      }
    }
  }
}