{
  "format_version": "1.10.0",
  "minecraft:client_entity": {
    "description": {
      "identifier": "rhexold:mutant_villager",
      "materials": { "default": "iron_golem" },
      "textures": {
        "default": "textures/entity/oldm/villagerr"
      },
      "geometry": {
        "default": "geometry.Villageroldmutant"
      },
      "animations": {
        "walk": "animation.alloldmutant.walk",
        "move": "animation.alloldmutant.move",
        "walk_to_target": "animation.alloldmutant.walk_to_target",
        "move_to_target": "animation.alloldmutant.move_to_target",
        "attack": "animation.alloldmutant.attack",
        "flower": "animation.alloldmutant.flower",
        "look_at_target": "animation.common.look_at_target",
        "move_controller": "controller.animation.alloldmutant.move",
        "arm_controller": "controller.animation.alloldmutant.arm_movement"
      },
      "scripts": {
        "pre_animation": [
          "variable.modified_tcos0 = Math.clamp(((Math.cos(query.modified_distance_moved * 13.5) * Math.min(query.modified_move_speed, 0.6) / variable.gliding_speed_value) * 25.0), -12.5, 12.5);"
        ],
        "animate": [
          "look_at_target",
          "move_controller",
          "arm_controller"
        ]
      },
      "render_controllers": [ "controller.render.iron_golem" ],
      "spawn_egg": {
        "texture": "spawn_egg",
        "texture_index": 14
      }
    }
  }
}