{
  "format_version": "1.10.0",
  "minecraft:client_entity": {
    "description": {
      "identifier": "rhextitan:iceball",
      "materials": {
        "default": "snowball"
      },
      "textures": {
        "default": "textures/entity/ice"
      },
      "geometry": {
        "default": "geometry.Snow_mutant_block"
      },
      "render_controllers": [ "controller.render.item_sprite" ],
      "animations": {
        "flying": "animation.rblock.move"
      },
      "scripts": {
      "pre_animation": [
          "variable.modified_tcos0 = Math.clamp(((Math.cos(query.modified_distance_moved * 13.5) * Math.min(query.modified_move_speed, 0.6) / variable.gliding_speed_value) * 25.0), -12.5, 12.5);"
        ],
        "scale":"10",
        "animate": [
          "flying"
        ]
      }
    }
  }
} 